Job ID,Job URL,Job Title,Company Name,Status,Timestamp,WP ID
3eb4784ddf22a140,https://nz.linkedin.com/jobs/view/software-engineer-scale-up-at-tapi-4465868776,"Software Engineer, Scale-up",,scraped,2026-09-13T12:52:14.665969,
52b333b50d771612,https://nz.linkedin.com/jobs/view/optometrist-dunedin-at-specsavers-4464414026,Optometrist - Dunedin,,scraped,2026-09-13T12:52:21.102013,
7bf5aefe466a1770,https://nz.linkedin.com/jobs/view/director-of-software-engineering-at-teletrac-navman-4408750667,Director of Software Engineering,Teletrac Navman,posted,2026-09-13T12:52:36.637985,18
599706d2fc7a1b4f,https://nz.linkedin.com/jobs/view/senior-architect-at-wsp-in-new-zealand-4437720822,Senior Architect,WSP in New Zealand,posted,2026-09-13T12:52:48.782800,20
84ec865a91d87585,https://nz.linkedin.com/jobs/view/travel-expert-manukau-at-flight-centre-travel-group-4464088099,Travel Expert - Manukau,,scraped,2026-09-13T12:52:51.380255,
15ae1ebf2cf415bc,https://nz.linkedin.com/jobs/view/expression-of-interest-at-partly-4204882463,Expression of Interest,Partly,posted,2026-09-13T12:53:04.140247,22
c96ed5d83d48be5d,https://nz.linkedin.com/jobs/view/optometrist-wellington-at-bailey-nelson-4463946785,Optometrist - Wellington,,scraped,2026-09-13T12:53:06.656539,
dd729c82b37c3e14,https://nz.linkedin.com/jobs/view/sales%C2%A0development%C2%A0representative%C2%A0-auckland%C2%A0-selling%C2%A0into%C2%A0the%C2%A0usa-at-cotiss-4464405312,Sales Development Representative - Auckland (selling into the USA),Cotiss,posted,2026-09-13T12:53:19.386411,24
1647e7241b1e2193,https://nz.linkedin.com/jobs/view/sales-development-representative-australia-new-zealand-at-remote-4464468729,Sales Development Representative - Australia/ New Zealand,Remote,posted,2026-09-13T12:53:27.726043,26
5bcc809dea7528df,https://nz.linkedin.com/jobs/view/cnc-machinist-at-persol-4463433074,CNC Machinist,,scraped,2026-09-13T12:53:30.262727,
17b1532f3a852925,https://nz.linkedin.com/jobs/view/maintenance-officer-at-travel-%2B-leisure-co-4464981813,Maintenance Officer,Travel + Leisure Co.,posted,2026-09-13T12:53:43.341892,28
fc98aaa9bc4190aa,https://nz.linkedin.com/jobs/view/talent-acquisition-consultant-tech-at-asb-bank-4462217297,Talent Acquisition Consultant | Tech,,scraped,2026-09-13T12:53:45.937402,
4cd37a6d9826c9f3,https://nz.linkedin.com/jobs/view/assistant-store-manager-noel-leeming-napier-at-noel-leeming-4464369690,Assistant Store Manager - Noel Leeming Napier,Noel Leeming,posted,2026-09-13T12:54:02.222978,30
9d98dacff3eac19f,https://nz.linkedin.com/jobs/view/senior-director-technology-strategy-at-seequent-4465118644,"Senior Director, Technology Strategy",,scraped,2026-09-13T12:54:04.759779,
fd6bf15098d26bb7,https://nz.linkedin.com/jobs/view/store-manager-at-mountain-warehouse-4454984668,Store Manager,,scraped,2026-09-13T12:54:11.032263,
e9b0d8b732574993,https://nz.linkedin.com/jobs/view/retail-assistant-manager-northcote-at-petstock-group-4462908369,Retail Assistant Manager | Northcote,,scraped,2026-09-13T12:54:17.729599,
9deabd161f25e2a1,https://nz.linkedin.com/jobs/view/lead-generation-representative-at-xe-com-4464652976,Lead Generation Representative,,scraped,2026-09-13T12:54:24.495553,
d2add58c630e7bd2,https://nz.linkedin.com/jobs/view/cnc-machinist-at-persol-apac-4465385526,CNC Machinist,,scraped,2026-09-13T12:54:30.730475,
730507f190787875,https://nz.linkedin.com/jobs/view/production-planner-scheduler-at-programmed-4466044820,Production Planner - Scheduler,,scraped,2026-09-13T12:54:37.140672,
98bb730867b33f03,https://nz.linkedin.com/jobs/view/sales-consultant-wellington-at-freedom-nz-4465650052,Sales Consultant - Wellington,Freedom NZ,posted,2026-09-13T12:54:50.042401,32
5312c395fef7f438,https://nz.linkedin.com/jobs/view/the-palms-platypus-store-manager-at-platypus-shoes-4456486784,The Palms - Platypus Store Manager,,scraped,2026-09-13T12:54:52.615546,
c9d3887d8832af60,https://nz.linkedin.com/jobs/view/teacher-of-mathematics-at-school-jobs-4463595498,Teacher of Mathematics,School Jobs,posted,2026-09-13T12:55:05.990700,34
6606175c2f18bf1c,https://nz.linkedin.com/jobs/view/software-engineer-database-at-xero-4444500775,Software Engineer - Database,,scraped,2026-09-13T12:55:08.547186,
4366742000e79305,https://nz.linkedin.com/jobs/view/recruiter-at-teksystems-4465657279,Recruiter,TEKsystems,posted,2026-09-13T12:55:20.947866,36
bcef668e6bb466f7,https://nz.linkedin.com/jobs/view/senior-accountant-at-duncan-accounting-4465643825,Senior Accountant,,scraped,2026-09-13T12:55:23.487989,
0e79bf99d57888e7,https://nz.linkedin.com/jobs/view/dynamics-365-f-o-technical-lead-at-capgemini-4450097984,Dynamics 365 F&O Technical Lead,,scraped,2026-09-13T12:55:29.733581,
0d7c137d433c2582,https://nz.linkedin.com/jobs/view/retail-coordinator-repco-wanaka-at-repco-4464452426,Retail Coordinator | Repco Wanaka,Repco,posted,2026-09-13T12:55:46.126650,38
c818eece5d92f8c8,https://nz.linkedin.com/jobs/view/assistant-store-manager-noel-leeming-te-rapa-at-noel-leeming-4464361870,"Assistant Store Manager - Noel Leeming, Te Rapa",Noel Leeming,posted,2026-09-13T12:55:57.175189,40
2c4c83755a79cdd2,https://nz.linkedin.com/jobs/view/senior-software-development-manager-at-lightspeed-commerce-4452226577,Senior Software Development Manager,,scraped,2026-09-13T12:55:59.779015,
19c4f8f3a6532c79,https://nz.linkedin.com/jobs/view/executive-assistant-to-ceo-amp-cfo-at-new-zealand-media-entertainment-nzme-4465065009,Executive Assistant to CEO &amp; CFO,,scraped,2026-09-13T12:56:06.013637,
4d395a8da26b7f1c,https://nz.linkedin.com/jobs/view/steel-detailer-at-archway-recruitment-4456440276,Steel Detailer,,scraped,2026-09-13T12:56:12.131781,
d6e87c3b47b2af79,https://nz.linkedin.com/jobs/view/electrician-at-calect-electrical-limited-4465421073,Electrician,Calect Electrical Limited,posted,2026-09-13T12:56:54.025811,42
9eb8ba75b5a5cf6f,https://nz.linkedin.com/jobs/view/technology-risk-and-assurance-lead-at-southern-cross-health-insurance-4461892298,Technology Risk and Assurance Lead,,scraped,2026-09-13T12:56:56.617972,
91188b12104e7ddb,https://nz.linkedin.com/jobs/view/senior-executive-assistant-at-gallagher-security-4463230629,Senior Executive Assistant,,scraped,2026-09-13T12:57:03.667693,
6145283659da5283,https://nz.linkedin.com/jobs/view/account-executive-mid-market-at-ukg-4464164347,Account Executive - Mid-Market,UKG,posted,2026-09-13T12:57:21.321105,44
bca11c563b685421,https://nz.linkedin.com/jobs/view/class-4-driver-at-mondiale-vgl-4433919516,Class 4 Driver,,scraped,2026-09-13T12:57:23.845768,
79c2ecc51cde9aa2,https://nz.linkedin.com/jobs/view/head-baker-amano-bakery-at-savor-group-4466028950,Head Baker | Amano Bakery,,scraped,2026-09-13T12:57:30.648949,
06077ac8e25ea66e,https://nz.linkedin.com/jobs/view/coordinator-payroll-client-services-apac-at-remote-4462871661,"Coordinator, Payroll Client Services - APAC",Remote,posted,2026-09-13T12:57:43.129061,46
6fedc45de97619f5,https://nz.linkedin.com/jobs/view/property-and-facilities-coordinator-at-habit-health-4464186738,Property and Facilities Coordinator,,scraped,2026-09-13T12:57:45.662183,
b6dc9ac42978ec75,https://nz.linkedin.com/jobs/view/people-partner-%E2%80%93-new-zealand-country-hr-lead-at-marsh-4466031773,People Partner – New Zealand - Country HR Lead,Marsh,posted,2026-09-13T12:58:00.807885,48
a0ae536b91002d0d,https://nz.linkedin.com/jobs/view/pricing-operations-specialist-at-lion-4465638186,Pricing Operations Specialist,,scraped,2026-09-13T12:58:03.411594,
e2d828106c5b9b00,https://nz.linkedin.com/jobs/view/dunedin-sales-and-showroom-manager-at-wright-hotspring-spas-4464589912,Dunedin Sales And Showroom Manager,,scraped,2026-09-13T12:58:10.160170,
789c1490087242f4,https://nz.linkedin.com/jobs/view/trade-marketing-specialist-at-tribe-group-4445637480,Trade Marketing Specialist,,scraped,2026-09-13T12:58:16.332115,
aebca6925d9d2b2d,https://nz.linkedin.com/jobs/view/regional-controller-at-wsp-in-canada-4454247281,Regional Controller,WSP in Canada,posted,2026-09-13T12:58:32.854512,50
f52cca990ab3c318,https://nz.linkedin.com/jobs/view/intermediate-accountant-4465394328,Intermediate Accountant,Ontax Limited,posted,2026-09-13T12:58:41.767618,52
0802cf7766f341e8,https://nz.linkedin.com/jobs/view/p-c-manager-at-stellar-recruitment-4462911435,P&C Manager,,scraped,2026-09-13T12:58:44.368853,
4d0f8f6b3704e6df,https://nz.linkedin.com/jobs/view/senior-cybersecurity-engineer-at-datacom-4465609775,Senior Cybersecurity Engineer,Datacom,posted,2026-09-13T12:59:00.742409,54
37807ec2ddedbc03,https://nz.linkedin.com/jobs/view/intermediate-electrical-engineer-building-services-at-ghd-4463817926,Intermediate Electrical Engineer (Building Services),,scraped,2026-09-13T12:59:03.381947,
b1f3c6761841c411,https://nz.linkedin.com/jobs/view/activations-executive-at-mbm-4452313283,Activations Executive,,scraped,2026-09-13T12:59:10.791824,
eae95414abbbfc92,https://nz.linkedin.com/jobs/view/business-development-support-at-green-by-nature-4461875237,Business Development Support,Green by Nature,posted,2026-09-13T12:59:23.919754,56
a65fdfa365f14164,https://nz.linkedin.com/jobs/view/firmware-engineering-manager-at-trimble-inc-4465345663,Firmware Engineering Manager,Trimble Inc.,posted,2026-09-13T12:59:32.754115,58
4845827e6148cee0,https://nz.linkedin.com/jobs/view/platform-security-engineer-nz-at-partly-4367249382,"Platform Security Engineer, NZ",Partly,posted,2026-09-13T12:59:42.258908,60
8074e0b113624f98,https://nz.linkedin.com/jobs/view/group-finance-director-at-zuru-4452893152,Group Finance Director,,scraped,2026-09-13T12:59:44.846785,
6400904338fcbce6,https://nz.linkedin.com/jobs/view/outside-sales-at-fastsigns-espa%C3%B1a-4462993442,Outside Sales,FASTSIGNS España,posted,2026-09-13T13:00:05.630168,62
7efffea29a6e1b53,https://nz.linkedin.com/jobs/view/bakery-specialist-at-foodstuffs-north-island-limited-4451491581,Bakery Specialist,,scraped,2026-09-13T13:00:08.226684,
099ef982e4575afa,https://nz.linkedin.com/jobs/view/software-engineer-%E2%80%93-frontend-at-lawvu-4456839613,Software Engineer – Frontend,,scraped,2026-09-13T13:00:15.627820,
e3e19a961f893a56,https://nz.linkedin.com/jobs/view/solution-architect-d365-business-central-at-fusion5-4466017253,Solution Architect - D365 Business Central,,scraped,2026-09-13T13:00:21.933105,
952f774916eae58a,https://nz.linkedin.com/jobs/view/senior-data-analyst-at-foodstuffs-north-island-limited-4463590358,Senior Data Analyst,,scraped,2026-09-13T13:00:29.703062,
4ba1c6f99ca2a4de,https://nz.linkedin.com/jobs/view/tech-solution-specialist-instore-at-the-warehouse-group-4464385154,Tech Solution Specialist - InStore,,scraped,2026-09-13T13:00:36.368980,
eff25341ffe44db3,https://nz.linkedin.com/jobs/view/senior-event-producer-at-type-40-4464078150,Senior Event Producer,,scraped,2026-09-13T13:00:42.972946,
8e5ae8e772691a0d,https://nz.linkedin.com/jobs/view/senior-software-engineer-ai-at-future-secure-ai-4445665213,Senior Software Engineer - AI,Future Secure AI,posted,2026-09-13T13:01:01.479298,64
58333bd6e4888d46,https://nz.linkedin.com/jobs/view/assistant-store-manager-richmond-mall-at-pandora-4463584691,Assistant Store Manager (Richmond Mall),,scraped,2026-09-13T13:01:04.026390,
a8e25ffaebd2723f,https://nz.linkedin.com/jobs/view/p-c-manager-business-partnering-at-suncorp-group-4463409968,P&C Manager - Business Partnering,,scraped,2026-09-13T13:01:11.039498,
7a8e75da811ed201,https://nz.linkedin.com/jobs/view/cnc-operator-setter-at-technopak-ltd-4464849682,CNC Operator/Setter,Technopak LTD,posted,2026-09-13T13:01:24.616140,66
a3542b1191397799,https://nz.linkedin.com/jobs/view/merchandiser-rodney-at-coca-cola-europacific-partners-4443905439,Merchandiser - Rodney,Coca-Cola Europacific Partners,posted,2026-09-13T13:01:37.426765,68
3312065316c6b896,https://nz.linkedin.com/jobs/view/nz-platypus-sales-assistants-%E2%80%93-all-nz-locations-expressions-of-interest-at-platypus-shoes-4410955895,NZ Platypus Sales Assistants – All NZ Locations Expressions of Interest,,scraped,2026-09-13T13:01:40.034497,
03fbfea2239899e2,https://nz.linkedin.com/jobs/view/psychologist-at-apm-new-zealand-4417619150,Psychologist,,scraped,2026-09-13T13:01:45.916536,
ef3c7120625e50d5,https://nz.linkedin.com/jobs/view/global-talent-acquisition-director-at-zuru-4460960092,Global Talent Acquisition Director,,scraped,2026-09-13T13:01:53.364710,
8d5dd2957f5feef5,https://nz.linkedin.com/jobs/view/maintenance-supervisor-planning-coordinator-at-alliance-group-limited-4466035864,Maintenance Supervisor & Planning Coordinator,,scraped,2026-09-13T13:02:00.383710,
cbb503bcb5dbf2b9,https://nz.linkedin.com/jobs/view/analyst-%E2%80%93-modelling-specialist-at-the-treasury-new-zealand-4463596511,Analyst – Modelling Specialist,,scraped,2026-09-13T13:02:06.628004,
5715d0d2fe414a54,https://nz.linkedin.com/jobs/view/maintenance-engineer-at-alliance-group-limited-4457092194,Maintenance Engineer,,scraped,2026-09-13T13:02:13.115923,
75a2d9eb81a11570,https://nz.linkedin.com/jobs/view/senior-planner-at-beca-4465658061,Senior Planner,,scraped,2026-09-13T13:02:19.340136,
9b9d6e6f36be3028,https://nz.linkedin.com/jobs/view/strategic-finance-manager-at-the-flex-4464488107,Strategic Finance Manager,,scraped,2026-09-13T13:02:27.023616,
0e04c7f634b62b45,https://nz.linkedin.com/jobs/view/geotechnical-engineer-at-geosolve-ltd-4465319992,Geotechnical Engineer,,scraped,2026-09-13T13:02:33.300645,
fdce9b5a8f383e08,https://nz.linkedin.com/jobs/view/strategic-account-manager-at-cloudbeds-4456328328,Strategic Account Manager,Cloudbeds,posted,2026-09-13T13:02:46.074678,70
8f4b2fa9faeba527,https://nz.linkedin.com/jobs/view/specification-manager-at-comfortech-building-performance-solutions%C2%AE-4464975269,Specification Manager,,scraped,2026-09-13T13:02:48.754190,
2d38cbf62edb45f6,https://nz.linkedin.com/jobs/view/secondary-math-teacher-gisborne-at-oneschool-global-4330527995,Secondary Math Teacher (Gisborne),OneSchool Global,posted,2026-09-13T13:03:06.045028,72
4c143cef5d5fa9c1,https://nz.linkedin.com/jobs/view/manager-fire-and-life-safety-engineering-at-wsp-in-canada-4463823696,"Manager, Fire and Life Safety Engineering",WSP in Canada,posted,2026-09-13T13:03:18.061987,74
a42370e0f20a7143,https://nz.linkedin.com/jobs/view/judges-personal-assistant-at-ministry-of-justice-new-zealand-4464063812,Judges Personal Assistant,,scraped,2026-09-13T13:03:20.655779,
29e686731d02943d,https://nz.linkedin.com/jobs/view/personal-assistant-at-one-new-zealand-4466062461,Personal Assistant,,scraped,2026-09-13T13:03:27.775762,
c2a091c1d038fca6,https://nz.linkedin.com/jobs/view/engineering-hydrologist-at-tonkin-%2B-taylor-4452584798,Engineering Hydrologist,,scraped,2026-09-13T13:03:39.185330,
1294f128f690524c,https://nz.linkedin.com/jobs/view/identity-account-manager-at-palo-alto-networks-4463994375,Identity Account Manager,Palo Alto Networks,posted,2026-09-13T13:03:55.849150,76
e99c485431a8389d,https://nz.linkedin.com/jobs/view/principal-senior-planner-resource-consents-kaiwhakamahere-matua-t%C4%81t%C5%ABnga-taiao-at-nelson-city-council-4465898650,Principal/Senior Planner - Resource Consents | Kaiwhakamahere Matua - Tātūnga Taiao,Nelson City Council,posted,2026-09-13T13:04:09.057969,78
7f5cfeaa31c3c94b,https://nz.linkedin.com/jobs/view/business-support-administrator-at-gallagher-security-4462905837,Business Support Administrator,,scraped,2026-09-13T13:04:11.618940,
3fa9a4d68fa9b0fd,https://nz.linkedin.com/jobs/view/travel-expert-new-plymouth-at-flight-centre-travel-group-4465348802,Travel Expert - New Plymouth,,scraped,2026-09-13T13:04:21.036810,
2a88edba0be1e212,https://nz.linkedin.com/jobs/view/luxury-travel-consultant-howick-at-flight-centre-travel-group-4455274283,Luxury Travel Consultant - Howick,,scraped,2026-09-13T13:04:27.457090,
19571e2367d593c1,https://nz.linkedin.com/jobs/view/whiteware-specialist-noel-leeming-wairau-park-at-noel-leeming-4464360914,"Whiteware Specialist - Noel Leeming, Wairau Park",Noel Leeming,posted,2026-09-13T13:04:43.047002,80
9dc926b85c66f628,https://nz.linkedin.com/jobs/view/optometrist-papanui-at-specsavers-4464423076,Optometrist - Papanui,,scraped,2026-09-13T13:04:45.607795,
de1dcb5943f4abd5,https://nz.linkedin.com/jobs/view/dynamics-365-f-o-developer-technical-lead-at-capgemini-4462584069,Dynamics 365 F&O Developer/Technical Lead,,scraped,2026-09-13T13:04:52.012032,
aecb7d3c8b1dde85,https://nz.linkedin.com/jobs/view/store-manager-the-warehouse-dannevirke-at-the-warehouse-4464378641,"Store Manager - The Warehouse, Dannevirke",,scraped,2026-09-13T13:04:58.297177,
55ece8d7cf6048a1,https://nz.linkedin.com/jobs/view/intermediate-electrical-engineer-building-services-at-ghd-4463835065,Intermediate Electrical Engineer (Building Services),,scraped,2026-09-13T13:05:04.634134,
70d136fcd4e11076,https://nz.linkedin.com/jobs/view/sales-consultant-noel-leeming-queenstown-at-noel-leeming-4464374661,"Sales Consultant - Noel Leeming, Queenstown",Noel Leeming,posted,2026-09-13T13:05:21.391720,82
e58646bb7688dcaa,https://nz.linkedin.com/jobs/view/assistant-store-manager-noel-leeming-lyall-bay-at-noel-leeming-4464373654,"Assistant Store Manager - Noel Leeming, Lyall Bay",Noel Leeming,posted,2026-09-13T13:05:32.927846,84
148daf860e7491e9,https://nz.linkedin.com/jobs/view/sem-senior-manager-at-xero-4464842112,SEM Senior Manager,,scraped,2026-09-13T13:05:35.566078,
a42bae791064c10e,https://nz.linkedin.com/jobs/view/nz-assistant-store-manager-at-mountain-warehouse-4465434215,NZ Assistant Store Manager,,scraped,2026-09-13T13:05:42.274469,
42f500f4627d2f40,https://nz.linkedin.com/jobs/view/dynamics-365-f-o-finance-lead-consultant-at-capgemini-4462908150,Dynamics 365 F&O Finance Lead Consultant,,scraped,2026-09-13T13:05:48.991870,
23405a18d1215e35,https://nz.linkedin.com/jobs/view/recruitment-specialist-at-hamilton-city-council-4461352006,Recruitment Specialist,Hamilton City Council,posted,2026-09-13T13:06:12.326843,86
28aa5cb5516351d4,https://nz.linkedin.com/jobs/view/specialist-operator-chipsealing-at-higgins-4457221144,Specialist Operator - Chipsealing,,scraped,2026-09-13T13:06:14.899627,
77c2a77519c3e93f,https://nz.linkedin.com/jobs/view/occupational-therapist-at-apm-new-zealand-4417602997,Occupational Therapist,,scraped,2026-09-13T13:06:23.873417,
d7a742908ce703f1,https://nz.linkedin.com/jobs/view/real-estate-sales-branch-manager-at-harcourts-otago-4462764059,Real Estate Sales / Branch Manager,,scraped,2026-09-13T13:06:31.356301,
678d81634c7ececc,https://nz.linkedin.com/jobs/view/enterprise-architect-at-craigs-investment-partners-4464070824,Enterprise Architect,,scraped,2026-09-13T13:06:39.528529,
754cee2f7a90aaab,https://nz.linkedin.com/jobs/view/senior-tax-consultant-or-manager-at-findex-4464484016,Senior Tax Consultant or Manager,,scraped,2026-09-13T13:06:46.922375,
16c5e6c35d9987fa,https://nz.linkedin.com/jobs/view/executive-breakfast-producer-the-hits-at-new-zealand-media-entertainment-nzme-4464438152,Executive Breakfast Producer - The Hits,,scraped,2026-09-13T13:06:54.332333,
02264a1b79ab37d3,https://nz.linkedin.com/jobs/view/digital-account-executive-at-microsoft-4455743143,Digital Account Executive,Microsoft,posted,2026-09-13T13:07:07.399072,88
ec6c2ccb0f5555b6,https://nz.linkedin.com/jobs/view/senior-policy-advisor-economic-development-at-ministry-of-business-innovation-and-employment-4457005685,Senior Policy Advisor | Economic Development,,scraped,2026-09-13T13:07:09.979321,
b9a790e7fbe24ff0,https://nz.linkedin.com/jobs/view/business-controller-at-the-heineken-company-4452896640,Business Controller,The HEINEKEN Company,posted,2026-09-13T13:07:27.761174,90
b03b9456bf10f32f,https://nz.linkedin.com/jobs/view/account-executive-at-xero-4464841118,Account Executive,,scraped,2026-09-13T13:07:30.424054,
c9f33b7197d91634,https://nz.linkedin.com/jobs/view/store-manager-at-woolworths-group-4464446028,Store Manager,,scraped,2026-09-13T13:07:36.672776,
95ac176a5a96b7cb,https://nz.linkedin.com/jobs/view/customer-service-operations-attendant-full-time-at-avis-budget-group-4464858059,Customer Service & Operations Attendant (Full-Time),Avis Budget Group,posted,2026-09-13T13:07:51.106872,92
2f87b1a216f87fcc,https://nz.linkedin.com/jobs/view/head-of-hardware-reliability-failure-analysis-at-halter-4378473758,Head of Hardware Reliability & Failure Analysis,,scraped,2026-09-13T13:07:53.637106,
60b37220c6a50cf0,https://nz.linkedin.com/jobs/view/p-c-manager-business-partnering-at-suncorp-group-4463412960,P&C Manager - Business Partnering,,scraped,2026-09-13T13:07:59.955832,
09d863fd348da30f,https://nz.linkedin.com/jobs/view/manager-fire-and-life-safety-engineering-at-wsp-4463005435,"Manager, Fire and Life Safety Engineering",WSP,posted,2026-09-13T13:08:12.179995,74
523b44213069fff3,https://nz.linkedin.com/jobs/view/senior-quantity-surveyor-at-cake-commercial-services-4464596915,Senior Quantity Surveyor,,scraped,2026-09-13T13:08:14.743840,
989a2a5d4ab71f25,https://nz.linkedin.com/jobs/view/accounts-payable-at-qube-4463099590,Accounts Payable,,scraped,2026-09-13T13:08:21.015597,
f7e5ed38ac658436,https://nz.linkedin.com/jobs/view/engineering-hydrologist-at-tonkin-%2B-taylor-4452577780,Engineering Hydrologist,,scraped,2026-09-13T13:08:27.823930,
656e12e2b29bb318,https://nz.linkedin.com/jobs/view/strategic-delivery-partner-at-watercare-services-limited-4464418908,Strategic Delivery Partner,,scraped,2026-09-13T13:08:36.367749,
9879782caac2cf89,https://nz.linkedin.com/jobs/view/accountant-at-archway-recruitment-4456171161,Accountant,,scraped,2026-09-13T13:08:43.290637,
85d0078fe47d82cd,https://nz.linkedin.com/jobs/view/on-site-tech-solutions-specialist-noel-leeming-palmerston-north-at-the-warehouse-group-4464381595,On Site Tech Solutions Specialist- Noel Leeming Palmerston North,,scraped,2026-09-13T13:08:51.072588,
14e5ccefc3ac04a1,https://nz.linkedin.com/jobs/view/senior-media-executive-at-dentsu-aotearoa-4463185509,Senior Media Executive,,scraped,2026-09-13T13:08:57.492972,
f92c83f81b2efbbb,https://nz.linkedin.com/jobs/view/sr-solutions-architect-at-databricks-4462508351,Sr. Solutions Architect,Databricks,posted,2026-09-13T13:09:13.840806,94
6ac92905dd66023e,https://nz.linkedin.com/jobs/view/financial-controller-at-robert-half-4462981951,Financial Controller,Robert Half,posted,2026-09-13T13:09:22.324772,96
c996043fe984ef97,https://nz.linkedin.com/jobs/view/trading-manager-the-warehouse-waipapa-at-the-warehouse-4464364797,"Trading Manager - The Warehouse, Waipapa",,scraped,2026-09-13T13:09:24.910909,
dfbfbefa804fe220,https://nz.linkedin.com/jobs/view/retail-consultant-at-early-settler-4463226945,Retail Consultant,,scraped,2026-09-13T13:09:31.253027,
06311c50151dc16b,https://nz.linkedin.com/jobs/view/mower-operator-at-green-by-nature-4462572209,Mower Operator,Green by Nature,posted,2026-09-13T13:09:44.271569,98
493c69bc55b261d6,https://nz.linkedin.com/jobs/view/principal-scientist-at-instream-consulting-4464969391,Principal Scientist,,scraped,2026-09-13T13:09:46.880449,
91f44cee204b365c,https://nz.linkedin.com/jobs/view/tech-lead-senior-software-engineer-at-momentum-consulting-group-4462693787,Tech Lead | Senior Software Engineer,,scraped,2026-09-13T13:09:54.533863,
11660902f88c3ac1,https://nz.linkedin.com/jobs/view/nz-the-athlete-s-foot-sales-assistant-expression-of-interest-at-the-athlete-s-foot-australia-new-zealand-4408496152,NZ The Athlete's Foot Sales Assistant - Expression of Interest,,scraped,2026-09-13T13:10:01.051698,
89374b62d30ea501,https://nz.linkedin.com/jobs/view/labourer-at-qube-4463946989,Labourer,,scraped,2026-09-13T13:10:07.191301,
c021c7fd6b8f8c90,https://nz.linkedin.com/jobs/view/engineering-team-lead-at-optimal-4460055632,Engineering Team Lead,,scraped,2026-09-13T13:10:13.910168,
938a9f0646ccce8a,https://nz.linkedin.com/jobs/view/account-manager-anz-saas-4044-at-gbg-plc-4464604253,Account Manager ANZ - SaaS (4044),,scraped,2026-09-13T13:10:20.638774,
2fbc99232ba7f5b2,https://nz.linkedin.com/jobs/view/senior-platform-engineer-%E2%80%93-digital-workplace-security-services-at-kiwibank-4463244481,Senior Platform Engineer – Digital Workplace Security Services,Kiwibank,posted,2026-09-13T13:11:13.639755,100
df38b10ee52e3a95,https://nz.linkedin.com/jobs/view/senior-infrastructure-engineer-at-level-4466463065,Senior Infrastructure Engineer,Level,posted,2026-09-13T13:11:22.022655,102
af0e9e416114a63e,https://nz.linkedin.com/jobs/view/chapter-lead-servicenow-engineering-at-asb-bank-4449533572,Chapter Lead - ServiceNow Engineering,,scraped,2026-09-13T13:11:24.658180,
7bb2e011d3f48f99,https://nz.linkedin.com/jobs/view/project-manager-applications-at-dxc-technology-4444874872,Project Manager - Applications,DXC Technology,posted,2026-09-13T13:11:37.750067,104
2364eaa2c1967549,https://nz.linkedin.com/jobs/view/waiter-amano-at-savor-group-4465391925,Waiter | Amano,,scraped,2026-09-13T13:11:40.288708,
678172291b3ee933,https://nz.linkedin.com/jobs/view/technician-waikato-lmt-at-scania-new-zealand-4464433159,Technician - Waikato - LMT,,scraped,2026-09-13T13:11:46.327446,
e319e2d39f42077b,https://nz.linkedin.com/jobs/view/director-enterprise-finance-at-jacksonstone-partners-4464070425,Director Enterprise Finance,,scraped,2026-09-13T13:11:54.051616,
7b9e94b1f188e99b,https://nz.linkedin.com/jobs/view/structural-engineer-at-archway-recruitment-4466057297,Structural Engineer,,scraped,2026-09-13T13:12:07.184654,
5b578d20987972aa,https://nz.linkedin.com/jobs/view/sales-support-manager-at-the-warehouse-4464379596,Sales Support Manager,,scraped,2026-09-13T13:12:15.004264,
f400c5b9f30174e6,https://nz.linkedin.com/jobs/view/property-administrator-at-savills-australia-new-zealand-4461878802,Property Administrator,,scraped,2026-09-13T13:12:21.491700,
faa192e1efabdfa8,https://nz.linkedin.com/jobs/view/property-maintenance-person-at-radius-care-4462970170,Property Maintenance Person,,scraped,2026-09-13T13:12:27.827822,
4707a815fa65f945,https://nz.linkedin.com/jobs/view/bas-intermediate-senior-at-baker-tilly-staples-rodway-4464459884,BAS Intermediate/Senior,,scraped,2026-09-13T13:12:34.475631,
90637552ce03a9ff,https://nz.linkedin.com/jobs/view/devops-engineer-mandarin-speaking-at-global-wave-group-4466017787,DevOps Engineer - Mandarin Speaking,Global Wave Group,posted,2026-09-13T13:12:49.454884,106
40c1531ab9617683,https://nz.linkedin.com/jobs/view/project-manager-at-cook-brothers-construction-cbc-4462552015,Project Manager,,scraped,2026-09-13T13:12:52.037312,
b1f43913e59e85ce,https://nz.linkedin.com/jobs/view/nz-hype-dc-sales-assistant-expression-of-interest-at-hype-dc-pty-limited-4410941953,NZ Hype DC Sales Assistant - Expression of Interest,HYPE DC Pty Limited,posted,2026-09-13T13:13:09.750163,108
0de0eb551f6ace7c,https://nz.linkedin.com/jobs/view/production-planner-scheduler-at-persol-apac-4466031835,Production Planner - Scheduler,,scraped,2026-09-13T13:13:12.271515,
c707ad92b43c8373,https://nz.linkedin.com/jobs/view/assistant-project-manager-at-redpath-partners-4465181393,Assistant Project Manager,,scraped,2026-09-13T13:13:18.808736,
b14bc59f13e15549,https://nz.linkedin.com/jobs/view/account-manager-auckland-at-eatclub-4465835653,Account Manager (Auckland),,scraped,2026-09-13T13:13:25.359105,
f6e4a1a0520e975d,https://nz.linkedin.com/jobs/view/driver-at-team-global-express-4457077651,Driver,,scraped,2026-09-13T13:13:32.929804,
d5a95ef7272ad7e0,https://nz.linkedin.com/jobs/view/healthcare-assistant-full-time-at-radius-care-4464509980,Healthcare Assistant - Full Time,,scraped,2026-09-13T13:13:40.120156,
297ef4cf22cec01d,https://nz.linkedin.com/jobs/view/structural-technician-residential-draughting-team-at-kirk-roberts-consulting-4464510925,Structural Technician - Residential Draughting Team,,scraped,2026-09-13T13:13:46.158661,
d6dae857ce4d0ad8,https://nz.linkedin.com/jobs/view/intermediate-devops-engineer-at-vector-limited-4444115328,Intermediate DevOps Engineer,,scraped,2026-09-13T13:13:53.917659,
ff5ea1c61f5c9de6,https://nz.linkedin.com/jobs/view/senior-intelligence-analyst-senior-customs-officer-grade-2-%E2%80%93-tauranga-at-new-zealand-customs-service-4464159783,Senior Intelligence Analyst (Senior Customs Officer Grade 2) – Tauranga,,scraped,2026-09-13T13:14:02.150862,
fe3b599afd53335f,https://nz.linkedin.com/jobs/view/solutions-engineer-expansion-nz-at-partly-4428035039,"Solutions Engineer, Expansion NZ",Partly,posted,2026-09-13T13:14:16.754519,110
f450d846a1288537,https://nz.linkedin.com/jobs/view/sales-director-at-cloudbeds-4464464221,Sales Director,Cloudbeds,posted,2026-09-13T13:14:24.558246,112
8619de9aefeeb012,https://nz.linkedin.com/jobs/view/fcl-planner-customer-service-coordinator-at-mondiale-vgl-4463566843,FCL Planner & Customer Service Coordinator,,scraped,2026-09-13T13:14:27.141600,
0e362f90eb626581,https://nz.linkedin.com/jobs/view/technical-architect-salesforce-at-datacom-4455582469,Technical Architect | Salesforce,Datacom,posted,2026-09-13T13:14:43.036476,114
4df3f686af1e0c1f,https://nz.linkedin.com/jobs/view/senior-executive-assistant-at-gallagher-4462911689,Senior Executive Assistant,,scraped,2026-09-13T13:14:45.674624,
547c2f9452cc2fa3,https://nz.linkedin.com/jobs/view/principal-protection-engineer-at-worley-4437150078,Principal Protection Engineer,Worley,posted,2026-09-13T13:14:59.996537,116
65e511f53c39e659,https://nz.linkedin.com/jobs/view/advanced-retail-professional-3ic-manawa-bay-factory-outlet-nz-at-adidas-4444110266,"Advanced Retail Professional (3IC) - Manawa Bay Factory Outlet, NZ",,scraped,2026-09-13T13:15:02.586718,
a3ecbfbaf4b3b576,https://nz.linkedin.com/jobs/view/senior-crm-manager-at-envato-4386966589,Senior CRM Manager,,scraped,2026-09-13T13:15:09.141993,
32a50fb33af544f9,https://nz.linkedin.com/jobs/view/trade-territory-representative-tauriko-at-bapcor-limited-4466025936,Trade Territory Representative - Tauriko,,scraped,2026-09-13T13:15:15.655235,
68e7278c8e5380f0,https://nz.linkedin.com/jobs/view/operator-labourer-at-higgins-4462271861,Operator / Labourer,,scraped,2026-09-13T13:15:22.646199,
0955758ccdaacd80,https://nz.linkedin.com/jobs/view/account-manager-wellington-nz-at-bunnings-4457072905,Account Manager - Wellington NZ,Bunnings,posted,2026-09-13T13:15:39.937074,118
292dde8f624dbf56,https://nz.linkedin.com/jobs/view/revenue-assurance-analyst-at-one-new-zealand-4464350503,Revenue Assurance Analyst,,scraped,2026-09-13T13:15:42.572439,
8856683896476d45,https://nz.linkedin.com/jobs/view/application-engineer-sealing-at-motion-asia-pacific-4420250433,Application Engineer - Sealing,,scraped,2026-09-13T13:15:52.125684,
2b478da3d720f525,https://nz.linkedin.com/jobs/view/customer-service-representative-bnt-manukau-at-bapcor-limited-4465876854,Customer Service Representative - BNT Manukau,,scraped,2026-09-13T13:15:59.094815,
bd449e5e56f9201d,https://nz.linkedin.com/jobs/view/retail-assistant-availability-at-woolworths-group-4465624227,Retail Assistant - Availability,,scraped,2026-09-13T13:16:06.067956,
6159d2448fc27b13,https://nz.linkedin.com/jobs/view/project-manager-lower-north-island-at-hawkins-4464432305,Project Manager - Lower North Island,,scraped,2026-09-13T13:16:12.819436,
0daf25127e4a28f0,https://nz.linkedin.com/jobs/view/senior-solicitor-at-hamilton-city-council-4460205252,Senior Solicitor,Hamilton City Council,posted,2026-09-13T13:16:37.672158,120
f836c0fee55c063d,https://nz.linkedin.com/jobs/view/senior-account-director-at-2degrees-4465019523,Senior Account Director,,scraped,2026-09-13T13:16:40.327912,
e96d4f3f716b44ee,https://nz.linkedin.com/jobs/view/people-support-specialist-at-one-new-zealand-4464452910,People Support Specialist,,scraped,2026-09-13T13:16:47.616600,
1fe769a72e86cf1f,https://nz.linkedin.com/jobs/view/chief-financial-officer-finance-commercial-property-at-ministry-of-education-new-zealand-4463241047,"Chief Financial Officer (Finance, Commercial, Property)",,scraped,2026-09-13T13:16:56.254999,
724f5b7fea1d1fab,https://nz.linkedin.com/jobs/view/diesel-mechanic-at-tranzit-group-4465026378,Diesel Mechanic,,scraped,2026-09-13T13:17:03.127053,
e45cb8075d2a7f0e,https://nz.linkedin.com/jobs/view/seo-manager-at-sprocket-digital-4465366566,SEO Manager,,scraped,2026-09-13T13:17:11.214946,
9962b797dbfa1ceb,https://nz.linkedin.com/jobs/view/customer-service-representative-at-the-heineken-company-4464847298,Customer Service Representative,The HEINEKEN Company,posted,2026-09-13T13:17:29.639090,122
d227c81e1705ff4c,https://nz.linkedin.com/jobs/view/marketing-communications-delivery-lead-at-southern-cross-health-insurance-4463932638,Marketing Communications Delivery Lead,,scraped,2026-09-13T13:17:32.283505,
da4be1c8d3a59a3d,https://nz.linkedin.com/jobs/view/resort-manager-at-travel-%2B-leisure-co-4466051182,Resort Manager,Travel + Leisure Co.,posted,2026-09-13T13:17:46.072303,124
423605443751ca1c,https://nz.linkedin.com/jobs/view/market-principal-buildings-and-structures-at-egis-in-anz-4462145435,Market Principal - Buildings and Structures,,scraped,2026-09-13T13:17:48.625786,
812160e768dba8e7,https://nz.linkedin.com/jobs/view/underwriter-technical-at-fmg-farmers-mutual-group-4463930600,Underwriter - Technical,FMG (Farmers Mutual Group),posted,2026-09-13T13:18:05.726786,126
37332921f27eb5e3,https://nz.linkedin.com/jobs/view/early-learning-centre-manager-at-acg-strathallan-4464416335,Early Learning Centre Manager,,scraped,2026-09-13T13:18:08.323181,
86e4fe5d1fdcaca8,https://nz.linkedin.com/jobs/view/housekeeping-supervisor-at-m%C3%B6venpick-hotels-resorts-4463825595,Housekeeping Supervisor,,scraped,2026-09-13T13:18:14.773677,
6f84fa199bf70388,https://nz.linkedin.com/jobs/view/revit-designer-at-stantec-4465395128,Revit Designer,Stantec,posted,2026-09-13T13:18:32.589156,128
482752c3c1eb84c5,https://nz.linkedin.com/jobs/view/senior-or-associate-earthing-engineer-at-jacobs-4447269027,Senior or Associate Earthing Engineer,Jacobs,posted,2026-09-13T13:18:41.208432,130
1515ca7221a0a7e1,https://nz.linkedin.com/jobs/view/solutions-consultant-majors-at-palo-alto-networks-4452220661,Solutions Consultant - Majors,Palo Alto Networks,posted,2026-09-13T13:18:50.307238,132
07261d4bcf3cb6d8,https://nz.linkedin.com/jobs/view/care-partner-at-oceania-4463874518,Care Partner,,scraped,2026-09-13T13:18:52.820144,
64c3a3f0fa2e84eb,https://nz.linkedin.com/jobs/view/customer-service-representative-at-db-breweries-4466048181,Customer Service Representative,,scraped,2026-09-13T13:19:01.431670,
3e370e7d539a202b,https://nz.linkedin.com/jobs/view/senior-cybersecurity-operations-analyst-at-defend-4464092537,Senior Cybersecurity Operations Analyst,,scraped,2026-09-13T13:19:09.596957,
b6dd2c17978dccfb,https://nz.linkedin.com/jobs/view/financial-planning-analysis-lead-at-tribe-group-4465387405,Financial Planning & Analysis Lead,,scraped,2026-09-13T13:19:18.094190,
f7d83fad925954a7,https://nz.linkedin.com/jobs/view/intelligence-analyst-senior-customs-officer-grade-one-sco-g1-auckland-at-new-zealand-customs-service-4464155931,"Intelligence Analyst - Senior Customs Officer Grade One (SCO G1), Auckland",,scraped,2026-09-13T13:19:24.255883,
f56dcc8abb91d06c,https://nz.linkedin.com/jobs/view/engineering-hydrologist-at-tonkin-%2B-taylor-4452578808,Engineering Hydrologist,,scraped,2026-09-13T13:19:32.376042,
33772f67c2e05606,https://nz.linkedin.com/jobs/view/installation-specialist-noel-leeming-queenstown-at-noel-leeming-4464377651,"Installation Specialist - Noel Leeming, Queenstown",Noel Leeming,posted,2026-09-13T13:19:51.473493,134
c5fa4629fb5e3567,https://nz.linkedin.com/jobs/view/light-vehicle-mechanic-service-technician-full-time-at-avis-budget-group-4464841955,Light Vehicle Mechanic / Service Technician (Full-Time),Avis Budget Group,posted,2026-09-13T13:20:00.098103,136
eb65cf129a8c1c12,https://nz.linkedin.com/jobs/view/senior-solution-specialist-m365-at-datacom-4447263571,Senior Solution Specialist | M365,Datacom,posted,2026-09-13T13:20:12.123685,138
c6a82d086511e591,https://nz.linkedin.com/jobs/view/manager-fire-and-life-safety-engineering-at-wsp-in-new-zealand-4464963452,"Manager, Fire and Life Safety Engineering",WSP in New Zealand,posted,2026-09-13T13:20:19.859140,74
177a909e7272cbf7,https://nz.linkedin.com/jobs/view/manager-fire-and-life-safety-engineering-at-wsp-4462597428,"Manager, Fire and Life Safety Engineering",WSP,posted,2026-09-13T13:20:27.806653,74
8cfa3489ac0824dc,https://nz.linkedin.com/jobs/view/ai-product-lead-at-future-secure-ai-4444525506,AI Product Lead,Future Secure AI,posted,2026-09-13T13:20:36.094946,140
af1ad7e8d847c067,https://nz.linkedin.com/jobs/view/apparel-2ic-the-warehouse-napier-at-the-warehouse-4464377648,"Apparel 2IC - The Warehouse, Napier",,scraped,2026-09-13T13:20:38.721069,
993f3162c8174e4c,https://nz.linkedin.com/jobs/view/activities-coordinator-full-time-at-radius-care-4463505154,Activities Coordinator - Full Time,,scraped,2026-09-13T13:20:45.121810,
3a6bf02cf0d6fb88,https://nz.linkedin.com/jobs/view/technical-architect-salesforce-at-datacom-4455590377,Technical Architect | Salesforce,Datacom,posted,2026-09-13T13:20:57.088413,114
bf347d3574688dce,https://nz.linkedin.com/jobs/view/senior-solution-specialist-m365-at-datacom-4447270447,Senior Solution Specialist | M365,Datacom,posted,2026-09-13T13:21:05.041814,138
231b9b74ffe737c6,https://nz.linkedin.com/jobs/view/principal-generative-ai-engineer-at-tribe-group-4456122749,Principal Generative AI Engineer,,scraped,2026-09-13T13:21:07.633293,
c583571226167425,https://nz.linkedin.com/jobs/view/lead-mechanical-engineer-at-ghd-4446996403,Lead Mechanical Engineer,,scraped,2026-09-13T13:21:13.693443,
16cd0fefaa0b5d56,https://nz.linkedin.com/jobs/view/principal-transport-engineer-at-hamilton-city-council-4462976584,Principal Transport Engineer,Hamilton City Council,posted,2026-09-13T13:21:39.113509,142
1493dc1d08961482,https://nz.linkedin.com/jobs/view/finance-business-partner-at-tomra-4464072916,Finance Business Partner,TOMRA,posted,2026-09-13T13:21:50.890837,144
02556ed0abc0900b,https://nz.linkedin.com/jobs/view/territory-manager-sports-medicine-north-island-nz-at-smith%2Bnephew-4464842501,Territory Manager Sports Medicine (North Island NZ),,scraped,2026-09-13T13:21:53.534007,
c4f7f681e3c1424b,https://nz.linkedin.com/jobs/view/brand-experience-lead-at-southern-cross-health-insurance-4463936604,Brand & Experience Lead,,scraped,2026-09-13T13:22:01.160735,
3ed4deb3d41e078d,https://nz.linkedin.com/jobs/view/head-of-department-pe-health-at-school-jobs-4462549285,Head of Department - PE & Health,School Jobs,posted,2026-09-13T13:22:14.049553,146
1d6037fd9e465ac7,https://nz.linkedin.com/jobs/view/lifeguard-at-auckland-council-4456064758,Lifeguard,Auckland Council,posted,2026-09-13T13:22:25.881282,148
957ac78da755ea01,https://nz.linkedin.com/jobs/view/sales-consultant-noel-leeming-thames-at-noel-leeming-4464372652,"Sales Consultant - Noel Leeming, Thames",Noel Leeming,posted,2026-09-13T13:22:37.581643,150
d61e01f768ff5878,https://nz.linkedin.com/jobs/view/kai%C4%81rahi-visitor-host-at-museums-aotearoa-4462922958,Kaiārahi Visitor Host,,scraped,2026-09-13T13:22:40.146821,
0e827419605f380c,https://nz.linkedin.com/jobs/view/engineering-manager-ml-ai-at-xero-4463500763,Engineering Manager - ML & AI,,scraped,2026-09-13T13:22:47.700236,
ef0961ccdbe0b5ac,https://nz.linkedin.com/jobs/view/tr-principal-information-security-consultant-at-auckland-council-4458921036,TR Principal Information Security Consultant,Auckland Council,posted,2026-09-13T13:23:03.991784,152
70ebeca16cbba3ce,https://nz.linkedin.com/jobs/view/mnzas-audiologist-south-dunedin-mosgiel-at-triton-hearing-4455215408,MNZAS Audiologist - South Dunedin/Mosgiel,,scraped,2026-09-13T13:23:06.622020,
0191f326cb904822,https://nz.linkedin.com/jobs/view/technical-sales-representative-farmguard-at-ixom-4465893250,Technical Sales Representative - FarmGuard,IXOM,posted,2026-09-13T13:23:37.265014,154
de36b176b31dfd82,https://nz.linkedin.com/jobs/view/asian-business-sales-manager-mandarin-speaker-auckland-at-mitre-10-new-zealand-limited-4464712996,Asian Business Sales Manager | Mandarin Speaker | Auckland,,scraped,2026-09-13T13:23:39.914501,
c7b279807eec7497,https://nz.linkedin.com/jobs/view/account-manager-at-circana-4436603849,Account Manager,Circana,posted,2026-09-13T13:23:51.876672,156
2db1c09e467b7948,https://nz.linkedin.com/jobs/view/business-analyst-at-beca-4464091116,Business Analyst,,scraped,2026-09-13T13:23:54.467484,
62d399f4e040a00e,https://nz.linkedin.com/jobs/view/accountant-sap-monthend-required-at-teletrac-navman-4428314250,Accountant(SAP monthend required),Teletrac Navman,posted,2026-09-13T13:24:07.964852,158
0c98646bb7599cb2,https://nz.linkedin.com/jobs/view/clinical-nurse-lead-at-new-zealand-aged-care-services-limited-4464906363,Clinical Nurse Lead,New Zealand Aged Care Services Limited,posted,2026-09-13T13:24:16.511035,160
8b628a1fb3267ec7,https://nz.linkedin.com/jobs/view/senior-planner-at-consultanz-civil-engineering-construction-surveying-recruitment-4464148532,Senior Planner,,scraped,2026-09-13T13:24:19.063034,
6ef4cf914dae5437,https://nz.linkedin.com/jobs/view/accounts-receivable-team-lead-at-archway-recruitment-4464445780,Accounts Receivable Team Lead,,scraped,2026-09-13T13:24:27.392421,
f49b8ccaa06539b6,https://nz.linkedin.com/jobs/view/manager-fire-and-life-safety-engineering-at-wsp-in-new-zealand-4464963453,"Manager, Fire and Life Safety Engineering",WSP in New Zealand,posted,2026-09-13T13:24:40.294318,74
8825262c631eec7a,https://nz.linkedin.com/jobs/view/key-account-manager-at-fisher-paykel-appliances-4437149543,Key Account Manager,,scraped,2026-09-13T13:24:42.944498,
834ae0bf61dba66e,https://nz.linkedin.com/jobs/view/food-beverage-attendant-at-novotel-hotels-4462978947,Food & Beverage Attendant,,scraped,2026-09-13T13:24:50.224799,
dbb90c32913221aa,https://nz.linkedin.com/jobs/view/senior-advisor-%E2%80%93-m%C4%81ori-outcomes-kaitohutohu-matua-putanga-m%C4%81ori-at-stats-nz-4463964052,Senior Advisor – Māori Outcomes | Kaitohutohu Matua - Putanga Māori,,scraped,2026-09-13T13:24:58.151590,
a30727e9b38a2b5a,https://nz.linkedin.com/jobs/view/head-chef-qantas-lounge-auckland-airport-at-compass-group-new-zealand-4461875954,"Head Chef - Qantas Lounge, Auckland Airport",,scraped,2026-09-13T13:25:04.977537,
f7854ac9e06d8fe2,https://nz.linkedin.com/jobs/view/information-security-engineer-at-gallagher-animal-management-chile-4464431262,Information Security Engineer,,scraped,2026-09-13T13:25:11.866713,
22ad49418a9e7456,https://nz.linkedin.com/jobs/view/site-engineer-at-higgins-4462257881,Site Engineer,,scraped,2026-09-13T13:25:20.213182,
d3f58dad9703089a,https://nz.linkedin.com/jobs/view/group-finance-shared-services-manager-at-kmd-brands-limited-4464185232,Group Finance Shared Services Manager,,scraped,2026-09-13T13:25:28.938967,
ca0ce38e44ac32c8,https://nz.linkedin.com/jobs/view/engineering-team-lead-at-optimal-4460056573,Engineering Team Lead,,scraped,2026-09-13T13:25:35.564320,
ec8800dcd92a487d,https://nz.linkedin.com/jobs/view/service-sales-engineer-hv-electrical-products-at-morson-edge-australia-4465894855,Service Sales Engineer - HV/Electrical Products,,scraped,2026-09-13T13:25:42.165260,
09189b36c75ee111,https://nz.linkedin.com/jobs/view/branch-manager-at-boc-south-pacific-4466001109,Branch Manager,,scraped,2026-09-13T13:25:48.877493,
d39852558df984aa,https://nz.linkedin.com/jobs/view/business-development-manager-lenovo-at-ingram-micro-4463281819,Business Development Manager-Lenovo,Ingram Micro,posted,2026-09-13T13:26:03.556957,162
9bad1364e4b6ef9e,https://nz.linkedin.com/jobs/view/electrical-project-engineer-at-mercury-nz-4463097983,Electrical Project Engineer,,scraped,2026-09-13T13:26:06.123276,
69366de121e39036,https://nz.linkedin.com/jobs/view/ict-support-analyst-at-serko-4464402223,ICT Support Analyst,,scraped,2026-09-13T13:26:12.599473,
f1e530b9091cf986,https://nz.linkedin.com/jobs/view/department-manager-mt-roskill-nz-at-bunnings-4438568682,Department Manager - Mt Roskill NZ,Bunnings,posted,2026-09-13T13:26:27.657699,164
7c6a272abae8a9c4,https://nz.linkedin.com/jobs/view/geotechnical-engineer-at-archway-recruitment-4464991563,Geotechnical Engineer,,scraped,2026-09-13T13:26:30.261449,
ec34bd15fe0b22b8,https://nz.linkedin.com/jobs/view/strategic-finance-business-partner-at-jacksonstone-partners-4464066040,Strategic Finance Business Partner,,scraped,2026-09-13T13:26:37.991565,
dd2e98a77ef69149,https://nz.linkedin.com/jobs/view/senior-insights-specialist-customer-remediation-at-asb-bank-4451799372,Senior Insights Specialist - Customer Remediation,,scraped,2026-09-13T13:26:51.657388,
300356886358f5f1,https://nz.linkedin.com/jobs/view/ai-adoption-transformation-manager-senior-manager-at-pwc-new-zealand-4465650552,AI Adoption & Transformation Manager/Senior Manager,,scraped,2026-09-13T13:26:58.488736,
17268b2f4a206763,https://nz.linkedin.com/jobs/view/staff-engineer-embedded-software-at-enphase-energy-4465884660,"Staff Engineer, Embedded Software",Enphase Energy,posted,2026-09-13T13:27:12.112729,166
e7f84f2f06f58181,https://nz.linkedin.com/jobs/view/lead-at-amer-sports-4466016093,Lead,,scraped,2026-09-13T13:27:14.769624,
c7f117b452aff32f,https://nz.linkedin.com/jobs/view/senior-policy-analyst-at-ministry-for-primary-industries-mpi-4462987923,Senior Policy Analyst,,scraped,2026-09-13T13:27:21.701154,
276faed93a219232,https://nz.linkedin.com/jobs/view/cyclic-patrol-operator-at-downer-4465856632,Cyclic Patrol Operator,,scraped,2026-09-13T13:27:29.439937,
c48af147701363e9,https://nz.linkedin.com/jobs/view/market-principal-buildings-and-structures-at-egis-in-anz-4462156055,Market Principal - Buildings and Structures,,scraped,2026-09-13T13:27:36.501216,
de15776e555765c4,https://nz.linkedin.com/jobs/view/business-development-manager-south-island-new-zealand-at-schneider-electric-4462907749,"Business Development Manager - South Island, New Zealand",Schneider Electric,posted,2026-09-13T13:27:54.064162,168
20ac923486675dca,https://nz.linkedin.com/jobs/view/major-fill-operations-specialist-at-woolworths-group-4464406471,Major Fill Operations Specialist,,scraped,2026-09-13T13:27:56.596065,
26ef98b285b0a432,https://nz.linkedin.com/jobs/view/senior-integration-specialist-at-powerco-4462571424,Senior Integration Specialist,,scraped,2026-09-13T13:28:03.438771,
99190887084a4c0a,https://nz.linkedin.com/jobs/view/manager-fire-and-life-safety-engineering-at-wsp-in-new-zealand-4464959628,"Manager, Fire and Life Safety Engineering",WSP in New Zealand,posted,2026-09-13T13:28:16.870036,74
14257f0f9b2dedd3,https://nz.linkedin.com/jobs/view/team-lead-environmental-planning-at-nz-transport-agency-waka-kotahi-4463228642,Team Lead Environmental Planning,NZ Transport Agency Waka Kotahi,posted,2026-09-13T13:28:28.238435,170
47c7f6cc8b9a8034,https://nz.linkedin.com/jobs/view/foreperson-at-higgins-4463076719,Foreperson,,scraped,2026-09-13T13:28:30.806602,
1130619f51eaa1ca,https://nz.linkedin.com/jobs/view/small-plant-operator-at-green-by-nature-4462556409,Small Plant Operator,Green by Nature,posted,2026-09-13T13:28:45.001198,172
5f6b2c909d3c7501,https://nz.linkedin.com/jobs/view/vineyard-operators-at-cloudy-bay-vineyards-4466002667,Vineyard Operators,,scraped,2026-09-13T13:28:47.538936,
b6709dd39419459d,https://nz.linkedin.com/jobs/view/chief-financial-officer-at-clarke-group-4466044046,Chief Financial Officer,,scraped,2026-09-13T13:28:54.294963,
6c9a1f0612dc4636,https://nz.linkedin.com/jobs/view/maintenance-delivery-coordinator-at-bgis-4463237262,Maintenance Delivery Coordinator,,scraped,2026-09-13T13:29:02.135580,
83bf035d57ee889d,https://nz.linkedin.com/jobs/view/strategic-account-manager-at-rockwell-automation-4466321809,Strategic Account Manager,Rockwell Automation,posted,2026-09-13T13:29:11.480536,70
d9f14db73b159fc8,https://nz.linkedin.com/jobs/view/asset-manager-on-road-infrastructure-at-realnz-4462265112,Asset Manager - On-Road & Infrastructure,,scraped,2026-09-13T13:29:13.866995,
193e8f89d3a2b702,https://nz.linkedin.com/jobs/view/lead-electrical-engineer-buildings-at-aurecon-4457093077,"Lead Electrical Engineer, Buildings",,scraped,2026-09-13T13:29:21.704168,
49ba4b719b326ed6,https://nz.linkedin.com/jobs/view/kiwisaver-advisor-at-everbright-finance-4464364945,Kiwisaver advisor,,scraped,2026-09-13T13:29:30.074845,
d1d7435e581efb33,https://nz.linkedin.com/jobs/view/senior-product-manager-at-publicis-sapient-4463428996,Senior Product Manager,Publicis Sapient,posted,2026-09-13T13:29:45.021141,174
351ed5382f0d3e7a,https://nz.linkedin.com/jobs/view/senior-planning-environment-lawyer-at-simpson-grierson-4462222104,Senior Planning & Environment Lawyer,,scraped,2026-09-13T13:29:47.570422,
eadfb7f3a00bb195,https://nz.linkedin.com/jobs/view/regional-partnership-manager-at-seesaw-learning-4464100199,Regional Partnership Manager,Seesaw Learning,posted,2026-09-13T13:29:58.904838,176
d2a09704bc5ae1dc,https://nz.linkedin.com/jobs/view/automotive-parts-interpreter-repco-wanaka-at-repco-4464450501,Automotive Parts Interpreter | Repco Wanaka,Repco,posted,2026-09-13T13:30:11.184314,178
12d94c0a20ad4ffc,https://nz.linkedin.com/jobs/view/category-manager-delicatessen-and-meal-solutions-at-foodstuffs-north-island-limited-4452771820,Category Manager - Delicatessen and Meal Solutions,,scraped,2026-09-13T13:30:13.768849,
a92f73d5ba16d7c2,https://nz.linkedin.com/jobs/view/digital-seo-specialist-at-global-wave-group-4466026644,Digital SEO Specialist,Global Wave Group,posted,2026-09-13T13:30:26.410630,180
39e2fbf3dec97efd,https://nz.linkedin.com/jobs/view/laboratory-technician-ii-at-oritain-4464199650,Laboratory Technician II,,scraped,2026-09-13T13:30:28.976393,
5ef2d5ddc74a1d3c,https://nz.linkedin.com/jobs/view/business-development-manager-builder-at-fisher-paykel-appliances-4465378311,Business Development Manager - Builder,,scraped,2026-09-13T13:30:35.857487,
f93e14e8c2410fa8,https://nz.linkedin.com/jobs/view/management-accountant-at-hunter-campbell-4413841292,Management Accountant,,scraped,2026-09-13T13:30:43.103704,
8a3eac0593f4c328,https://nz.linkedin.com/jobs/view/secondary-teacher-chemistry-science-at-acg-strathallan-4464082550,Secondary Teacher - Chemistry & Science,,scraped,2026-09-13T13:30:50.746473,
bb914c9ea463325c,https://nz.linkedin.com/jobs/view/net-ai-dev-engineer-top-team-culture%21-at-sourced-it-recruitment-4464165746,.Net/AI Dev Engineer - Top team culture!,,scraped,2026-09-13T13:30:57.034486,
db382d0f71553d51,https://nz.linkedin.com/jobs/view/accounts-administration-specialist-at-midea-group-4465474559,Accounts & Administration Specialist,,scraped,2026-09-13T13:31:04.500313,
59c446495e180126,https://nz.linkedin.com/jobs/view/curator-contemporary-art-at-museums-aotearoa-4462902929,Curator Contemporary Art,,scraped,2026-09-13T13:31:12.589452,
02912609c2262cc6,https://nz.linkedin.com/jobs/view/freight-operator-at-team-global-express-4455250418,Freight Operator,,scraped,2026-09-13T13:31:19.957458,
ffef5f8fdfe59e7c,https://nz.linkedin.com/jobs/view/lead-terminal-operator-bluff-at-graincorp-4463862492,Lead Terminal Operator - Bluff,,scraped,2026-09-13T13:31:27.314124,
7196ce8f887a9a3a,https://nz.linkedin.com/jobs/view/general-practitioner-4464927811,General Practitioner,Mana Medical Centre,posted,2026-09-13T13:31:39.266557,182
bedaf1d0fe62ec31,https://nz.linkedin.com/jobs/view/audit-senior-at-bdo-in-new-zealand-4462574331,Audit Senior,,scraped,2026-09-13T13:31:41.893119,
1bba1bdc018dfc40,https://nz.linkedin.com/jobs/view/senior-travel-centre-specialist-at-great-journeys-new-zealand-kiwirail-4462919315,Senior Travel Centre Specialist,,scraped,2026-09-13T13:31:50.455750,
e4049074a5465bdf,https://nz.linkedin.com/jobs/view/marketing-coordinator-at-skids-4466028740,Marketing Coordinator,,scraped,2026-09-13T13:31:58.802333,
755810cc4ed0edb5,https://nz.linkedin.com/jobs/view/branch-manager-at-linde-4465858537,Branch Manager,,scraped,2026-09-13T13:32:10.717207,
3a1c8773880bb127,https://nz.linkedin.com/jobs/view/senior-software-engineer-d365-at-westpac-new-zealand-4444520354,Senior Software Engineer - D365,Westpac New Zealand,posted,2026-09-13T13:33:01.634911,184
6519963dc308917c,https://nz.linkedin.com/jobs/view/business-development-manager-at-asb-bank-4461894029,Business Development Manager,,scraped,2026-09-13T13:33:04.200696,
1a262aaa48655b9d,https://nz.linkedin.com/jobs/view/digital-designer-at-ogilvy-one-4452413419,Digital Designer,Ogilvy One,posted,2026-09-13T13:33:16.323242,186
3b87470f39fc7d43,https://nz.linkedin.com/jobs/view/technical-account-manager-south-island-at-gallagher-security-4446028448,Technical Account Manager - South Island,,scraped,2026-09-13T13:33:18.953584,
5c4df1d170e9e3dc,https://nz.linkedin.com/jobs/view/programme-manager-at-roblawmax-recruitment-4463203054,Programme Manager,,scraped,2026-09-13T13:33:29.281038,
aae35150bd1ce98c,https://nz.linkedin.com/jobs/view/channel-account-manager-at-pax8-4430903622,Channel Account Manager,Pax8,posted,2026-09-13T13:33:41.528171,188
fab53b9a1856af5d,https://nz.linkedin.com/jobs/view/category-revenue-strategy-manager-at-the-heineken-company-4464809084,Category & Revenue Strategy Manager,The HEINEKEN Company,posted,2026-09-13T13:33:53.137545,190
76a48ec20b988fda,https://nz.linkedin.com/jobs/view/delivery-driver-bnt-papakura-at-bapcor-limited-4464091115,Delivery Driver - BNT Papakura,,scraped,2026-09-13T13:33:55.712195,
b642f80ebb9f2fdf,https://nz.linkedin.com/jobs/view/principal-consultant-at-datacom-4447002217,Principal Consultant,Datacom,posted,2026-09-13T13:34:12.450176,192
e1a70a63a98488e7,https://nz.linkedin.com/jobs/view/programme-director-at-datacom-4456110057,Programme Director,Datacom,posted,2026-09-13T13:34:23.870515,194
b8e1c6fd806e31e6,https://nz.linkedin.com/jobs/view/security-sales-specialist-auckland-at-microsoft-4455301071,Security Sales Specialist - Auckland,Microsoft,posted,2026-09-13T13:34:32.207743,196
72981969f0f7beb6,https://nz.linkedin.com/jobs/view/head-of-department-learning-support-at-school-jobs-4461877678,Head of Department - Learning Support,School Jobs,posted,2026-09-13T13:34:40.530569,198
037293867b31c82b,https://nz.linkedin.com/jobs/view/principal-consultant-at-datacom-4447005156,Principal Consultant,Datacom,posted,2026-09-13T13:34:48.632322,192
a5ce102463a790c3,https://nz.linkedin.com/jobs/view/senior-engineer-database-at-xero-4464851056,Senior Engineer - Database,,scraped,2026-09-13T13:34:51.416429,
7b46136d423b81e2,https://nz.linkedin.com/jobs/view/senior-engineer-database-at-xero-4464836159,Senior Engineer - Database,,scraped,2026-09-13T13:34:57.808683,
7759bc0c135cbf0b,https://nz.linkedin.com/jobs/view/manager-internal-audit-risk-consulting-at-ey-4385036636,Manager - Internal Audit - Risk Consulting,EY,posted,2026-09-13T13:35:11.573034,200
437aa5dbcb1c8c9f,https://nz.linkedin.com/jobs/view/senior-manager-corporate-tax-at-ey-4434595919,Senior Manager - Corporate Tax,EY,posted,2026-09-13T13:35:21.907885,202
30fa6b67598f6fff,https://nz.linkedin.com/jobs/view/service-operations-specialist-at-woolworths-group-4465602502,Service Operations Specialist,,scraped,2026-09-13T13:35:24.484546,
bbf6bbd25b7d6947,https://nz.linkedin.com/jobs/view/enterprise-solutions-specialist-at-wesco-anixter-nz-4465617247,Enterprise Solutions Specialist,,scraped,2026-09-13T13:35:31.553144,
910776042f799a2a,https://nz.linkedin.com/jobs/view/sales-co-ordinator-ice-cream-at-open-country-dairy-ltd-4460966289,Sales Co-Ordinator - Ice Cream,Open Country Dairy Ltd,posted,2026-09-13T13:35:51.574474,204
686312eeb5cf6d01,https://nz.linkedin.com/jobs/view/business-development-executive-transport-construction-at-vontier-4464087921,Business Development Executive-Transport & Construction,Vontier,posted,2026-09-13T13:35:59.910750,206
f60ee89adb8f56ac,https://nz.linkedin.com/jobs/view/senior-marketing-manager-at-the-warehouse-group-4464360940,Senior Marketing Manager,,scraped,2026-09-13T13:36:02.577278,
99cb16c351ab5bd1,https://nz.linkedin.com/jobs/view/principal-protection-engineer-at-worley-4437147130,Principal Protection Engineer,Worley,posted,2026-09-13T13:36:12.794120,116
3954adf7fd298b16,https://nz.linkedin.com/jobs/view/platform-engineer-at-dxc-technology-4456222254,Platform Engineer,DXC Technology,posted,2026-09-13T13:36:21.091313,208
2da0393ba3b1e373,https://nz.linkedin.com/jobs/view/principal-consultant-at-datacom-4446899388,Principal Consultant,Datacom,posted,2026-09-13T13:36:29.082677,192
8b6c3da668e0c70a,https://nz.linkedin.com/jobs/view/foreperson-asphalt-paving-at-higgins-4462265913,Foreperson - Asphalt Paving,,scraped,2026-09-13T13:36:31.634833,
fc497e6f1c63082d,https://nz.linkedin.com/jobs/view/pricing-and-tendering-specialist-secondary-portfolio-at-abb-4465628929,Pricing and Tendering Specialist - Secondary Portfolio,,scraped,2026-09-13T13:36:40.591864,
999b85efc15997fe,https://nz.linkedin.com/jobs/view/business-development-manager-restaurants-wellington-at-eatclub-4464642989,Business Development Manager - Restaurants (Wellington),,scraped,2026-09-13T13:36:47.621674,
517e270efbf668e8,https://nz.linkedin.com/jobs/view/operator-structures-maintenance-at-tauranga-city-council-4462263546,Operator - Structures Maintenance,,scraped,2026-09-13T13:36:55.322772,
888bdad2bcc63105,https://nz.linkedin.com/jobs/view/electrical-tutor-at-skills-group-4456864314,Electrical Tutor,,scraped,2026-09-13T13:37:03.329223,
8f218bad5d4a362a,https://nz.linkedin.com/jobs/view/digital-consultant-agentic-ai-at-beca-4446875899,Digital Consultant - Agentic AI,,scraped,2026-09-13T13:37:10.780723,
1cde2c3f3507d067,https://nz.linkedin.com/jobs/view/senior-marketing-executive-toys-at-zuru-toys-4437717735,Senior Marketing Executive - Toys,,scraped,2026-09-13T13:37:18.542493,
51c38245e531e963,https://nz.linkedin.com/jobs/view/programme-director-at-datacom-4456109109,Programme Director,Datacom,posted,2026-09-13T13:37:33.407236,194
fa103bfba26e67fd,https://nz.linkedin.com/jobs/view/senior-project-coordinator-business-and-statutory-planning-at-auckland-council-4464165059,Senior Project Coordinator - Business and Statutory Planning,,scraped,2026-09-13T13:37:35.969577,
4829da4d981bf3b9,https://nz.linkedin.com/jobs/view/cluster-marketing-communications-manager-at-hilton-4464431837,Cluster Marketing & Communications Manager,Hilton,posted,2026-09-13T13:37:49.479191,210
b9621a58b2f83048,https://nz.linkedin.com/jobs/view/business-development-manager-at-entelect-techsol-llp-4466405933,Business Development Manager,,scraped,2026-09-13T13:37:52.131186,
884d868bbdf555b8,https://nz.linkedin.com/jobs/view/senior-engineer-database-at-xero-4464836158,Senior Engineer - Database,,scraped,2026-09-13T13:37:58.179808,
411787ca057c4f5c,https://nz.linkedin.com/jobs/view/senior-software-engineer-at-brunswick-corporation-4457097955,Senior Software Engineer,Brunswick Corporation,posted,2026-09-13T13:38:10.918534,212
9f06a734a973db02,https://nz.linkedin.com/jobs/view/caregiver-full-time-at-ryman-healthcare-4461878933,Caregiver - Full time,,scraped,2026-09-13T13:38:13.465664,
da50d7dee0ef5c6c,https://nz.linkedin.com/jobs/view/quality-controller-at-stellar-recruitment-4464114413,Quality Controller,,scraped,2026-09-13T13:38:21.373044,
3aece24e348f6dfe,https://nz.linkedin.com/jobs/view/internal-account-manager-at-wesco-anixter-nz-4454469650,Internal Account Manager,,scraped,2026-09-13T13:38:27.807771,
6b37695df0ab493a,https://nz.linkedin.com/jobs/view/manager-deal-advisory-at-kpmg-new-zealand-4379176201,Manager - Deal Advisory,KPMG New Zealand,posted,2026-09-13T13:38:45.019572,214
e8381e7cdc20a9f9,https://nz.linkedin.com/jobs/view/business-support-lead-at-deloitte-4455538701,Business Support Lead,Deloitte,posted,2026-09-13T13:38:54.250485,216
d44c74100b1f3d4a,https://nz.linkedin.com/jobs/view/network-inspector-operation-support-manager-at-hw-richardson-group-4465053689,Network Inspector & Operation Support Manager,,scraped,2026-09-13T13:38:56.839056,
07970e29dc9fc958,https://nz.linkedin.com/jobs/view/vendor-manager-at-exclusive-networks-4463594584,Vendor Manager,,scraped,2026-09-13T13:39:03.848907,
40f7a65c2c21116b,https://nz.linkedin.com/jobs/view/new-ventures-lead-at-agnition-ventures-4462903369,New Ventures Lead,,scraped,2026-09-13T13:39:10.803581,
d4916b28a0be4c0c,https://nz.linkedin.com/jobs/view/mobile-mortgage-manager-at-anz-4464321119,Mobile Mortgage Manager,,scraped,2026-09-13T13:39:17.421947,
9646280854b1da71,https://nz.linkedin.com/jobs/view/service-engineer-at-abb-4465029779,Service Engineer,,scraped,2026-09-13T13:39:23.898117,
1ad236bf55a38393,https://nz.linkedin.com/jobs/view/food-compliance-officer-at-ministry-for-primary-industries-mpi-4464821878,Food Compliance Officer,,scraped,2026-09-13T13:39:30.481167,
f2d71a1b0627ecea,https://nz.linkedin.com/jobs/view/financial-accountant-at-fonterra-4464686555,Financial Accountant,,scraped,2026-09-13T13:39:38.390682,
8b3651bbaafd7f5c,https://nz.linkedin.com/jobs/view/fulfillment-quality-analyst-at-thryv-australia-new-zealand-4464410100,Fulfillment Quality Analyst,Thryv Australia & New Zealand,posted,2026-09-13T13:39:54.975480,218
0192499324f5f0b4,https://nz.linkedin.com/jobs/view/department-manager-nelson-at-bunnings-4466077085,Department Manager - Nelson,Bunnings,posted,2026-09-13T13:40:08.582591,220
6039d3621b1f89e2,https://nz.linkedin.com/jobs/view/fitter-at-alliance-group-limited-4464928076,Fitter,,scraped,2026-09-13T13:40:11.287785,
196e187555f5784a,https://nz.linkedin.com/jobs/view/data-analyst-at-equifax-4464868733,Data Analyst,Equifax,posted,2026-09-13T13:40:24.160601,222
ae901a3b6bebc800,https://nz.linkedin.com/jobs/view/senior-licensing-manager-at-zuru-toys-4453088404,Senior Licensing Manager,,scraped,2026-09-13T13:40:26.790467,
2c2827973e782bc2,https://nz.linkedin.com/jobs/view/senior-manager-subsurface-at-mb-century-ltd-4464511911,Senior Manager -Subsurface,,scraped,2026-09-13T13:40:35.757852,
f6655a19e9b2d87a,https://nz.linkedin.com/jobs/view/project-accountant-at-watercare-services-limited-4458578657,Project Accountant,,scraped,2026-09-13T13:40:42.230536,
91653375e5cb7f8d,https://nz.linkedin.com/jobs/view/senior-customer-support-representative-at-officemax-new-zealand-4464434148,Senior Customer Support Representative,,scraped,2026-09-13T13:40:48.908837,
e2e350efe7c90360,https://nz.linkedin.com/jobs/view/stormwater-engineer-at-npaworldwide-4464568597,Stormwater Engineer,NPAworldwide,posted,2026-09-13T13:41:04.435095,224
c80b319c3031f5f7,https://nz.linkedin.com/jobs/view/associate-senior-associate-special-counsel-first-response-at-atmos-australia-and-new-zealand-4466037646,"Associate / Senior Associate / Special Counsel, First Response",,scraped,2026-09-13T13:41:07.086389,
512a473238b4bc41,https://nz.linkedin.com/jobs/view/solutions-architect-national-security-defence-public-sector-new-zealand-at-amazon-web-services-aws-4455910376,"Solutions Architect, National Security & Defence, Public Sector New Zealand",Amazon Web Services (AWS),posted,2026-09-13T13:41:19.523230,226
b7449aa0ab2c4f60,https://nz.linkedin.com/jobs/view/senior-electronics-engineer-at-gallagher-4464863768,Senior Electronics Engineer,,scraped,2026-09-13T13:41:22.093989,
c7b9afbd87023602,https://nz.linkedin.com/jobs/view/bas-accountant-bdo-east-tamaki-at-bdo-in-new-zealand-4462907533,BAS Accountant - BDO East Tamaki,,scraped,2026-09-13T13:41:28.996203,
37f82158719bb5f1,https://nz.linkedin.com/jobs/view/finance-assistant-at-hamilton-city-council-4462993421,Finance Assistant,Hamilton City Council,posted,2026-09-13T13:41:53.626287,228
64d62a56e17e2cdf,https://nz.linkedin.com/jobs/view/product-manager-at-re-leased-4463208001,Product Manager,,scraped,2026-09-13T13:41:56.250126,
747a9a8200586cc1,https://nz.linkedin.com/jobs/view/cybersecurity-operations-analyst-at-defend-4464427241,Cybersecurity Operations Analyst,,scraped,2026-09-13T13:42:03.275418,
ea5d4134a4425dd7,https://nz.linkedin.com/jobs/view/strategic-delivery-analyst-at-watercare-services-limited-4464435879,Strategic Delivery Analyst,,scraped,2026-09-13T13:42:11.721961,
14b9c8f75bac5081,https://nz.linkedin.com/jobs/view/facilities-manager-at-colliers-4464397286,Facilities Manager,,scraped,2026-09-13T13:42:18.410606,
85899c07f84b18fd,https://nz.linkedin.com/jobs/view/hocken-collections-assistant-at-university-of-otago-4465885832,Hocken Collections Assistant,University of Otago,posted,2026-09-13T13:42:32.900098,230
5a9d2493f770bf9c,https://nz.linkedin.com/jobs/view/analytics-ai-consultant-data-and-integration-at-fusion5-4465624197,Analytics & AI Consultant - Data and Integration,,scraped,2026-09-13T13:42:35.447037,
92435397fe402ac9,https://nz.linkedin.com/jobs/view/chief-financial-officer-at-ucol-4464399665,Chief Financial Officer,UCOL,posted,2026-09-13T13:42:51.151057,232
3f96a86d5a6e0735,https://nz.linkedin.com/jobs/view/oracle-epm-functional-consultant-at-cognizant-4456287338,Oracle EPM Functional Consultant,Cognizant,posted,2026-09-13T13:43:00.514135,234
864387c93b75ac55,https://nz.linkedin.com/jobs/view/senior-designer-beauty-at-zuru-edge-4430912922,Senior Designer - Beauty,ZURU Edge,posted,2026-09-13T13:43:10.552150,236
de36945bfc57501a,https://nz.linkedin.com/jobs/view/senior-product-designer-at-partly-4399134129,Senior Product Designer,Partly,posted,2026-09-13T13:43:18.800664,238
72725c1c8c2bb4c8,https://nz.linkedin.com/jobs/view/marketing-manager-infinity-at-flight-centre-4456170301,Marketing Manager - Infinity,,scraped,2026-09-13T13:43:21.424752,
6603c664d185ce9e,https://nz.linkedin.com/jobs/view/advisory-manager-%E2%80%93-technology-strategy-transformation-at-deloitte-4457043312,"Advisory Manager – Technology, Strategy & Transformation",Deloitte,posted,2026-09-13T13:43:33.947294,240
b03bf235ca6a9ed5,https://nz.linkedin.com/jobs/view/technical-strategist-solution-architect-at-propellerhead-4435490273,Technical Strategist (Solution Architect),,scraped,2026-09-13T13:43:36.625945,
61abfbfcac88d70e,https://nz.linkedin.com/jobs/view/marketing-manager-infinity-at-flight-centre-travel-group-4456145458,Marketing Manager - Infinity,,scraped,2026-09-13T13:43:43.057837,
4dae28b841a6cfba,https://nz.linkedin.com/jobs/view/principal-structural-engineer-at-mott-macdonald-4455239467,Principal Structural Engineer,Mott MacDonald,posted,2026-09-13T13:43:58.982867,242
86fedc36cf18fdcc,https://nz.linkedin.com/jobs/view/digital-coordinator-at-cheil-new-zealand-4463960135,Digital Coordinator,,scraped,2026-09-13T13:44:01.523462,
da4c1b24442d5090,https://nz.linkedin.com/jobs/view/operations-coordinator-at-mcfall-fuel-4456487390,Operations Coordinator,,scraped,2026-09-13T13:44:09.878026,
70d6be48f569ebb5,https://nz.linkedin.com/jobs/view/senior-full-stack-engineer-at-profound-people-4464974259,Senior Full-Stack Engineer,,scraped,2026-09-13T13:44:16.783461,
d29605078c647a55,https://nz.linkedin.com/jobs/view/conflicts-of-interest-audit-independence-senior-manager-at-pwc-new-zealand-4463241500,Conflicts of Interest & Audit Independence - Senior Manager,,scraped,2026-09-13T13:44:25.351381,
a00046da3fc5eff4,https://nz.linkedin.com/jobs/view/join-our-public-sector-talent-community-%E2%80%94-australia-new-zealand-at-salesforce-4464454612,Join Our Public Sector Talent Community — Australia & New Zealand,Salesforce,posted,2026-09-13T13:44:38.180934,244
0d44fb7d6416c3ef,https://nz.linkedin.com/jobs/view/timber-processing-manager-at-waipapa-pine-4460116712,Timber Processing Manager,,scraped,2026-09-13T13:44:40.733614,
edac501890c15b93,https://nz.linkedin.com/jobs/view/culinary-development-lead-business-education-at-compass-group-new-zealand-4462559424,Culinary Development Lead - Business & Education,,scraped,2026-09-13T13:44:47.886814,
208db47ef68bfa90,https://nz.linkedin.com/jobs/view/groups-meetings-events-coordinator-at-hilton-4464440013,"Groups, Meetings & Events Coordinator",Hilton,posted,2026-09-13T13:45:00.957105,246
2921134bf6774166,https://nz.linkedin.com/jobs/view/business-systems-specialist-at-mons-royale-4466026930,Business Systems Specialist,,scraped,2026-09-13T13:45:03.534796,
2e09fb4c6e9671e0,https://nz.linkedin.com/jobs/view/integration-practice-lead-at-datacom-4429753018,Integration Practice Lead,Datacom,posted,2026-09-13T13:45:19.383927,248
d9ced9a53d4b4365,https://nz.linkedin.com/jobs/view/principal-consultant-at-datacom-4446896471,Principal Consultant,Datacom,posted,2026-09-13T13:45:27.276223,192
8664821d0f6c4d06,https://nz.linkedin.com/jobs/view/activity-and-lifestyle-coordinator-dementia-care-at-ryman-healthcare-4454186099,Activity and Lifestyle Coordinator - Dementia Care,,scraped,2026-09-13T13:45:29.839188,
834edd2f76f5f733,https://nz.linkedin.com/jobs/view/workforce-coordinator-melio-at-xero-4464554018,Workforce Coordinator - Melio,,scraped,2026-09-13T13:45:37.610945,
2e4b82ffd33871ef,https://nz.linkedin.com/jobs/view/construction-manager-at-higgins-4457239152,Construction Manager,,scraped,2026-09-13T13:45:44.299611,
4ecc269399a3e100,https://nz.linkedin.com/jobs/view/technical-account-manager-tam-at-dxc-technology-4429633920,Technical Account Manager (TAM),DXC Technology,posted,2026-09-13T13:45:59.356391,250
434baecc8e0e8c6c,https://nz.linkedin.com/jobs/view/collections-registry-officer-at-public-defence-service-new-zealand-4463439198,Collections Registry Officer,,scraped,2026-09-13T13:46:01.945650,
029b87d14ee2cf84,https://nz.linkedin.com/jobs/view/customer-experience-specialist-at-xero-4454210554,Customer Experience Specialist,,scraped,2026-09-13T13:46:09.374489,
2822acd7d29603f8,https://nz.linkedin.com/jobs/view/junior-lawyer-at-ministry-of-justice-new-zealand-4462748653,Junior Lawyer,,scraped,2026-09-13T13:46:15.469764,
2ecc50302fd52cd6,https://nz.linkedin.com/jobs/view/head-of-customer-anz-at-tribe-group-4440841393,Head of Customer ANZ,,scraped,2026-09-13T13:46:22.139657,
143dff8fabf538a6,https://nz.linkedin.com/jobs/view/operator-at-higgins-4463960386,Operator,,scraped,2026-09-13T14:05:37.140750,
5bbce94335795ee1,https://nz.linkedin.com/jobs/view/customer-service-manager-at-regus-4464331654,Customer Service Manager,,scraped,2026-09-13T14:06:03.863510,
3c6e3bc8d8ab1ed8,https://nz.linkedin.com/jobs/view/accountant-at-kpmg-new-zealand-4379998730,Accountant,KPMG New Zealand,posted,2026-09-13T14:06:37.666305,252
86753ff4c9d1a403,https://nz.linkedin.com/jobs/view/commerce-teacher-at-school-jobs-4463943210,Commerce Teacher,School Jobs,posted,2026-09-13T14:07:04.798169,254
57201b1fc159a4f6,https://nz.linkedin.com/jobs/view/enterprise-account-executive-west-at-hightouch-4167303593,Enterprise Account Executive - West,Hightouch,posted,2026-09-13T14:08:13.939342,256
308f182ab4200f56,https://nz.linkedin.com/jobs/view/senior-planner-at-civilplan-consultants-ltd-4464681879,Senior Planner,,scraped,2026-09-13T14:08:32.581572,
58a74229717eb882,https://nz.linkedin.com/jobs/view/back-end-software-engineer-senior-at-xe-com-4465835853,Back End Software Engineer (Senior),,scraped,2026-09-13T14:08:39.301834,
543c00c161993c2e,https://nz.linkedin.com/jobs/view/hr-business-partner-at-tribe-group-4455229201,HR Business Partner,,scraped,2026-09-13T14:09:01.717017,
bfa91429394f9601,https://nz.linkedin.com/jobs/view/software-engineer-at-ndeva-4462943047,Software Engineer,,scraped,2026-09-13T14:09:07.704634,
29051dce6901f278,https://nz.linkedin.com/jobs/view/software-engineering-manager-at-idexx-4437773425,Software Engineering Manager,IDEXX,posted,2026-09-13T14:09:38.025417,258
24de305f36211c31,https://nz.linkedin.com/jobs/view/delivery-director-auckland-at-future-secure-ai-4455526833,Delivery Director - Auckland,Future Secure AI,posted,2026-09-13T14:09:46.448895,260
19dd05b43dfa69c3,https://nz.linkedin.com/jobs/view/nights-host-amp-content-assistant-zm-at-new-zealand-media-entertainment-nzme-4464423226,Nights Host &amp; Content Assistant - ZM,,scraped,2026-09-13T14:10:07.098881,
8a418460c2f3066f,https://nz.linkedin.com/jobs/view/senior-software-engineer-at-asb-bank-4452864170,Senior Software Engineer,,scraped,2026-09-13T14:10:29.336483,
cc3040db232caffb,https://nz.linkedin.com/jobs/view/court-registry-officer-at-ministry-of-justice-new-zealand-4463128693,Court Registry Officer,,scraped,2026-09-13T14:10:36.125286,
8093699e8c757367,https://nz.linkedin.com/jobs/view/venue-manager-new-opening-wellington-cbd-at-compass-group-new-zealand-4463436243,Venue Manager | New Opening | Wellington CBD,,scraped,2026-09-13T14:11:01.061168,
f6846e85b2c60c6e,https://nz.linkedin.com/jobs/view/engineering-project-manager-at-trimble-inc-4410511048,Engineering Project Manager,Trimble Inc.,posted,2026-09-13T14:11:32.968923,262
5cacd1e6d6b79a9e,https://nz.linkedin.com/jobs/view/senior-adviser-perimeter-response-at-financial-markets-authority-%E2%80%93-te-mana-t%C4%81tai-hokohoko-4462999956,"Senior Adviser, Perimeter & Response",Financial Markets Authority – Te Mana Tātai Hokohoko,posted,2026-09-13T14:12:03.363693,264
66e1aa330629ac24,https://nz.linkedin.com/jobs/view/head-of-propositions-and-insights-at-tribe-group-4466022130,Head of Propositions and Insights,,scraped,2026-09-13T14:12:23.976509,
37933c479c32f9f7,https://nz.linkedin.com/jobs/view/business-development-manager-at-black-box-4252673319,Business Development Manager,Black Box,posted,2026-09-13T14:12:54.621740,266
841c61476d75333b,https://nz.linkedin.com/jobs/view/cybersecurity-manager-at-tasman-district-council-te-kaunihera-o-te-tai-o-aorere-4463205028,Cybersecurity Manager,,scraped,2026-09-13T14:13:13.331521,
058d577d00a23342,https://nz.linkedin.com/jobs/view/operational-team-manager-corporate-travel-at-corporate-travel-management-ctm-group-4457087263,Operational Team Manager - Corporate Travel,,scraped,2026-09-13T14:13:22.558866,
c85a09fd736b150d,https://nz.linkedin.com/jobs/view/associate-general-counsel-commercial-at-auckland-council-4463589225,Associate General Counsel - Commercial,Auckland Council,posted,2026-09-13T14:13:47.905853,268
9f2d665f9ed3b94e,https://nz.linkedin.com/jobs/view/management-accountant-at-apl-window-solutions-4464437022,Management Accountant,APL Window Solutions,posted,2026-09-13T14:14:06.627565,270
bf742503ba03a180,https://nz.linkedin.com/jobs/view/fire-compliance-coordinator-at-chubb-fire-security-4378491383,Fire Compliance Coordinator,,scraped,2026-09-13T14:14:21.140040,
7e12df144b801498,https://nz.linkedin.com/jobs/view/staff-engineer-embedded-software-at-enphase-energy-4455273271,"Staff Engineer, Embedded Software",Enphase Energy,posted,2026-09-13T14:14:41.446547,166
6f7926ddc74f63b6,https://nz.linkedin.com/jobs/view/pharmacy-technician-tutor-at-nzma-4462245535,Pharmacy Technician Tutor,NZMA,posted,2026-09-13T14:15:04.197626,272
2a05a4e320bf2d95,https://nz.linkedin.com/jobs/view/maintenance-engineer-at-tetra-pak-4464425988,Maintenance Engineer,Tetra Pak,posted,2026-09-13T14:15:15.756082,274
6296e041aee35bdc,https://nz.linkedin.com/jobs/view/people-culture-manager-at-mons-royale-4466034979,People & Culture Manager,,scraped,2026-09-13T14:15:18.436077,
6d553b3199833696,https://nz.linkedin.com/jobs/view/financial-accountant-at-oceanagold-corporation-4455222386,Financial Accountant,,scraped,2026-09-13T14:15:42.976949,
c71a2efd16615a7f,https://nz.linkedin.com/jobs/view/senior-recruitment-consultant-at-ochre-health-4462920344,Senior Recruitment Consultant,,scraped,2026-09-13T14:15:59.422837,
e3009fb92efe9e6f,https://nz.linkedin.com/jobs/view/senior-environmental-scientist-at-watercare-services-limited-4465606311,Senior Environmental Scientist,,scraped,2026-09-13T14:16:09.758905,
150b7b8a97f7da96,https://nz.linkedin.com/jobs/view/transmission-line-mechanic-hawke-s-bay-at-ventia-4463584794,Transmission Line Mechanic Hawke's Bay,,scraped,2026-09-13T14:16:17.320958,
1739694f41834629,https://nz.linkedin.com/jobs/view/copy-centre-specialist-warehouse-stationery-wanaka-at-warehouse-stationery-4464372657,"Copy Centre Specialist - Warehouse Stationery, Wanaka",,scraped,2026-09-13T14:16:23.742934,
9c40e4b75db18532,https://nz.linkedin.com/jobs/view/product-owner-at-vontier-4456715995,Product Owner,Vontier,posted,2026-09-13T14:16:38.054671,276
23daef8c8f002c8d,https://nz.linkedin.com/jobs/view/food-beverage-supervisor-at-ibis-4464478427,Food & Beverage Supervisor,IBIS,posted,2026-09-13T14:17:12.628904,278
621ecbb0995a6018,https://nz.linkedin.com/jobs/view/manager-international-tax-and-transaction-services-at-ey-4385086346,Manager - International Tax and Transaction Services,EY,posted,2026-09-13T14:18:20.931357,280
c07a26e8c3ab2e15,https://nz.linkedin.com/jobs/view/christchurch-head-coach-retail-store-manager-at-lskd-4461881450,Christchurch Head Coach (Retail Store Manager),,scraped,2026-09-13T14:18:23.538038,
433bac54c22bba30,https://nz.linkedin.com/jobs/view/talent-partner-customer-at-halter-4460257371,Talent Partner - Customer,,scraped,2026-09-13T14:18:48.299105,
16f9ba4f7cf981e0,https://nz.linkedin.com/jobs/view/workforce-planner-at-oranga-tamariki%E2%80%94ministry-for-children-4464858015,Workforce Planner,,scraped,2026-09-13T14:18:54.645638,
911eed02c9612e76,https://nz.linkedin.com/jobs/view/area-delivery-hub-coordinator-otago-at-noel-leeming-4464496035,Area Delivery hub Coordinator (Otago),Noel Leeming,posted,2026-09-13T14:19:13.174973,282
f2b3e0b8fd7ed1f4,https://nz.linkedin.com/jobs/view/operations-supervisor-at-higgins-4456973371,Operations Supervisor,,scraped,2026-09-13T14:19:15.794629,
6d4746fd456ccab9,https://nz.linkedin.com/jobs/view/sales-engineer-mfp-christchurch-at-motion-asia-pacific-4446502617,Sales Engineer - MFP | Christchurch,,scraped,2026-09-13T14:19:24.071582,
533f367a1c65d9eb,https://nz.linkedin.com/jobs/view/b2b-business-development-manager-wellington-lower-north-island-at-nestl%C3%A9-nespresso-sa-4464090112,B2B Business Development Manager - Wellington & Lower North Island,Nestlé Nespresso SA,posted,2026-09-13T14:19:40.901007,284
3e16ae5ddf748790,https://nz.linkedin.com/jobs/view/supply-chain-finance-manager-manufacturing-at-the-a2-milk-company-4462573699,Supply Chain Finance Manager -Manufacturing,,scraped,2026-09-13T14:19:43.506797,
03552bd3d2d57906,https://nz.linkedin.com/jobs/view/sap-technical-consultant-lead-btp-api-integration-services-at-capgemini-4463006978,"SAP Technical Consultant Lead - BTP, API & Integration Services",,scraped,2026-09-13T14:19:49.918599,
6e9d40eb027196d5,https://nz.linkedin.com/jobs/view/financial-accountant-at-the-university-of-waikato-4464302327,Financial Accountant,The University of Waikato,posted,2026-09-13T14:20:04.000864,286
7eb0ed9904e7a8cd,https://nz.linkedin.com/jobs/view/packaging-technician-at-db-breweries-4466013169,Packaging Technician,,scraped,2026-09-13T14:20:06.610051,
10ef5e7d30cd1e5e,https://nz.linkedin.com/jobs/view/territory-sales-representative-at-a1-safety-packaging-nz-4464477626,Territory Sales Representative,,scraped,2026-09-13T14:20:13.833131,
9b2047801431643c,https://nz.linkedin.com/jobs/view/electrical-instrumentation-control-engineer-at-beca-4456472285,"Electrical, Instrumentation & Control Engineer",,scraped,2026-09-13T14:20:37.173812,
87dc55b3fb0805af,https://nz.linkedin.com/jobs/view/product-operations-manager-at-eroad-4463937581,Product Operations Manager,,scraped,2026-09-13T14:20:44.487299,
02a9f2e5e2e1410a,https://nz.linkedin.com/jobs/view/operations-assistant-at-jcdecaux-australia-4464938477,Operations Assistant,,scraped,2026-09-13T14:21:09.013020,
d01ec7405891096a,https://nz.linkedin.com/jobs/view/senior-contracts-advisor-at-greater-wellington-4464084653,Senior Contracts Advisor,,scraped,2026-09-13T14:21:34.351970,
ff19ec61ac9ee591,https://nz.linkedin.com/jobs/view/physical-education-teacher-at-acg-strathallan-4456458984,Physical Education Teacher,,scraped,2026-09-13T14:22:00.338450,
bd2fb81812f5ea8e,https://nz.linkedin.com/jobs/view/senior-communication-advisor-at-waip%C4%81-district-council-4464685625,Senior Communication Advisor,Waipā District Council,posted,2026-09-13T14:22:19.386839,288
4957cbb9da616828,https://nz.linkedin.com/jobs/view/customer-services-sales-support-at-pultron-composites-ltd-4464396203,Customer Services - Sales Support,,scraped,2026-09-13T14:22:21.915942,
ca7e34e793b4746a,https://nz.linkedin.com/jobs/view/culinary-tutor-at-nzma-4463930410,Culinary Tutor,NZMA,posted,2026-09-13T14:22:38.499027,290
c8ec6e091db53316,https://nz.linkedin.com/jobs/view/secondary-teacher-senior-chemistry-middle-school-science-at-acg-schools-4456477712,Secondary Teacher - Senior Chemistry & Middle School Science,,scraped,2026-09-13T14:22:41.127763,
712977c60699e401,https://nz.linkedin.com/jobs/view/associate-engineer-structures-at-egis-in-anz-4462144713,Associate Engineer (Structures),,scraped,2026-09-13T14:22:47.881595,
42fdb651fba80f92,https://nz.linkedin.com/jobs/view/ecom-operations-specialist-at-woolworths-group-4464090096,eCom Operations Specialist,,scraped,2026-09-13T14:22:56.185992,
01ae898d9f19f0ce,https://nz.linkedin.com/jobs/view/assembly-worker-at-dormakaba-4454469723,Assembly Worker,,scraped,2026-09-13T14:23:03.035770,
780aadc7d5da2ad1,https://nz.linkedin.com/jobs/view/deputy-principal-at-school-jobs-4463945154,Deputy Principal,School Jobs,posted,2026-09-13T14:23:18.276288,292
190e3bc2e2f811c2,https://nz.linkedin.com/jobs/view/expression-of-interest-for-substation-lead-and-technical-director-level-engineers-at-ghd-4436055701,EXPRESSION OF INTEREST for Substation Lead and Technical Director Level Engineers,,scraped,2026-09-13T14:23:20.773958,
df05cd721e403b93,https://nz.linkedin.com/jobs/view/senior-people-technology-analyst-at-bank-of-new-zealand-4463936602,Senior People Technology Analyst,,scraped,2026-09-13T14:23:28.625107,
57d38532203e3485,https://nz.linkedin.com/jobs/view/export-documentation-coordinator-at-open-country-dairy-ltd-4457674329,Export Documentation Coordinator,Open Country Dairy Ltd,posted,2026-09-13T14:23:57.355862,294
48d0b8842987b2b8,https://nz.linkedin.com/jobs/view/technical-training-advisor-at-gallagher-animal-management-chile-4464932945,Technical Training Advisor,,scraped,2026-09-13T14:24:00.011171,
810b42a47958ca42,https://nz.linkedin.com/jobs/view/senior-asset-manager-at-pinnacles-civil-4462917117,Senior Asset Manager,,scraped,2026-09-13T14:24:07.926253,
6cd3e8dd8014f7e1,https://nz.linkedin.com/jobs/view/technology-design-lead-at-momentum-consulting-group-4462671976,Technology Design Lead,,scraped,2026-09-13T14:24:14.752065,
2e4b70bfc9e25491,https://nz.linkedin.com/jobs/view/graphic-designer-at-the-creative-store-new-zealand-4464829830,Graphic Designer,,scraped,2026-09-13T18:31:43.799228,
ea1c232f74394cf7,https://nz.linkedin.com/jobs/view/nz-skechers-sales-assistant-expression-of-interest-at-skechers-australia-new-zealand-4409768082,NZ Skechers Sales Assistant - Expression of Interest,,scraped,2026-09-13T18:32:06.281004,
11eb8737ffae49fc,https://nz.linkedin.com/jobs/view/software-engineer-at-seequent-4465108858,Software Engineer,,scraped,2026-09-13T18:32:32.667508,
7e6548739bca8d6f,https://nz.linkedin.com/jobs/view/creative-services-manager-at-colenso-bbdo-4462680907,Creative Services Manager,,scraped,2026-09-13T18:32:39.113110,
1b2304e3f14f532a,https://nz.linkedin.com/jobs/view/associate-director-cybersecurity-governance-advisory-at-datacom-4464440719,Associate Director - Cybersecurity Governance & Advisory,Datacom,posted,2026-09-13T18:33:12.331997,296
21a5b57e6d524bda,https://nz.linkedin.com/jobs/view/architect-at-archway-recruitment-4466043489,Architect,,scraped,2026-09-13T18:33:14.941405,
3a849ba943136911,https://nz.linkedin.com/jobs/view/general-practitioner-4464068198,General Practitioner,LOCUM,posted,2026-09-13T18:33:42.187364,182
39f5a1e74ac9f261,https://nz.linkedin.com/jobs/view/store-manager-sunglass-hut-ft-nz-dunedin-at-sunglass-hut-4460793112,Store Manager | Sunglass Hut | FT | NZ | Dunedin,Sunglass Hut,posted,2026-09-13T18:34:09.963982,298
bf8f01d57dee01fd,https://nz.linkedin.com/jobs/view/luxury-travel-consultant-howick-at-travel-associates-australia-new-zealand-4446565589,Luxury Travel Consultant - Howick,,scraped,2026-09-13T18:34:12.566308,
b0885ed383f901f4,https://nz.linkedin.com/jobs/view/application-engineer-in-personal-safety-division-new-zealand-at-3m-4462513399,Application Engineer in Personal Safety Division/ New Zealand,3M,posted,2026-09-13T18:34:39.632009,300
a1ab99c5d02b250f,https://nz.linkedin.com/jobs/view/cnc-programmer-christchurch-at-davin-industries-limited-4462530665,CNC Programmer Christchurch,DAVIN INDUSTRIES LIMITED,posted,2026-09-13T18:34:48.261875,302
030dbf8d1b3c03f4,https://nz.linkedin.com/jobs/view/clinical-psychologist-at-habit-health-4464934940,Clinical Psychologist,,scraped,2026-09-13T18:34:50.811517,
5c7b97b111418f10,https://nz.linkedin.com/jobs/view/product-engineer-nz-workshop-at-partly-4428454545,"Product Engineer, NZ, Workshop",Partly,posted,2026-09-13T18:35:09.075683,304
1de063e9842a1fbf,https://nz.linkedin.com/jobs/view/account-manager-wellington-at-eatclub-4465841782,Account Manager (Wellington),,scraped,2026-09-13T18:35:19.666630,
b72f58975ae5e6ac,https://nz.linkedin.com/jobs/view/engineering-hydrologist-at-tonkin-%2B-taylor-4452589703,Engineering Hydrologist,,scraped,2026-09-13T18:35:27.841566,
c3d1accadd91adad,https://nz.linkedin.com/jobs/view/class-4-ready-mix-driver-at-hw-richardson-group-4465376620,Class 4 Ready Mix Driver,,scraped,2026-09-13T18:35:36.870895,
8dac0397f8c358f4,https://nz.linkedin.com/jobs/view/sales-consultant-noel-leeming-dunedin-city-at-noel-leeming-4464383373,"Sales Consultant - Noel Leeming, Dunedin City",Noel Leeming,posted,2026-09-13T18:36:14.243136,306
95562d9e88b4a4ef,https://nz.linkedin.com/jobs/view/store-person-noel-leeming-tauranga-at-noel-leeming-4464374662,"Store Person - Noel Leeming, Tauranga",Noel Leeming,posted,2026-09-13T18:36:49.719900,308
c7eb71dfaa7fc1aa,https://nz.linkedin.com/jobs/view/senior-software-engineer-at-lawvu-4456077776,Senior Software Engineer,,scraped,2026-09-13T18:36:52.357370,
81921a44688e6a9e,https://nz.linkedin.com/jobs/view/security-lead-cyber-operations-and-engineering-at-new-zealand-customs-service-4463599452,"Security Lead, Cyber Operations and Engineering",,scraped,2026-09-13T18:37:03.710270,
2f60d69a44a415a9,https://nz.linkedin.com/jobs/view/store-manager-richmond-mall-at-pandora-4463593531,Store Manager (Richmond Mall),,scraped,2026-09-13T18:37:11.630490,
3095c82b8960b146,https://nz.linkedin.com/jobs/view/strategic-account-manager-at-cloudbeds-4456313465,Strategic Account Manager,Cloudbeds,posted,2026-09-13T18:37:20.724586,70
418924f76bcc015d,https://nz.linkedin.com/jobs/view/assistant-store-manager-lynn-mall-at-pandora-4463592544,Assistant Store Manager (Lynn Mall),Pandora,posted,2026-09-13T18:38:00.802580,310
36595fb2d09b211a,https://nz.linkedin.com/jobs/view/senior-software-engineer-ai-at-future-secure-ai-4445665212,Senior Software Engineer - AI,Future Secure AI,posted,2026-09-13T18:38:05.400623,64
4a6194f566796f70,https://nz.linkedin.com/jobs/view/back-end-software-engineer-senior-at-xe-com-4465844822,Back End Software Engineer (Senior),,scraped,2026-09-13T18:38:11.943869,
baf6b36fe3c21839,https://nz.linkedin.com/jobs/view/business-insights-analyst-at-ministry-of-business-innovation-and-employment-4464423909,Business Insights Analyst,,scraped,2026-09-13T18:38:18.340191,
670ad275dc8f5c4a,https://nz.linkedin.com/jobs/view/engineering-team-lead-nz-at-partly-4322020014,"Engineering Team Lead, NZ",Partly,posted,2026-09-13T18:38:32.913792,312
cc36d7b9785c064c,https://nz.linkedin.com/jobs/view/electrical-engineer-power-at-wsp-in-new-zealand-4447292182,Electrical Engineer - Power,WSP in New Zealand,posted,2026-09-13T18:38:44.607039,314
4b9bf7931088eb85,https://nz.linkedin.com/jobs/view/intermediate-senior-commercial-projects-solicitor-wellington-at-simpson-grierson-4462207284,Intermediate/Senior Commercial & Projects Solicitor - Wellington,,scraped,2026-09-13T18:38:47.207571,
398f2f34436b52e1,https://nz.linkedin.com/jobs/view/director-solution-sales-engineering-pacific-region-new-zealand-at-parallel-wireless-4370966231,"Director, Solution Sales Engineering, Pacific region (New Zealand)",Parallel Wireless,posted,2026-09-13T18:38:59.322327,316
78e51736263ab520,https://nz.linkedin.com/jobs/view/showroom-manager-auckland-showroom-at-coco-republic-4462903665,Showroom Manager | Auckland Showroom,,scraped,2026-09-13T18:39:01.884185,
a72b9b1a9ac0eafe,https://nz.linkedin.com/jobs/view/software-engineer-lead-at-gallagher-4444524550,Software Engineer Lead,,scraped,2026-09-13T18:39:09.423169,
4c3a660e299424b2,https://nz.linkedin.com/jobs/view/painter-at-babcock-australia-new-zealand-4464417873,Painter,,scraped,2026-09-13T18:39:19.338193,
6d9f24aa9cde676d,https://nz.linkedin.com/jobs/view/recruitment-consultant-%E2%80%93-s-m-at-hunter-campbell-4454483617,Recruitment Consultant – S&M,,scraped,2026-09-13T18:39:25.806121,
0992364425c41af6,https://nz.linkedin.com/jobs/view/bas-intermediate-senior-accountant-at-ey-4464937508,BAS Intermediate/Senior Accountant,EY,posted,2026-09-13T18:39:43.919840,318
0b00e8a3a52fe72b,https://nz.linkedin.com/jobs/view/geotechnical-engineer-at-wsp-in-new-zealand-4399832157,Geotechnical Engineer,WSP in New Zealand,posted,2026-09-13T18:39:56.258868,320
47a106177975de6d,https://nz.linkedin.com/jobs/view/national-account-director-at-evt-entertainment-ventures-travel-4463410959,National Account Director,,scraped,2026-09-13T18:39:58.894208,
7c971ec08481dac9,https://nz.linkedin.com/jobs/view/business-controller-at-the-heineken-company-4463246105,Business Controller,The HEINEKEN Company,posted,2026-09-13T18:40:10.911946,90
628acd46dc6a18ed,https://nz.linkedin.com/jobs/view/heavy-vehicle-technician-christchurch-token-at-scania-new-zealand-4464991455,"Heavy Vehicle Technician, Christchurch - Token",,scraped,2026-09-13T18:40:13.467756,
96fc1fb8d0d8dc7a,https://nz.linkedin.com/jobs/view/digital-marketing-performance-manager-at-tribe-group-4456139000,Digital Marketing Performance Manager,,scraped,2026-09-13T18:40:21.293133,
e82edf531eb6022e,https://nz.linkedin.com/jobs/view/food-beverage-team-leader-at-m%C3%B6venpick-hotels-resorts-4465114939,Food & Beverage Team Leader,,scraped,2026-09-13T18:40:27.444098,
5bf33f02d5dead1a,https://nz.linkedin.com/jobs/view/head-of-finance-csd-dt-at-nz-post-4463245095,Head of Finance - CSD & DT,,scraped,2026-09-13T18:40:41.476761,
c4d233a727eb9138,https://nz.linkedin.com/jobs/view/senior-manager-modelling-at-bank-of-new-zealand-4462259254,Senior Manager Modelling,,scraped,2026-09-13T18:40:48.924988,
f4b01364628e1f81,https://nz.linkedin.com/jobs/view/senior-cybersecurity-operations-analyst-at-defend-4464301488,Senior Cybersecurity Operations Analyst,,scraped,2026-09-13T18:40:56.197795,
dcd0a8d540da5fae,https://nz.linkedin.com/jobs/view/customer-experience-associate-at-marloo-4465859476,Customer Experience Associate,Marloo,posted,2026-09-13T18:41:11.497437,322
0f985fa2b99cd1bb,https://nz.linkedin.com/jobs/view/booking-services-coordinator-at-the-hiring-platform-4465459578,Booking Services Coordinator,The Hiring Platform,posted,2026-09-13T18:41:20.561012,324
ad844a4cfeb3ed51,https://nz.linkedin.com/jobs/view/head-chef-at-star-group-4463867580,Head Chef,,scraped,2026-09-13T18:41:23.185855,
37b7ea8e81796570,https://nz.linkedin.com/jobs/view/engineering-hydrologist-at-tonkin-%2B-taylor-4452569786,Engineering Hydrologist,,scraped,2026-09-13T18:41:29.848060,
98aaf284ffdc05d3,https://nz.linkedin.com/jobs/view/category-promotions-planner-fresh-at-foodstuffs-south-island-4462272258,Category & Promotions Planner - Fresh,,scraped,2026-09-13T18:41:38.388826,
f5398db3189307d1,https://nz.linkedin.com/jobs/view/principal-protection-engineer-at-worley-4437131722,Principal Protection Engineer,Worley,posted,2026-09-13T18:41:49.211378,116
c4e2b67ce3ca9726,https://nz.linkedin.com/jobs/view/senior-or-associate-earthing-engineer-at-jacobs-4447259857,Senior or Associate Earthing Engineer,Jacobs,posted,2026-09-13T18:41:53.807480,130
a07a77ea7dbe424b,https://nz.linkedin.com/jobs/view/senior-adviser-perimeter-response-at-financial-markets-authority-%E2%80%93-te-mana-t%C4%81tai-hokohoko-4464123588,"Senior Adviser, Perimeter & Response",Financial Markets Authority – Te Mana Tātai Hokohoko,posted,2026-09-13T18:42:01.784640,264
a04f3f914527f2ad,https://nz.linkedin.com/jobs/view/diesel-mechanic-at-tranzit-group-4465018379,Diesel Mechanic,,scraped,2026-09-13T18:42:04.305214,
fa685217cb2aa370,https://nz.linkedin.com/jobs/view/technical-director-network-planning-at-mott-macdonald-4446539973,Technical Director Network Planning,Mott MacDonald,posted,2026-09-13T18:42:21.158608,325
24aa59a122f945bb,https://nz.linkedin.com/jobs/view/java-backend-engineer-mandarin-speaking-at-global-wave-group-4466035536,Java Backend Engineer - Mandarin Speaking,Global Wave Group,posted,2026-09-13T18:42:30.138837,327
3475a156c4ed7e71,https://nz.linkedin.com/jobs/view/customer-support-representative-at-officemax-new-zealand-4464432181,Customer Support Representative,,scraped,2026-09-13T18:42:34.710718,
e5d5f67cd34dbeb8,https://nz.linkedin.com/jobs/view/senior-software-engineer-at-beca-4438105400,Senior Software Engineer,,scraped,2026-09-13T18:42:42.940138,
c863ed4efef50109,https://nz.linkedin.com/jobs/view/legal-secretary-at-ministry-of-justice-new-zealand-4464079088,Legal Secretary,,scraped,2026-09-13T18:42:50.621415,
d37aae894f5e9791,https://nz.linkedin.com/jobs/view/kmart-papatoetoe-nz-department-manager-at-kmart-australia-limited-4454644128,Kmart Papatoetoe NZ - Department Manager,Kmart Australia Limited,posted,2026-09-13T18:43:10.767897,329
0b74347062da6e81,https://nz.linkedin.com/jobs/view/productivity-analyst-at-hamilton-city-council-4464139401,Productivity Analyst,Hamilton City Council,posted,2026-09-13T18:43:30.919700,331
6be1bc97fc49089a,https://nz.linkedin.com/jobs/view/sales-executive-at-national-credit-insurance-brokers-pty-ltd-4463428022,Sales Executive,,scraped,2026-09-13T18:43:33.568629,
5e862aca438d3552,https://nz.linkedin.com/jobs/view/assistant-store-manager-commercial-bay-at-oroton-group-4464063861,Assistant Store Manager - Commercial Bay,Oroton Group,posted,2026-09-13T18:43:53.753290,333
3477bf28660b88b7,https://nz.linkedin.com/jobs/view/senior-product-designer-at-lightspeed-commerce-4464945433,Senior Product Designer,,scraped,2026-09-13T18:43:56.284866,
aeeeaa3e4cbda20d,https://nz.linkedin.com/jobs/view/stms-multiskilled-at-napier-city-council-4464871955,STMS Multiskilled,,scraped,2026-09-13T18:44:02.437853,
9623e9b071d4e2a5,https://nz.linkedin.com/jobs/view/sap-technical-consultant-sap-basis-at-capgemini-4462598997,SAP Technical Consultant - SAP Basis,,scraped,2026-09-13T18:44:11.654551,
8d894319414b5194,https://nz.linkedin.com/jobs/view/store-manager-supercheap-auto-levin-at-supercheap-auto-4437535773,Store Manager - Supercheap Auto Levin,Supercheap Auto,posted,2026-09-13T18:44:30.226993,335
776d45c3af38ae20,https://nz.linkedin.com/jobs/view/shipment-coordinator-at-brunswick-marine-in-emea-4418259026,Shipment Coordinator,,scraped,2026-09-13T18:44:34.762748,
0e50f8d9046dfc9f,https://nz.linkedin.com/jobs/view/compliance-officer-building-at-tauranga-city-council-4466000792,Compliance Officer - Building,,scraped,2026-09-13T18:44:41.303365,
f2e343712abc7946,https://nz.linkedin.com/jobs/view/systems-administrator-at-w%C4%93t%C4%81-workshop-ltd-4458732041,Systems Administrator,,scraped,2026-09-13T18:44:49.843714,
f6f34f7cd52e7c79,https://nz.linkedin.com/jobs/view/operator-at-higgins-4457257393,Operator,,scraped,2026-09-13T18:44:57.865335,
8364ce0ca24c4461,https://nz.linkedin.com/jobs/view/account-manager-saas-4044-at-gbg-plc-4462244175,Account Manager - SaaS (4044),,scraped,2026-09-13T18:45:07.577056,
ae97b8dc6ab7309f,https://nz.linkedin.com/jobs/view/maintenance-fitter-at-laminex-new-zealand-4464965328,Maintenance Fitter,,scraped,2026-09-13T18:45:14.197253,
716a3b8b98bf6945,https://nz.linkedin.com/jobs/view/vocational-rehabilitation-service-lead-%E2%80%93-wellington-at-habit-health-4463946845,Vocational Rehabilitation Service Lead – Wellington,,scraped,2026-09-13T18:45:21.996405,
4614ba0b72db14cc,https://nz.linkedin.com/jobs/view/retail-store-manager-riccarton-at-lorna-jane-4464302158,Retail Store Manager - Riccarton,,scraped,2026-09-13T18:45:30.105006,
f6706225ed417636,https://nz.linkedin.com/jobs/view/media-planner-buyer-at-mbm-4463579538,Media Planner Buyer,,scraped,2026-09-13T18:45:36.730166,
783d6ce6f5a1b9fb,https://nz.linkedin.com/jobs/view/intermediate-senior-auditor-at-bdo-in-new-zealand-4463299253,Intermediate / Senior Auditor,,scraped,2026-09-13T18:45:47.077246,
c42e7ed2a1916858,https://nz.linkedin.com/jobs/view/property-and-facilities-manager-at-savills-australia-new-zealand-4463931470,Property and Facilities Manager,,scraped,2026-09-13T18:45:55.947029,
3d993497813fd3ff,https://nz.linkedin.com/jobs/view/people-and-culture-advisor-at-ziwi-4463466667,People and Culture Advisor,ZIWI,posted,2026-09-13T18:46:12.186322,337
8fe080a2ac3151bb,https://nz.linkedin.com/jobs/view/business-controller-at-db-breweries-4464417023,Business Controller,,scraped,2026-09-13T18:46:14.739327,
cfdd957732f5adff,https://nz.linkedin.com/jobs/view/resolution-specialist-at-acc-new-zealand-4464165550,Resolution Specialist,,scraped,2026-09-13T18:46:22.500343,
bbe14651dc01f227,https://nz.linkedin.com/jobs/view/real-estate-solicitor-at-simpson-grierson-4462207285,Real Estate Solicitor,,scraped,2026-09-13T18:46:31.100805,
24afb33d5838b5e7,https://nz.linkedin.com/jobs/view/avionics-technician-spaceplane-at-dawn-aerospace-4456158988,Avionics Technician - Spaceplane,,scraped,2026-09-13T18:46:38.066256,
abd68a2b7743652f,https://nz.linkedin.com/jobs/view/information-security-engineer-at-westpac-new-zealand-4462261901,Information Security Engineer,Westpac New Zealand,posted,2026-09-13T18:46:55.740394,339
0d25891431ed2853,https://nz.linkedin.com/jobs/view/senior-account-manager-at-the-launch-agency-4462995312,Senior Account Manager,,scraped,2026-09-13T18:47:04.334026,
07196c75aff64aca,https://nz.linkedin.com/jobs/view/engineering-hydrologist-at-tonkin-%2B-taylor-4452569785,Engineering Hydrologist,,scraped,2026-09-13T18:47:38.805605,
29878ab177429f24,https://nz.linkedin.com/jobs/view/senior-project-manager-at-wsp-in-new-zealand-4466045897,Senior Project Manager,WSP in New Zealand,posted,2026-09-13T18:47:58.273109,341
b68a1af82436e491,https://nz.linkedin.com/jobs/view/carpentry-estimator-at-cushman-wakefield-4445691101,Carpentry Estimator,Cushman &amp; Wakefield,posted,2026-09-13T18:48:07.606839,343
abb1286e5a63fb26,https://nz.linkedin.com/jobs/view/food-beverage-attendant-at-m%C3%B6venpick-hotels-resorts-4464112570,Food & Beverage Attendant,,scraped,2026-09-13T18:48:10.258633,
ce4733a7587bc23c,https://nz.linkedin.com/jobs/view/centre-manager-auckland-at-scentre-group-owner-of-westfield-destinations-in-aus-and-nz-4465384380,Centre Manager - Auckland,,scraped,2026-09-13T18:48:18.774958,
0769e4f92e3d1f43,https://nz.linkedin.com/jobs/view/manager-fire-and-life-safety-engineering-at-wsp-4463009404,"Manager, Fire and Life Safety Engineering",WSP,posted,2026-09-13T18:48:30.981729,74
2a772dfb088bc698,https://nz.linkedin.com/jobs/view/trade-customer-service-mitre10-mega-wanaka-at-mitre-10-new-zealand-limited-4464727930,Trade Customer Service - Mitre10 Mega Wanaka,,scraped,2026-09-13T18:48:33.519317,
89d28150be01d267,https://nz.linkedin.com/jobs/view/senior-solution-specialist-m365-at-datacom-4447280340,Senior Solution Specialist | M365,Datacom,posted,2026-09-13T18:48:45.485227,138
29a7f4a9581494da,https://nz.linkedin.com/jobs/view/senior-studio-designer-at-colenso-bbdo-4462681889,Senior Studio Designer,,scraped,2026-09-13T18:48:48.230137,
0b08baf6114c4371,https://nz.linkedin.com/jobs/view/group-financial-controller-at-tribe-group-4440323263,Group Financial Controller,,scraped,2026-09-13T18:48:55.452600,
04a97d573c316229,https://nz.linkedin.com/jobs/view/assistant-restaurant-manager-lunn-avenue-at-nando-s-australia-new-zealand-4463922417,Assistant Restaurant Manager - Lunn Avenue,,scraped,2026-09-13T18:49:01.838701,
b9dcc4287b8705ab,https://nz.linkedin.com/jobs/view/manager-infrastructure-at-kpmg-new-zealand-4333682824,Manager - Infrastructure,KPMG New Zealand,posted,2026-09-13T18:49:16.682563,345
a28c865c1fbdbae0,https://nz.linkedin.com/jobs/view/physiotherapist-at-apm-new-zealand-4427339033,Physiotherapist,,scraped,2026-09-13T18:49:21.218470,
177867663d7c95a6,https://nz.linkedin.com/jobs/view/biology-teacher-at-diocesan-school-for-girls-4466085860,Biology Teacher,Diocesan School for Girls,posted,2026-09-13T18:49:35.934721,347
757f34435059b88c,https://nz.linkedin.com/jobs/view/head-of-customer-engagement-enablement-at-the-warehouse-group-4464368703,Head of Customer Engagement & Enablement,,scraped,2026-09-13T18:49:38.546502,
10d57058bc58b82a,https://nz.linkedin.com/jobs/view/engineering-team-lead-at-optimal-4460040800,Engineering Team Lead,,scraped,2026-09-13T18:49:45.436898,
25bbc3856c9a7660,https://nz.linkedin.com/jobs/view/banking-consultant-at-anz-4466069096,Banking Consultant,,scraped,2026-09-13T18:49:51.896686,
8b079da8989b3b93,https://nz.linkedin.com/jobs/view/junior-ai-integration-engineer-at-zuru-4411408596,Junior AI Integration Engineer,,scraped,2026-09-13T18:49:58.668357,
0be935143327c832,https://nz.linkedin.com/jobs/view/senior-data-scientist-nz-at-partly-4428092636,"Senior Data Scientist, NZ",Partly,posted,2026-09-13T18:50:13.567440,349
565a6d863d88801e,https://nz.linkedin.com/jobs/view/head-gardener-at-summerset-retirement-villages-4465821076,Head Gardener,,scraped,2026-09-13T18:50:16.160130,
bce2ce41ed27d301,https://nz.linkedin.com/jobs/view/sales-support-manager-paraparaumu-at-the-warehouse-4464371692,Sales Support Manager- Paraparaumu,,scraped,2026-09-13T18:50:22.706838,
1b133f82f7b14968,https://nz.linkedin.com/jobs/view/lead-experience-designer-at-mccann-new-zealand-4462671963,Lead Experience Designer,McCANN New Zealand,posted,2026-09-13T18:50:35.439062,351
abad06bb50b9b123,https://nz.linkedin.com/jobs/view/intermediate-engineer-at-dxc-technology-4463238022,Intermediate Engineer,DXC Technology,posted,2026-09-13T18:50:43.744440,353
2a8664a3d3769a7e,https://nz.linkedin.com/jobs/view/senior-associate-architect-data-centres-at-jacobs-4457081176,Senior Associate Architect - Data Centres,Jacobs,posted,2026-09-13T18:50:52.321024,355
08e9127b87a8e0b5,https://nz.linkedin.com/jobs/view/commercial-manager-at-tribe-group-4446395407,Commercial Manager,,scraped,2026-09-13T18:50:55.004083,
3e9986e65a1e4781,https://nz.linkedin.com/jobs/view/collections-registry-officer-at-ministry-of-justice-new-zealand-4465345457,Collections Registry Officer,,scraped,2026-09-13T18:51:01.071591,
a23dc77f925b5e38,https://nz.linkedin.com/jobs/view/marketing-executive-at-park-hyatt-4462567968,Marketing Executive,Park Hyatt,posted,2026-09-13T18:51:14.020488,357
5c81ce5e7243c3f2,https://nz.linkedin.com/jobs/view/portfolio-manager-at-nz-transport-agency-waka-kotahi-4463248676,Portfolio Manager,,scraped,2026-09-13T18:51:16.594817,
efe8c11cea80f30b,https://nz.linkedin.com/jobs/view/manager-of-strategic-investment-regional-development-trust-tair%C4%81whiti-at-populous-people-limited-4462918057,Manager of Strategic Investment & Regional Development - Trust Tairāwhiti,,scraped,2026-09-13T18:51:24.676104,
c7a3f36357bbed33,https://nz.linkedin.com/jobs/view/general-manager-sheraton-christchurch-at-sheraton-hotels-resorts-4438157597,General Manager - Sheraton Christchurch,Sheraton Hotels &amp; Resorts,posted,2026-09-13T18:51:37.407865,359
29b5ffd8336c47bf,https://nz.linkedin.com/jobs/view/sales-development-representative-%E2%80%93-japanese-speaking-at-eims-4461868816,Sales Development Representative – Japanese Speaking,,scraped,2026-09-13T18:51:40.048890,
bd62cfb133881c4f,https://nz.linkedin.com/jobs/view/finance-business-partner-at-aramex-4465636866,Finance Business Partner,Aramex,posted,2026-09-13T18:51:56.191322,144
57c0a7c3e784c5e6,https://nz.linkedin.com/jobs/view/senior-product-manager-banking-experience-at-xero-4454211684,"Senior Product Manager, Banking Experience",,scraped,2026-09-13T18:51:58.761175,
ead15404dec95dd2,https://nz.linkedin.com/jobs/view/senior-cybersecurity-operations-analyst-at-defend-4464445870,Senior Cybersecurity Operations Analyst,,scraped,2026-09-13T18:52:05.301553,
316976b40e75fdfc,https://nz.linkedin.com/jobs/view/finance-business-partner-at-downer-4464433161,Finance Business Partner,,scraped,2026-09-13T18:52:14.266957,
fdc458791cb88af5,https://nz.linkedin.com/jobs/view/data-platform-analytics-engineer-databricks-powerbi-at-tonkin-%2B-taylor-4463951276,Data Platform & Analytics Engineer | Databricks | PowerBI,,scraped,2026-09-13T18:52:21.645624,
6cde01bf75f72861,https://nz.linkedin.com/jobs/view/electronics-test-engineer-at-gallagher-4463235375,Electronics Test Engineer,,scraped,2026-09-13T18:52:30.385559,
665e7ef60ee9b355,https://nz.linkedin.com/jobs/view/client-service-specialist-at-marsh-4464972678,Client Service Specialist,Marsh,posted,2026-09-13T18:52:44.141113,361
0d0be66c9388dfa0,https://nz.linkedin.com/jobs/view/product-manager-at-southern-cross-health-insurance-4463938302,Product Manager,,scraped,2026-09-13T18:52:46.747034,
ba97a88fd69b7397,https://nz.linkedin.com/jobs/view/physiotherapist-at-apm-new-zealand-4425762679,Physiotherapist,,scraped,2026-09-13T18:52:56.079772,
e9f63c70f98ef3c2,https://nz.linkedin.com/jobs/view/senior-associates-audit-christchurch-at-ey-4452525688,Senior Associates - Audit - Christchurch,EY,posted,2026-09-13T18:53:11.763419,363
ee5d517d482327c1,https://nz.linkedin.com/jobs/view/shut-supervisor-at-pan-pac-forest-products-ltd-4464433092,Shut Supervisor,,scraped,2026-09-13T18:53:14.342856,
e87d6af2a3d023eb,https://nz.linkedin.com/jobs/view/senior-property-compliance-and-maintenance-officer-central-auckland-at-spectrum-care-4463986456,Senior Property Compliance and Maintenance Officer - Central Auckland,,scraped,2026-09-13T18:53:24.039680,
8f425e71bf3ac8bf,https://nz.linkedin.com/jobs/view/senior-support-technician-at-first-focus-au-4462774038,Senior Support Technician,,scraped,2026-09-13T18:53:34.556225,
c475c8df199b388a,https://nz.linkedin.com/jobs/view/head-of-careers-and-student-pathways-to-success-2027-full-time-permanent-at-school-jobs-4463947163,Head of Careers and Student Pathways to Success 2027 (full-time permanent),School Jobs,posted,2026-09-13T18:53:47.934382,365
5b6b9e9024ad9584,https://nz.linkedin.com/jobs/view/field-service-engineer-i-at-honeywell-technologies-4464095175,Field Service Engineer I,Honeywell Technologies,posted,2026-09-13T18:53:56.984718,367
208f0788841645b3,https://nz.linkedin.com/jobs/view/major-fill-operations-specialist-at-woolworths-group-4464300036,Major Fill Operations Specialist,,scraped,2026-09-13T18:53:59.572007,
8bd69311ad776b77,https://nz.linkedin.com/jobs/view/learning-and-development-specialist-at-flight-centre-4462574068,Learning and Development Specialist,,scraped,2026-09-13T18:54:06.486151,
3e6dd92c6b24ee92,https://nz.linkedin.com/jobs/view/legal-counsel-employee-relations-at-hato-hone-st-john-4464956110,Legal Counsel - Employee Relations,,scraped,2026-09-13T18:54:17.814478,
f8ae932dde1f79a4,https://nz.linkedin.com/jobs/view/general-practitioner-at-primary-health-care-ltd-4464166722,General Practitioner,,scraped,2026-09-13T18:54:25.415715,
34d3e55ecbe48ab2,https://nz.linkedin.com/jobs/view/senior-platform-engineer-%E2%80%93-dwss-identity-governance-and-administration-at-kiwibank-4463232528,Senior Platform Engineer – DWSS Identity Governance and Administration,Kiwibank,posted,2026-09-13T18:55:23.517739,369
f576864b24e2cc34,https://nz.linkedin.com/jobs/view/regional-rural-lead-at-opteon-aus-nz-4423132282,Regional Rural Lead,,scraped,2026-09-13T18:55:26.047937,
fe6abb83cc67ab50,https://nz.linkedin.com/jobs/view/senior-optical-technician-kiwistar-at-electro-optic-systems-4436514560,Senior Optical Technician - Kiwistar,,scraped,2026-09-13T18:55:32.530176,
076130287a7f1b26,https://nz.linkedin.com/jobs/view/principal-advisor-technical-at-ministry-of-business-innovation-and-employment-4464465539,Principal Advisor Technical,,scraped,2026-09-13T18:55:43.003674,
2b81aee89b79fe12,https://nz.linkedin.com/jobs/view/electronics-test-engineer-at-gallagher-animal-management-chile-4464428324,Electronics Test Engineer,,scraped,2026-09-13T18:55:50.368200,
830f97d085213878,https://nz.linkedin.com/jobs/view/auditor-at-baker-tilly-staples-rodway-4460152622,Auditor,,scraped,2026-09-13T18:55:58.418812,
6ce11b026bcb7efe,https://nz.linkedin.com/jobs/view/general-counsel-%E2%80%93-global-markets-at-artemis-executive-recruitment-limited-4464809047,General Counsel – Global Markets,,scraped,2026-09-13T18:56:15.678299,
b3461218207bfad9,https://nz.linkedin.com/jobs/view/operations-manager-at-kwetta-4457079112,Operations Manager,,scraped,2026-09-13T18:56:26.391830,
60949b1148a2ce9c,https://nz.linkedin.com/jobs/view/barbering-tutor-at-yoobee-college-of-creative-innovation-4463078695,Barbering Tutor,Yoobee College of Creative Innovation,posted,2026-09-13T18:56:42.230038,371
193e1f1b2198dcb3,https://nz.linkedin.com/jobs/view/residential-services-officer-at-ministry-of-business-innovation-and-employment-4466795211,Residential Services Officer,,scraped,2026-09-13T18:56:46.786877,
c915e9fba32e88fc,https://nz.linkedin.com/jobs/view/senior-cyber-security-consultant-strategy-risk-at-talent-4464852531,Senior Cyber Security Consultant - Strategy & Risk,Talent,posted,2026-09-13T18:57:11.040500,373
e6415c46ea6dc7b6,https://nz.linkedin.com/jobs/view/customer-success-manager-at-dxc-technology-4438322715,Customer Success Manager,DXC Technology,posted,2026-09-13T18:57:19.850182,375
96dfb5ecc4a78d34,https://nz.linkedin.com/jobs/view/nz-stylerunner-sales-assistant-expression-of-interest-at-stylerunner-4410945906,NZ Stylerunner Sales Assistant - Expression of Interest,Stylerunner,posted,2026-09-13T18:57:32.842121,377
3cdb729373639dc5,https://nz.linkedin.com/jobs/view/senior-or-associate-earthing-engineer-at-jacobs-4447250943,Senior or Associate Earthing Engineer,Jacobs,posted,2026-09-13T18:57:37.871897,130
4e00921a5a350df2,https://nz.linkedin.com/jobs/view/head-of-investment-operations-governance-at-kernel-4464529374,Head of Investment Operations & Governance,,scraped,2026-09-13T18:57:40.472006,
e1b05718fd4f1bb8,https://nz.linkedin.com/jobs/view/customer-service-representative-at-ttec-4438396954,Customer Service Representative,TTEC,posted,2026-09-13T18:57:49.557946,122
cea5ee833a03ce10,https://nz.linkedin.com/jobs/view/fill-team-member-the-warehouse-kaitaia-at-the-warehouse-4464363752,"Fill Team Member - The Warehouse, Kaitaia",,scraped,2026-09-13T18:57:52.228483,
8b4bcac0a43e9ee2,https://nz.linkedin.com/jobs/view/customer-account-manager-hamilton-at-motion-asia-pacific-4444524314,Customer Account Manager | Hamilton,,scraped,2026-09-13T18:57:58.838135,
5a15c1a573de39e0,https://nz.linkedin.com/jobs/view/business-planning-and-operations-at-icebreaker-4454944777,Business Planning and Operations,icebreaker,posted,2026-09-13T18:58:27.211878,379
82b7396d496adbe4,https://nz.linkedin.com/jobs/view/graduate-engineer-program-2027-at-egis-in-anz-4459687486,Graduate Engineer Program 2027,,scraped,2026-09-13T18:58:29.914750,
c2427df91f17f7fd,https://nz.linkedin.com/jobs/view/food-beverage-supervisor-at-ibis-ibis-styles-ibis-budget-4463230920,Food & Beverage Supervisor,"ibis, ibis Styles, ibis budget",posted,2026-09-13T18:58:39.338903,278
aaf322f550a8677d,https://nz.linkedin.com/jobs/view/asphalt-plant-operator-at-downer-4465606347,Asphalt Plant Operator,,scraped,2026-09-13T18:58:45.895234,
27264eded6a17df4,https://nz.linkedin.com/jobs/view/principal-protection-engineer-at-worley-4437133607,Principal Protection Engineer,Worley,posted,2026-09-13T18:58:57.202787,116
52af07fdd86971b2,https://nz.linkedin.com/jobs/view/building-surveyor-inspector-auckland-south-at-auckland-council-4460024207,Building Surveyor Inspector | Auckland South,Auckland Council,posted,2026-09-13T18:59:11.484913,381
25a4a85771ded627,https://nz.linkedin.com/jobs/view/senior-integration-engineer-solution-engineer-at-the-warehouse-group-4464363764,Senior Integration Engineer (Solution Engineer),,scraped,2026-09-13T18:59:14.185433,
e3b82fd813b91bc1,https://nz.linkedin.com/jobs/view/retail-assistant-replenishment-at-woolworths-group-4463708601,Retail Assistant - Replenishment,,scraped,2026-09-13T18:59:20.732489,
0c349fbaf07cd627,https://nz.linkedin.com/jobs/view/financial-accountant-at-tribe-group-4464084152,Financial Accountant,,scraped,2026-09-13T18:59:27.497346,
25384309a2fdf0d9,https://nz.linkedin.com/jobs/view/cloud-ai-solution-engineer-azure-platform-at-microsoft-4447523109,Cloud & AI Solution Engineer - Azure Platform,Microsoft,posted,2026-09-13T18:59:40.944390,383
45fd79b0bab74317,https://nz.linkedin.com/jobs/view/senior-physiotherapist-upper-hutt-at-habit-health-4463075005,Senior Physiotherapist - Upper Hutt,,scraped,2026-09-13T18:59:43.458554,
b885c557ea6611bb,https://nz.linkedin.com/jobs/view/trade-specialist-napa-napier-at-napa-australia-4464974811,Trade Specialist | NAPA Napier,,scraped,2026-09-13T18:59:51.259193,
bbf5336ee29f2081,https://nz.linkedin.com/jobs/view/business-development-manager-at-kernel-4464886044,Business Development Manager,,scraped,2026-09-13T18:59:57.443799,
1a6589baf8d515a1,https://nz.linkedin.com/jobs/view/senior-engineer-technical-lead-at-dxc-technology-4463231041,Senior Engineer / Technical Lead,DXC Technology,posted,2026-09-13T19:00:11.232485,385
a10aef35ddcff393,https://nz.linkedin.com/jobs/view/operational-team-manager-corporate-travel-at-corporate-travel-management-ctm-group-4464982543,Operational Team Manager - Corporate Travel,,scraped,2026-09-13T19:00:13.807983,
8f1e01414dd99228,https://nz.linkedin.com/jobs/view/key-account-manager-at-argus-fire-systems-service-limited-4464428720,Key Account Manager,,scraped,2026-09-13T19:00:20.598073,
82bff3684389ce0a,https://nz.linkedin.com/jobs/view/strategic-account-manager-at-rockwell-automation-4466330733,Strategic Account Manager,Rockwell Automation,posted,2026-09-13T19:00:30.726990,70
85e9902fdb5b2b23,https://nz.linkedin.com/jobs/view/commercial-manager-at-museums-aotearoa-4462927013,Commercial Manager,,scraped,2026-09-13T19:00:33.335194,
6d2b7b21984fd795,https://nz.linkedin.com/jobs/view/customer-service-representative-autolign-christchurch-at-bapcor-limited-4466035833,Customer Service Representative - Autolign Christchurch,,scraped,2026-09-13T19:00:42.486523,
6f4e0d4ca3e15339,https://nz.linkedin.com/jobs/view/service-coordinator-at-adaptalift-group-4463418300,Service Coordinator,,scraped,2026-09-13T19:00:49.430429,
2e47083b996891c8,https://nz.linkedin.com/jobs/view/lead-estimator-m-f-at-heb-construction-4465859667,Lead Estimator M/F,,scraped,2026-09-13T19:00:57.217888,
6d4af6bb9884b988,https://nz.linkedin.com/jobs/view/delivery-driver-installation-specialist-at-noel-leeming-4464361885,Delivery Driver / Installation Specialist,Noel Leeming,posted,2026-09-13T19:01:14.841419,387
06293961e3a0ebb2,https://nz.linkedin.com/jobs/view/president-marsh-risk-new-zealand-at-marsh-4464094016,"President, Marsh Risk New Zealand",Marsh,posted,2026-09-13T19:01:24.058491,389
de58239d36094114,https://nz.linkedin.com/jobs/view/accounting-professional%3F-discover-a-new-career-in-saas-sales-with-xero-at-xero-4453408207,Accounting Professional? Discover a new career in SaaS Sales with Xero,,scraped,2026-09-13T19:01:26.723472,
5c821fd232da24f4,https://nz.linkedin.com/jobs/view/paid-media-graduate-at-zuru-4465011229,Paid Media Graduate,,scraped,2026-09-13T19:01:33.529579,
e1fded8a358f88c9,https://nz.linkedin.com/jobs/view/lead-estimator-m-f-at-vinci-construction-4466012133,Lead Estimator M/F,,scraped,2026-09-13T19:01:41.457225,
e8ee984a0cce2cf2,https://nz.linkedin.com/jobs/view/engineering-operations-technician-akl-cluster-at-amazon-web-services-aws-4455910374,"Engineering Operations Technician, AKL Cluster",Amazon Web Services (AWS),posted,2026-09-13T19:01:55.261390,391
24bbd0b9ac80f72c,https://nz.linkedin.com/jobs/view/finance-manager-%E2%80%93-ap-ar-at-ziwi-4460426428,Finance Manager – AP/AR,ZIWI,posted,2026-09-13T19:02:07.757603,393
af18ee7830f60dcc,https://nz.linkedin.com/jobs/view/assistant-manager-manager-enterprise-advisory-at-kpmg-new-zealand-4454220620,Assistant Manager / Manager - Enterprise Advisory,KPMG New Zealand,posted,2026-09-13T19:02:18.327971,395
4390af8f2307fa58,https://nz.linkedin.com/jobs/view/experienced-farm-assistant-herd-manager-at-ag-assist-4464141803,Experienced Farm Assistant/Herd Manager,,scraped,2026-09-13T19:02:20.853188,
69114d7ea22eacdb,https://nz.linkedin.com/jobs/view/digital-designer-at-the-creative-store-new-zealand-4464162933,Digital Designer,,scraped,2026-09-13T19:02:28.878475,
069db18468eda4be,https://nz.linkedin.com/jobs/view/analyst-spatial-intelligence-at-ministry-for-primary-industries-mpi-4464164279,Analyst Spatial Intelligence,,scraped,2026-09-13T19:02:38.271808,
f9203bb33b18ea4a,https://nz.linkedin.com/jobs/view/data-conversion-engineer-at-idexx-4456461356,Data Conversion Engineer,IDEXX,posted,2026-09-13T19:02:52.174449,397
bbc82132bfdfc6b5,https://nz.linkedin.com/jobs/view/manager-senior-manager-tax-policy-controversy-at-ey-4435604672,Manager | Senior Manager - Tax Policy & Controversy,EY,posted,2026-09-13T19:03:03.287741,399
8040fefb51a442b9,https://nz.linkedin.com/jobs/view/court-registry-officer-at-ministry-of-justice-new-zealand-4464404189,Court Registry Officer,,scraped,2026-09-13T19:03:05.850169,
a20dd707937d2766,https://nz.linkedin.com/jobs/view/senior-procurement-business-partner-at-foodstuffs-north-island-limited-4462990846,Senior Procurement Business Partner,,scraped,2026-09-13T19:03:13.947294,
b5f3d9d4e04da2d9,https://nz.linkedin.com/jobs/view/maintenance-engineer-at-tetra-pak-4464086963,Maintenance Engineer,Tetra Pak,posted,2026-09-13T19:03:27.012569,274
c6fd1e6bc52dcc8b,https://nz.linkedin.com/jobs/view/legal-executive-property-at-drake-new-zealand-4464067217,Legal Executive | Property,,scraped,2026-09-13T19:03:29.567313,
a953dbec383dbaa4,https://nz.linkedin.com/jobs/view/senior-rivers-monitoring-officer-at-environment-canterbury-4465616277,Senior Rivers Monitoring Officer,,scraped,2026-09-13T19:03:35.955223,
d91c0fe750b1a3b1,https://nz.linkedin.com/jobs/view/portfolio-manager-at-nz-transport-agency-waka-kotahi-4463245639,Portfolio Manager,,scraped,2026-09-13T19:03:43.583004,
cfa3c7d6bd5da9af,https://nz.linkedin.com/jobs/view/data-analytics-lead-at-tata-consultancy-services-4452794076,Data Analytics Lead,Tata Consultancy Services,posted,2026-09-13T19:04:01.976750,401
7b65fd2ea87f6d24,https://nz.linkedin.com/jobs/view/general-manager-wine-at-tribe-group-4455243103,General Manager - Wine,,scraped,2026-09-13T19:04:04.624795,
45750e3951eadde4,https://nz.linkedin.com/jobs/view/caregiver-night-shift-at-summerset-retirement-villages-4465098444,Caregiver - Night Shift,,scraped,2026-09-13T19:04:10.854780,
d1a2624507dec655,https://nz.linkedin.com/jobs/view/marketing-executive-at-crimson-education-4463230876,Marketing Executive,Crimson Education,posted,2026-09-13T19:04:23.004624,357
047de805454219a0,https://nz.linkedin.com/jobs/view/physiotherapist-at-habit-health-4462921399,Physiotherapist,,scraped,2026-09-13T19:04:25.675589,
6642088f1d461d4c,https://nz.linkedin.com/jobs/view/relationship-associate-agri-at-anz-4464969490,Relationship Associate - Agri,,scraped,2026-09-13T19:04:33.402850,
706dccd3f8973fb3,https://nz.linkedin.com/jobs/view/general-accounting-support-at-tribe-group-4465602251,General Accounting Support,,scraped,2026-09-13T19:04:39.999936,
ee1d3be34d53a895,https://nz.linkedin.com/jobs/view/healthcare-assistant-at-oceania-4462959186,Healthcare Assistant,,scraped,2026-09-13T19:04:46.112009,
f5b2c4a864c3e596,https://nz.linkedin.com/jobs/view/head-of-programme-management-at-tiaki-wai-4466019951,Head of Programme Management,Tiaki Wai,posted,2026-09-13T19:05:02.698677,403
9e92d6dbe867f0e1,https://nz.linkedin.com/jobs/view/salesforce-technical-architect-telecom-communication-cloud-revenue-cloud-at-infosys-4451295468,Salesforce Technical Architect (Telecom | Communication Cloud / Revenue Cloud),Infosys,posted,2026-09-13T19:05:14.840013,405
1b2db55d16ad33d2,https://nz.linkedin.com/jobs/view/sap-functional-consultant-ibp-at-capgemini-4463801620,SAP Functional Consultant - IBP,,scraped,2026-09-13T19:05:17.473184,
0b81b91e89a6b3e9,https://nz.linkedin.com/jobs/view/food-processing-workers-pick-packers-at-sr-solutions-4466472908,Food Processing workers/Pick Packers,SR Solutions,posted,2026-09-13T19:05:33.148908,407
a995a2e25a16aa64,https://nz.linkedin.com/jobs/view/marketing-manager-at-hellofresh-4466075512,Marketing Manager,,scraped,2026-09-13T19:05:35.841294,
52e8139e6112ec2e,https://nz.linkedin.com/jobs/view/brand-activation-specialist-at-one-new-zealand-4465010304,Brand Activation Specialist,,scraped,2026-09-13T19:05:43.144338,
baa18ef8047bc928,https://nz.linkedin.com/jobs/view/assistant-comptroller-national-security-and-operational-readiness-at-new-zealand-customs-service-4464840303,"Assistant Comptroller, National Security and Operational Readiness",,scraped,2026-09-13T19:05:52.963348,
dbb921ac258c57ab,https://nz.linkedin.com/jobs/view/commercial-strategy-analyst-at-halter-4464186900,Commercial Strategy Analyst,,scraped,2026-09-13T19:06:00.931783,
1515259f4a4a1572,https://nz.linkedin.com/jobs/view/night-manager-at-mgallery-hotel-collection-4464809849,Night Manager,,scraped,2026-09-13T19:06:07.101850,
f4a1651d7923d0dc,https://nz.linkedin.com/jobs/view/south-canterbury-toyota-vehicle-detailer-at-north-western-toyota-4462933354,South Canterbury Toyota - Vehicle Detailer,North Western Toyota,posted,2026-09-13T19:06:21.472014,409
5ef65eb5ead3b33f,https://nz.linkedin.com/jobs/view/client-director-corporate-at-kiwibank-4460239090,Client Director - Corporate,Kiwibank,posted,2026-09-13T19:07:10.398112,411
7a39f5431cd84d5c,https://nz.linkedin.com/jobs/view/head-of-faculty-physical-education-health-at-school-jobs-4463403928,Head of Faculty - Physical Education & Health,School Jobs,posted,2026-09-13T19:07:19.089671,413
c4c76954bc31824e,https://nz.linkedin.com/jobs/view/senior-software-engineer-squad-tech-lead-at-skycity-entertainment-group-4462566389,Senior Software Engineer - Squad Tech Lead,,scraped,2026-09-13T19:07:21.716353,
e2ae4dc7a2f4ae43,https://nz.linkedin.com/jobs/view/campaign-delivery-and-insights-manager-at-woolworths-group-4462761454,Campaign Delivery and Insights Manager,,scraped,2026-09-13T19:07:29.703323,
c879d9e7ce504d73,https://nz.linkedin.com/jobs/view/senior-geotechnical-engineer-at-holmes-aus-nz-4462677886,Senior Geotechnical Engineer,Holmes Aus & NZ,posted,2026-09-13T19:07:46.815710,415
e7649c4cbe6b4d98,https://nz.linkedin.com/jobs/view/structural-analyst-at-rocket-lab-4463019139,Structural Analyst,Rocket Lab,posted,2026-09-13T19:07:55.988999,417
a295c3c95befbefe,https://nz.linkedin.com/jobs/view/business-services-administrator-at-mott-macdonald-4465354265,Business Services Administrator,Mott MacDonald,posted,2026-09-13T19:08:08.355211,419
0f9712367d67b329,https://nz.linkedin.com/jobs/view/laboratory-technician-at-silver-fern-farms-ltd-4465874924,Laboratory Technician,,scraped,2026-09-13T19:08:10.884557,
0743b1129bc11f0d,https://nz.linkedin.com/jobs/view/courier-at-fedex-4464490027,Courier,FedEx,posted,2026-09-13T19:08:25.001366,421
64858f3421c85a6d,https://nz.linkedin.com/jobs/view/training-co-ordinator-at-assa-abloy-group-4454170875,Training Co-ordinator,,scraped,2026-09-13T19:08:27.588347,
e546565c80bb8086,https://nz.linkedin.com/jobs/view/chief-people-capability-and-culture-officer-at-ministry-of-education-new-zealand-4463226072,"Chief People, Capability and Culture Officer",,scraped,2026-09-13T19:08:34.043576,
efa4350b09a3cc59,https://nz.linkedin.com/jobs/view/junior-lawyer-at-public-defence-service-new-zealand-4461879095,Junior Lawyer,,scraped,2026-09-13T19:08:41.136086,
6e783ef151f52601,https://nz.linkedin.com/jobs/view/ibp-manager-at-hunter-campbell-4462984548,IBP Manager,,scraped,2026-09-13T19:08:51.008851,
cea7537800d28618,https://nz.linkedin.com/jobs/view/sous-chef-at-lion-4464451983,Sous Chef,,scraped,2026-09-13T19:08:57.938934,
3eb9d508aeec2ddf,https://nz.linkedin.com/jobs/view/line-mechanic-at-northpower-4456150895,Line Mechanic,,scraped,2026-09-13T19:09:04.830375,
6ce4555de0f8db01,https://nz.linkedin.com/jobs/view/inventory-controller-at-ziwi-4463993162,Inventory Controller,ZIWI,posted,2026-09-13T19:09:22.406141,423
a8d8918197340448,https://nz.linkedin.com/jobs/view/store-manager-onehunga-at-puma-group-4446103250,Store Manager - Onehunga,,scraped,2026-09-13T19:09:24.974276,
4e42957908c4323f,https://nz.linkedin.com/jobs/view/delivery-driver-bnt-kapiti-at-bapcor-limited-4464093104,Delivery Driver - BNT Kapiti,,scraped,2026-09-13T19:09:31.809187,
bbdff798a94525c9,https://nz.linkedin.com/jobs/view/title%0A-%0A-%0A-export-sales-coordinator-ifl-at-sealord-group-ltd-4462298901,"Title
            
                
                    Export Sales Coordinator - IFL",,scraped,2026-09-13T19:09:38.799491,
ec07b75be0eb0082,https://nz.linkedin.com/jobs/view/planner-schedular-underground-mining-maintenance-at-oceanagold-corporation-4455397173,Planner Schedular - Underground Mining Maintenance,,scraped,2026-09-13T19:09:48.178450,
71c6b69e7a1e180b,https://nz.linkedin.com/jobs/view/fitter-electrical-at-babcock-australia-new-zealand-4464693545,Fitter Electrical,,scraped,2026-09-13T19:09:54.858893,
2baf2aa272b5c7f8,https://nz.linkedin.com/jobs/view/expression-of-interest-for-substation-lead-and-technical-director-level-engineers-at-ghd-4436072133,EXPRESSION OF INTEREST for Substation Lead and Technical Director Level Engineers,,scraped,2026-09-13T19:10:01.381475,
9fc787017695994e,https://nz.linkedin.com/jobs/view/field-service-technician-at-aristocrat-gaming-4464578039,Field Service Technician,,scraped,2026-09-13T19:10:09.740416,
9c6ae41f7e80a13e,https://nz.linkedin.com/jobs/view/senior-bas-consultant-assistant-manager-at-consult-recruitment-4464508680,Senior BAS Consultant / Assistant Manager,,scraped,2026-09-13T19:10:17.013841,
61ce73483e963f7e,https://nz.linkedin.com/jobs/view/occupational-therapist-ashburton-or-timaru-at-habit-health-4462906360,Occupational Therapist (Ashburton or Timaru),,scraped,2026-09-13T19:10:24.258734,
fbeaf3bb924ef6b6,https://nz.linkedin.com/jobs/view/maintenance-fitter-at-gallagher-4409777021,Maintenance Fitter,,scraped,2026-09-13T19:10:32.477257,
6063f8b5b298b0ca,https://nz.linkedin.com/jobs/view/ground-engineering-tunnelling-market-lead-at-aecom-4462571747,Ground Engineering & Tunnelling Market Lead,AECOM,posted,2026-09-13T19:10:46.390954,425
aeab401c12822b8e,https://nz.linkedin.com/jobs/view/area-sales-manager-at-mascot%C2%AE-workwear-4416809002,Area Sales Manager,,scraped,2026-09-13T19:10:49.007930,
b802ea991fc65049,https://nz.linkedin.com/jobs/view/international-performance-and-insights-specialist-at-nz-post-4463567549,International Performance and Insights Specialist,,scraped,2026-09-13T19:10:55.849897,
db7a7b70401342af,https://nz.linkedin.com/jobs/view/change-portfolio-administrator-at-sbs-bank-4465362225,Change Portfolio Administrator,,scraped,2026-09-13T19:11:03.163980,
9704c2975f66bba4,https://nz.linkedin.com/jobs/view/senior-quality-automation-engineer-at-re-leased-4464153953,Senior Quality Automation Engineer,,scraped,2026-09-13T19:11:10.241669,
4c33dc43c6a4ae17,https://nz.linkedin.com/jobs/view/territory-business-manager-at-dexcom-4464350389,Territory Business Manager,Dexcom,posted,2026-09-13T19:11:24.328217,427
368c8a6d80825893,https://nz.linkedin.com/jobs/view/dentist-greymouth-family-dental-at-abano-healthcare-group-4411279037,Dentist | Greymouth Family Dental,,scraped,2026-09-13T19:11:26.827903,
dc2ac01ab86dc8bc,https://nz.linkedin.com/jobs/view/commercial-finance-manager-at-westland-milk-products-4463439199,Commercial Finance Manager,,scraped,2026-09-13T19:11:33.505796,
c27179391db9172e,https://nz.linkedin.com/jobs/view/senior-medical-writer-at-icon-plc-4429006881,Senior Medical Writer,,scraped,2026-09-13T19:11:41.623270,
a9a224b2c1c70eec,https://nz.linkedin.com/jobs/view/medical-receptionist-linwood-at-tend-health-ltd-4462951268,Medical Receptionist - Linwood,,scraped,2026-09-13T19:11:48.258905,
4d7653a8629ba659,https://nz.linkedin.com/jobs/view/technical-feed-partner-hamilton-at-graincorp-4464816696,Technical Feed Partner - Hamilton,,scraped,2026-09-13T19:11:54.736242,
ccbf44c2b76e76ba,https://nz.linkedin.com/jobs/view/architectural-technical-manager-at-archway-recruitment-4464437190,Architectural Technical Manager,,scraped,2026-09-13T19:12:01.489259,
ac512d7a633f5de8,https://nz.linkedin.com/jobs/view/industrial-painter-at-the-paint-factory-4464949010,Industrial Painter,,scraped,2026-09-13T19:12:09.318775,
1d65b3b11e4ed96b,https://nz.linkedin.com/jobs/view/renewable-energy-analyst-graduate-at-renewable-careers-4466043564,Renewable Energy Analyst (Graduate),,scraped,2026-09-13T19:12:15.825205,
24d69c581d7dc057,https://nz.linkedin.com/jobs/view/senior-business-intelligence-consultant-at-dataengine-4464811387,Senior Business Intelligence Consultant,,scraped,2026-09-13T19:12:21.934729,
fbe06b802ad4b215,https://nz.linkedin.com/jobs/view/director-management-consulting-at-kpmg-new-zealand-4390660127,Director - Management Consulting,KPMG New Zealand,posted,2026-09-13T19:12:37.544586,429
643c88415e1c4ef9,https://nz.linkedin.com/jobs/view/manager-client-success-manager-at-dxc-technology-4462914550,Manager Client Success Manager,DXC Technology,posted,2026-09-13T19:13:03.065480,431
ed090771e90c76e6,https://nz.linkedin.com/jobs/view/new-business-manager-4465334510,New Business Manager,Tauranga Rentals Limited,posted,2026-09-13T22:05:11.853568,433
e4efbbbbafd1ee6e,https://nz.linkedin.com/jobs/view/senior-director-of-product-architecture-and-engineering-at-les-mills-international-4417461071,Senior Director of Product Architecture and Engineering,,scraped,2026-09-13T22:05:30.478130,
863f9ba6340a4670,https://nz.linkedin.com/jobs/view/new-business-account-executive-new-zealand-at-revolut-4456647908,New Business Account Executive (New Zealand),,scraped,2026-09-13T22:05:37.710690,
9f657899242537ee,https://nz.linkedin.com/jobs/view/strategic-account-manager-at-cloudbeds-4456317413,Strategic Account Manager,Cloudbeds,posted,2026-09-13T22:06:02.498915,70
5a8cae43a355252b,https://nz.linkedin.com/jobs/view/head-chef-restaurant-associates-at-compass-group-new-zealand-4463425277,Head Chef | Restaurant Associates,,scraped,2026-09-13T22:06:05.101772,
9ddabe1abeeae007,https://nz.linkedin.com/jobs/view/retail-consultant-at-early-settler-4463244973,Retail Consultant,,scraped,2026-09-13T22:06:29.769272,
d8c68e96f9372294,https://nz.linkedin.com/jobs/view/head-of-engineering-at-engage-recruitment-support-4465893270,Head of Engineering,,scraped,2026-09-13T22:06:54.784923,
a7fc146de8d28792,https://nz.linkedin.com/jobs/view/mechanical-fitter-at-sgs-4464739822,Mechanical Fitter,,scraped,2026-09-13T22:07:11.480633,
ffa108562c59da98,https://nz.linkedin.com/jobs/view/court-registry-officer-at-ministry-of-justice-new-zealand-4466797553,Court Registry Officer,,scraped,2026-09-13T22:08:34.164348,
0f6b24da907b0d86,https://nz.linkedin.com/jobs/view/manager-fire-and-life-safety-engineering-at-wsp-4463009405,"Manager, Fire and Life Safety Engineering",WSP,posted,2026-09-13T22:11:09.238004,74
b5ef42a74e2f0fa9,https://nz.linkedin.com/jobs/view/sales-consultant-noel-leeming-napier-at-noel-leeming-4464376663,"Sales Consultant - Noel Leeming, Napier",Noel Leeming,posted,2026-09-13T22:11:22.157090,435
0492e585d81bf2e6,https://nz.linkedin.com/jobs/view/project-manager-at-archway-recruitment-4464088528,Project Manager,,scraped,2026-09-13T22:11:24.689917,
5f261916ac24a044,https://nz.linkedin.com/jobs/view/store-manager-st-lukes-at-pandora-4463598374,Store Manager (St Lukes),,scraped,2026-09-13T22:11:32.189799,
24228da22852d61c,https://nz.linkedin.com/jobs/view/tech-solution-specialist-instore-at-the-warehouse-group-4464371703,Tech Solution Specialist - InStore,,scraped,2026-09-13T22:11:52.999624,
af7ea89fdbbc8643,https://nz.linkedin.com/jobs/view/digital-marketing-specialist-at-tribe-group-4455581308,Digital Marketing Specialist,,scraped,2026-09-13T22:11:59.521333,
82e2d76d99396081,https://nz.linkedin.com/jobs/view/customer-fulfilment-specialist-at-noel-leeming-4464385152,Customer Fulfilment Specialist,Noel Leeming,posted,2026-09-13T22:12:28.462105,437
2d74e665cb7124a1,https://nz.linkedin.com/jobs/view/mechanic-field-service-at-komatsu-australia-4461895319,Mechanic - Field Service,,scraped,2026-09-13T22:14:17.085535,
ce2b69409e124628,https://nz.linkedin.com/jobs/view/pa-project-coordinator-at-madison-recruitment-4464840385,PA / Project Coordinator,,scraped,2026-09-13T22:14:49.780339,
c9d929a96098170c,https://nz.linkedin.com/jobs/view/librarian-at-auckland-council-4462987810,Librarian,Auckland Council,posted,2026-09-13T22:15:40.014249,439
4fa442cadf38d15a,https://nz.linkedin.com/jobs/view/senior-consultant-internal-audit-financial-services-at-ey-4433915907,Senior Consultant - Internal Audit - Financial Services,EY,posted,2026-09-13T22:15:50.907584,441
efc4376dd2738e61,https://nz.linkedin.com/jobs/view/senior-production-engineer-at-dawn-aerospace-4457087583,Senior Production Engineer,,scraped,2026-09-13T22:16:09.608485,
096185549cb75476,https://nz.linkedin.com/jobs/view/senior-quality-editor-english-at-education-perfect-4466796571,Senior Quality Editor - English,,scraped,2026-09-13T22:16:16.297053,
cfd8651e2966030b,https://nz.linkedin.com/jobs/view/product-strategist-at-propellerhead-4430841165,Product Strategist,,scraped,2026-09-13T22:16:22.929525,
c3d92564b1c6ef5d,https://nz.linkedin.com/jobs/view/software-specialist-developer-platforms-at-asb-bank-4450454498,Software Specialist (Developer Platforms),,scraped,2026-09-13T22:16:29.597221,
258bb0a273600672,https://nz.linkedin.com/jobs/view/oral-health-therapist-lumino-taradale-at-abano-healthcare-group-4465888301,Oral Health Therapist | Lumino Taradale,,scraped,2026-09-13T22:16:36.276982,
3e6e16a46071a416,https://nz.linkedin.com/jobs/view/digital-platform-engineer-at-sky-new-zealand-4463402983,Digital Platform Engineer,,scraped,2026-09-13T22:16:54.879724,
82950e40896dcccf,https://nz.linkedin.com/jobs/view/field-service-technician-at-gamblingcareers-com-4466073856,Field Service Technician,GamblingCareers.com,posted,2026-09-13T22:17:21.919942,443
b0f932ef886db0e4,https://nz.linkedin.com/jobs/view/senior-support-technician-at-first-focus-au-4462774039,Senior Support Technician,,scraped,2026-09-13T22:17:24.515271,
8e9a8daf2b03d0f3,https://nz.linkedin.com/jobs/view/advocacy-communications-manager-at-l-or%C3%A9al-4456082435,Advocacy & Communications Manager,,scraped,2026-09-13T22:17:53.321777,
bad2e0f9233986dd,https://nz.linkedin.com/jobs/view/journalist-at-rnz-4462907332,Journalist,,scraped,2026-09-13T22:18:00.149821,
651d4ff434aa3ea2,https://nz.linkedin.com/jobs/view/regional-facilities-manager-at-oceania-4463511097,Regional Facilities Manager,,scraped,2026-09-13T22:18:22.523305,
7f8f2d27de26fece,https://nz.linkedin.com/jobs/view/court-registry-officer-at-public-defence-service-new-zealand-4464994012,Court Registry Officer,,scraped,2026-09-13T22:18:30.416413,
2830f193be217ac4,https://nz.linkedin.com/jobs/view/portfolio-lead-at-napier-city-council-4464877894,Portfolio Lead,,scraped,2026-09-13T22:18:53.512854,
94514cafc65fba97,https://nz.linkedin.com/jobs/view/junior-lawyer-at-ministry-of-justice-new-zealand-4464063814,Junior Lawyer,,scraped,2026-09-13T22:19:01.755079,
360a8e107d4f6304,https://nz.linkedin.com/jobs/view/business-development-manager-south-island-new-zealand-at-schneider-electric-4462923729,"Business Development Manager - South Island, New Zealand",Schneider Electric,posted,2026-09-13T22:19:28.551602,168
efaec9330b23f3d6,https://nz.linkedin.com/jobs/view/team-lead-environmental-planning-at-nz-transport-agency-waka-kotahi-4463246654,Team Lead Environmental Planning,NZ Transport Agency Waka Kotahi,posted,2026-09-13T22:19:56.344743,170
259fb588422bd42a,https://nz.linkedin.com/jobs/view/services-consultant-sr-at-dayforce-4464737399,Services Consultant Sr,Dayforce,posted,2026-09-13T22:20:10.688703,445
61e8242ac08be887,https://nz.linkedin.com/jobs/view/digital-marketing-specialist-at-tribe-group-4446374803,Digital Marketing Specialist,,scraped,2026-09-13T22:20:41.329279,
ab317c2a4c018ab1,https://nz.linkedin.com/jobs/view/full-time-retail-assistant-repco-manukau-at-repco-4467001662,Full Time Retail Assistant | Repco Manukau,Repco,posted,2026-09-14T03:00:49.691209,447
b55b0492fbfe31fe,https://nz.linkedin.com/jobs/view/lubrication-technician-at-mccain-foods-4465013078,Lubrication Technician,,scraped,2026-09-14T03:00:54.258578,
3c91f15e479e05ec,https://nz.linkedin.com/jobs/view/assistant-store-manager-warehouse-stationery-queenstown-at-warehouse-stationery-4464378654,"Assistant Store Manager - Warehouse Stationery, Queenstown",,scraped,2026-09-14T03:01:00.738582,
0eafe077a00dc00a,https://nz.linkedin.com/jobs/view/registered-midwife-at-evolution-healthcare-4467028088,Registered Midwife,,scraped,2026-09-14T03:01:15.154532,
3a7e5b4b1b984ca8,https://nz.linkedin.com/jobs/view/media-planning-manager-fmcg-at-zuru-edge-4467042049,Media Planning Manager - FMCG,ZURU Edge,posted,2026-09-14T03:02:06.624451,449
4c1b6891fc53a0cc,https://nz.linkedin.com/jobs/view/front-office-agent-at-sofitel-4465493581,Front Office Agent,,scraped,2026-09-14T03:02:21.185660,
345188a9686dc4ff,https://nz.linkedin.com/jobs/view/assistant-restaurant-manager-rotorua-at-nando-s-australia-new-zealand-4464980450,Assistant Restaurant Manager - Rotorua,,scraped,2026-09-14T03:02:46.420116,
57b077ef6c5d1419,https://nz.linkedin.com/jobs/view/kmart-auckland-cfc-nz-operations-manager-at-kmart-australia-limited-4464737897,Kmart Auckland CFC NZ - Operations Manager,Kmart Australia Limited,posted,2026-09-14T03:03:15.813115,451
99048e9db0711850,https://nz.linkedin.com/jobs/view/transfer-pricing-manager-at-consult-recruitment-4464514591,Transfer Pricing Manager,,scraped,2026-09-14T03:03:20.385720,
0975c75ed077b564,https://nz.linkedin.com/jobs/view/account-director-public-sector-australia-and-new-zealand-at-trm-labs-4466785851,"Account Director, Public Sector - (Australia and New Zealand)",TRM Labs,posted,2026-09-14T03:03:39.099863,453
d02ce4fac4a5c4ac,https://nz.linkedin.com/jobs/view/senior-cybersecurity-engineer-at-datacom-4465610795,Senior Cybersecurity Engineer,Datacom,posted,2026-09-14T03:04:19.061272,54
457eed72534ea832,https://nz.linkedin.com/jobs/view/software-engineer-at-seequent-4464247233,Software Engineer,,scraped,2026-09-14T03:04:21.629083,
e4fee46d5a1d1e50,https://nz.linkedin.com/jobs/view/store-manager-sunglass-hut-ft-nz-botany-at-sunglass-hut-4465482823,Store Manager | Sunglass Hut | FT | NZ | Botany,Sunglass Hut,posted,2026-09-14T03:05:53.935909,455
c57f49dc47caee59,https://nz.linkedin.com/jobs/view/assistant-category-manager-%E2%80%93-frozen-at-foodstuffs-north-island-limited-4465489604,Assistant Category Manager – Frozen,,scraped,2026-09-14T03:06:08.565155,
25e0b1a1eecb0023,https://nz.linkedin.com/jobs/view/senior-consultant-people-consulting-at-ey-4389179111,Senior Consultant - People Consulting,EY,posted,2026-09-14T03:06:29.142525,457
1255217af7b6caee,https://nz.linkedin.com/jobs/view/executive-assistant-at-genesis-4466783822,Executive Assistant,Genesis,posted,2026-09-14T03:07:17.122475,459
be5525b22efed81d,https://nz.linkedin.com/jobs/view/software-engineer-%E2%80%93-intermediate-senior-at-gallagher-animal-management-chile-4467006251,Software Engineer – Intermediate/Senior,,scraped,2026-09-14T03:07:25.708753,
8ce699418e90a4a5,https://nz.linkedin.com/jobs/view/explosive-detector-dog-handlers-at-civil-aviation-authority-of-new-zealand-4466788110,Explosive Detector Dog Handlers,,scraped,2026-09-14T03:08:01.644631,
d8c79b4ee5cf9214,https://nz.linkedin.com/jobs/view/lead-physiotherapist-at-habit-health-4465483751,Lead Physiotherapist,,scraped,2026-09-14T03:08:15.120113,
3849cafb661f1773,https://nz.linkedin.com/jobs/view/investment-capex-manager-at-skycity-entertainment-group-4464740868,Investment & Capex Manager,,scraped,2026-09-14T03:08:23.245411,
b80f34511cd0142e,https://nz.linkedin.com/jobs/view/engineering-manager-ml-ai-at-xero-4463502563,Engineering Manager - ML & AI,,scraped,2026-09-14T03:08:45.406846,
b85b2ad61905b70f,https://nz.linkedin.com/jobs/view/solution-engineer-snr-android-dev-at-the-warehouse-group-4464366724,Solution Engineer (Snr Android Dev),,scraped,2026-09-14T03:09:43.940664,
3fecddf1bb80bf73,https://nz.linkedin.com/jobs/view/activation-assistant-at-omnicom-media-4465479726,Activation Assistant,Omnicom Media,posted,2026-09-14T03:10:13.655852,461
42951b632d4f0ebd,https://nz.linkedin.com/jobs/view/vocational-rehabilitation-service-lead-%E2%80%93-wellington-at-habit-health-4464835032,Vocational Rehabilitation Service Lead – Wellington,,scraped,2026-09-14T03:10:16.183593,
21cbd275faacb94c,https://nz.linkedin.com/jobs/view/territory-manager-hybrid-at-suntory-oceania-4465372619,Territory Manager - Hybrid,,scraped,2026-09-14T03:10:39.914206,
bd7543c615f62d54,https://nz.linkedin.com/jobs/view/ghd-graduate-program-2026-27-graduate-fire-mechanical-engineer-wellington-at-ghd-4465498662,GHD Graduate Program 2026/27 - Graduate Fire/Mechanical Engineer (Wellington),,scraped,2026-09-14T03:10:54.960958,
f95d5b058a255d09,https://nz.linkedin.com/jobs/view/senior-quantity-surveyor-at-consultanz-civil-engineering-construction-surveying-recruitment-4465489387,Senior Quantity Surveyor,,scraped,2026-09-14T03:11:13.002543,
ed19f5edbecde47b,https://nz.linkedin.com/jobs/view/enrolments-advisor-at-new-zealand-tertiary-college-4462261020,Enrolments Advisor,New Zealand Tertiary College,posted,2026-09-14T03:11:28.151331,463
09d66a8e9431165f,https://nz.linkedin.com/jobs/view/receptionist-at-kpmg-new-zealand-4462986415,Receptionist,KPMG New Zealand,posted,2026-09-14T03:11:38.120600,465
995e7561df92e763,https://nz.linkedin.com/jobs/view/court-registry-officer-at-ministry-of-justice-new-zealand-4464425711,Court Registry Officer,,scraped,2026-09-14T03:11:40.772172,
8f6f71217f50fb55,https://nz.linkedin.com/jobs/view/laboratory-technician-at-ixom-4467010097,Laboratory Technician,,scraped,2026-09-14T03:11:49.740703,
9d7040c79a948318,https://nz.linkedin.com/jobs/view/diagnostician-at-als-4463464147,Diagnostician,,scraped,2026-09-14T03:12:06.953551,
daf069e1955da2cc,https://nz.linkedin.com/jobs/view/senior-intermediate-banking-finance-lawyer-wellington-at-simpson-grierson-4462211203,Senior/intermediate Banking & Finance Lawyer - Wellington,,scraped,2026-09-14T03:12:14.410133,
88bc358bef963f46,https://nz.linkedin.com/jobs/view/sr-ai-solution-architect-ai-specialist-solutions-architect-team-at-amazon-web-services-aws-4465666205,"Sr AI Solution Architect, AI Specialist Solutions Architect team",Amazon Web Services (AWS),posted,2026-09-14T03:12:26.802861,467
153c34ad1d2eef6d,https://nz.linkedin.com/jobs/view/facilities-coordinator-at-pwc-new-zealand-4446518745,Facilities Coordinator,,scraped,2026-09-14T03:12:41.383829,
ca0e9bc1a462f5f8,https://nz.linkedin.com/jobs/view/groups-reservations-agent-at-novotel-hotels-4463541794,Groups Reservations Agent,,scraped,2026-09-14T03:13:08.743200,
b0c14911711e1f41,https://nz.linkedin.com/jobs/view/production-coordinator-sizer-operator-te-puna-at-dms-progrowers-ltd-4466787947,Production Coordinator (Sizer Operator) - Te Puna,,scraped,2026-09-14T03:13:24.321366,
339154b460b9365b,https://nz.linkedin.com/jobs/view/store-person-napa-dunedin-at-napa-australia-4465602530,Store Person | NAPA Dunedin,,scraped,2026-09-14T03:13:37.157296,
d21831b794bef624,https://nz.linkedin.com/jobs/view/systems-analyst-developer-at-one-new-zealand-4447839869,Systems Analyst & Developer,,scraped,2026-09-14T03:13:43.644624,
09815f0f0cec1911,https://nz.linkedin.com/jobs/view/senior-relationship-manager-property-finance-at-westpac-new-zealand-4463949339,Senior Relationship Manager Property Finance,Westpac New Zealand,posted,2026-09-14T03:14:26.491907,469
f7425d4a48a40d4f,https://nz.linkedin.com/jobs/view/operations-technician-at-hays-4464450508,Operations Technician,,scraped,2026-09-14T03:14:29.178396,
e57697e82f4951d5,https://nz.linkedin.com/jobs/view/assistant-branch-manager-at-stellar-recruitment-4464134501,Assistant Branch Manager,,scraped,2026-09-14T03:14:36.531311,
abfb99536edecf84,https://nz.linkedin.com/jobs/view/delivery-driver-noel-leeming-at-noel-leeming-4464372674,Delivery Driver - Noel Leeming,Noel Leeming,posted,2026-09-14T03:15:03.015170,471
a28c24d9d4c9df31,https://nz.linkedin.com/jobs/view/researcher-analyst-at-ministry-of-justice-new-zealand-4464083863,Researcher Analyst,,scraped,2026-09-14T03:15:05.617895,
d9853aef314aa16c,https://nz.linkedin.com/jobs/view/assistant-product-manager-at-tribe-group-4466781660,Assistant Product Manager,,scraped,2026-09-14T03:15:12.347099,
c37fff36c31b2707,https://nz.linkedin.com/jobs/view/engineering-team-lead-at-optimal-4456852181,Engineering Team Lead,,scraped,2026-09-14T03:15:18.634399,
dd987597405e477f,https://nz.linkedin.com/jobs/view/finance-manager-at-fulton-hogan-4465481316,Finance Manager,,scraped,2026-09-14T03:16:19.473799,
14c2b598a47c957e,https://nz.linkedin.com/jobs/view/senior-commercial-analyst-supply-chain-at-chep-4467014063,"Senior Commercial Analyst, Supply Chain",,scraped,2026-09-14T03:16:48.899510,
ca4a79a71460ac46,https://nz.linkedin.com/jobs/view/ecommerce-digital-specialist-at-foodstuffs-north-island-limited-4465485617,eCommerce Digital Specialist,,scraped,2026-09-14T03:16:56.010264,
cd22813589b54d5d,https://nz.linkedin.com/jobs/view/law-clerk-at-buddle-findlay-4465704106,Law Clerk,,scraped,2026-09-14T03:17:07.086471,
158b29abf5df15f5,https://nz.linkedin.com/jobs/view/director-finance-managed-services-at-pwc-new-zealand-4457095273,Director - Finance - Managed Services,,scraped,2026-09-14T03:18:07.039165,
b84bc200bcadeae4,https://nz.linkedin.com/jobs/view/group-manager-procurement-at-skycity-entertainment-group-4464752815,"Group Manager, Procurement",,scraped,2026-09-14T03:18:28.093457,
3646dea1071341fe,https://nz.linkedin.com/jobs/view/ecom-operations-specialist-at-woolworths-group-4464425993,eCom Operations Specialist,,scraped,2026-09-14T03:18:40.040127,
9dc3bacf90b47028,https://nz.linkedin.com/jobs/view/key-customer-account-manager-at-intellihub-group-4464743771,Key Customer Account Manager,,scraped,2026-09-14T03:19:04.845616,
d9a4a1224339fc12,https://nz.linkedin.com/jobs/view/pricing-and-tender-specialist-projects-at-abb-4465643759,Pricing and Tender Specialist - Projects,,scraped,2026-09-14T03:19:23.804941,
91ff4b656664e605,https://nz.linkedin.com/jobs/view/senior-consultant-workday-at-datacom-4455233557,Senior Consultant - Workday,Datacom,posted,2026-09-14T03:19:40.831287,473
b134399f066ab353,https://nz.linkedin.com/jobs/view/principal-consultant-at-datacom-4447004227,Principal Consultant,Datacom,posted,2026-09-14T03:19:48.762053,192
bb798d64368171bd,https://nz.linkedin.com/jobs/view/travel-expert-silverdale-at-flight-centre-travel-group-4455274282,Travel Expert - Silverdale,,scraped,2026-09-14T09:31:39.532858,
940335803190e2f8,https://nz.linkedin.com/jobs/view/store-assistant-at-salon-services-pro-4467035253,Store Assistant,Salon Services Pro,posted,2026-09-14T09:31:58.119975,475
f2c5bd0d76d1dcdc,https://nz.linkedin.com/jobs/view/asme-welder-at-sgs-4464770020,ASME Welder,,scraped,2026-09-14T09:32:06.693662,
2d2e161829ebface,https://nz.linkedin.com/jobs/view/account-manager-wellington-at-ingram-micro-czech-republic-4464964712,Account Manager (Wellington),,scraped,2026-09-14T09:32:13.357629,
89b7a71bd5a0edce,https://nz.linkedin.com/jobs/view/travel-expert-the-crossing-at-flight-centre-4467044886,Travel Expert - The Crossing,,scraped,2026-09-14T09:32:20.725441,
eeafe7ccd5488e03,https://nz.linkedin.com/jobs/view/software-engineer-database-at-xero-4444195971,Software Engineer - Database,,scraped,2026-09-14T09:32:27.816231,
4b94d9759574d3cf,https://nz.linkedin.com/jobs/view/enterprise-account-executive-new-zealand-at-elastic-4464469527,Enterprise Account Executive New Zealand,Elastic,posted,2026-09-14T09:32:51.683429,477
48a6774db97767fa,https://nz.linkedin.com/jobs/view/quote-desk-representative-at-ingram-micro-4444108893,Quote Desk Representative,Ingram Micro,posted,2026-09-14T09:33:00.720750,479
1d74f17e461c74e6,https://nz.linkedin.com/jobs/view/actuary-at-pps-mutual-new-zealand-4463926700,Actuary,PPS Mutual New Zealand,posted,2026-09-14T09:33:09.450055,481
0505a192abf5fae3,https://nz.linkedin.com/jobs/view/principal-frontend-engineer-at-xe-com-4464362857,Principal Frontend Engineer,,scraped,2026-09-14T09:33:12.074329,
485d4e6f61832384,https://nz.linkedin.com/jobs/view/domain-expert-accounting-practices-at-myob-4465372602,Domain Expert - Accounting Practices,,scraped,2026-09-14T09:33:36.580896,
b57cc3f23ae84405,https://nz.linkedin.com/jobs/view/bid-manager-writer-at-southroads-4465714252,Bid Manager/Writer,,scraped,2026-09-14T09:33:55.407124,
10119d6c42ae4347,https://nz.linkedin.com/jobs/view/staff-software-engineer-ai-at-future-secure-ai-4447272061,Staff Software Engineer - AI,Future Secure AI,posted,2026-09-14T09:34:11.558511,483
df2f97c23626925c,https://nz.linkedin.com/jobs/view/intermediate-electrical-engineer-building-services-at-ghd-4463817925,Intermediate Electrical Engineer (Building Services),,scraped,2026-09-14T09:34:14.177756,
e10f93b4e666ca37,https://nz.linkedin.com/jobs/view/assistant-store-manager-at-mountain-warehouse-4464163363,Assistant Store Manager,,scraped,2026-09-14T09:34:22.596587,
4eafe9b66f78fa17,https://nz.linkedin.com/jobs/view/workforce-planning-manager-at-the-warehouse-group-4464443608,Workforce Planning Manager,,scraped,2026-09-14T09:34:41.566544,
6c407f66bfba22eb,https://nz.linkedin.com/jobs/view/support-officer-administration-at-ministry-of-justice-new-zealand-4466788576,Support Officer (Administration),,scraped,2026-09-14T09:34:48.266115,
087a65a145f8a5a5,https://nz.linkedin.com/jobs/view/recruitment-consultant-%E2%80%93-accounting-finance-at-hunter-campbell-4454707831,Recruitment Consultant – Accounting & Finance,,scraped,2026-09-14T09:34:55.471715,
3db728a774e18deb,https://nz.linkedin.com/jobs/view/painter-cordis-auckland-at-langham-hospitality-group-4464970510,"Painter - Cordis, Auckland",,scraped,2026-09-14T09:35:05.283966,
3ed7834b2714cc4e,https://nz.linkedin.com/jobs/view/expression-of-interest-intermediate-to-senior-founding-engineers-at-comply-copilot-coco-ai-4464960887,Expression of Interest - Intermediate to Senior Founding Engineers,Comply Copilot (Coco AI),posted,2026-09-14T09:35:29.560683,485
ac43e82e5f74a74c,https://nz.linkedin.com/jobs/view/cellarhand-at-the-heineken-company-4455615136,Cellarhand,The HEINEKEN Company,posted,2026-09-14T09:35:41.851411,487
0e2fe1bbad9ab370,https://nz.linkedin.com/jobs/view/senior-actuary-at-acc-new-zealand-4464935596,Senior Actuary,,scraped,2026-09-14T09:35:44.439522,
b648b3db297bb8c9,https://nz.linkedin.com/jobs/view/private-credit-senior-associate-associate-director-at-private-capital-group-4465850977,Private Credit: Senior Associate / Associate Director,,scraped,2026-09-14T09:35:52.732455,
ebdbc42df4eb8355,https://nz.linkedin.com/jobs/view/full-time-sales-assistant-converse-authentic-factory-outlet-tawa-at-conquest-sports-pty-ltd-converse-licensee-4462539626,Full Time Sales Assistant Converse - Authentic Factory Outlet Tawa,,scraped,2026-09-14T09:35:59.535892,
7e29e417b2341f29,https://nz.linkedin.com/jobs/view/sales-administrator-at-cloudtorque-global-4464423347,Sales Administrator,,scraped,2026-09-14T09:36:05.935608,
106caeee58ebfbea,https://nz.linkedin.com/jobs/view/chief-commercial-officer-global-marketplace-at-archipro-4464982362,Chief Commercial Officer / Global Marketplace,,scraped,2026-09-14T09:36:20.175915,
507e95bbfe98141b,https://nz.linkedin.com/jobs/view/head-of-investor-relations-at-summerset-retirement-villages-4464644327,Head of Investor Relations,,scraped,2026-09-14T09:36:26.663909,
701228f233926485,https://nz.linkedin.com/jobs/view/account-manager-at-service-foods-4462203305,Account Manager,,scraped,2026-09-14T09:36:33.161735,
8a9508387a34b43b,https://nz.linkedin.com/jobs/view/business-development-manager-at-toll-group-4466015454,Business Development Manager,,scraped,2026-09-14T09:36:41.766810,
5e32f7cdd38cce94,https://nz.linkedin.com/jobs/view/company-secretary-at-revolut-4436258966,Company Secretary,,scraped,2026-09-14T09:36:48.638183,
2d3e272b16c2d450,https://nz.linkedin.com/jobs/view/cyber-security-consultant-at-rwa-people-4467013041,Cyber Security Consultant,,scraped,2026-09-14T09:36:55.036925,
52470bb1532dde6c,https://nz.linkedin.com/jobs/view/travel-expert-the-crossing-at-flight-centre-travel-group-4467046343,Travel Expert - The Crossing,,scraped,2026-09-14T09:37:11.196671,
213c59ba4feb1821,https://nz.linkedin.com/jobs/view/senior-retail-assistant-repco-motueka-at-repco-4467044497,Senior Retail Assistant | Repco Motueka,Repco,posted,2026-09-14T09:37:28.704856,489
96d70712d08a9054,https://nz.linkedin.com/jobs/view/assistant-branch-manager-repco-wanaka-at-repco-4464454455,Assistant Branch Manager | Repco Wanaka,Repco,posted,2026-09-14T09:37:43.299229,491
8c573c3a77435170,https://nz.linkedin.com/jobs/view/senior-director-technology-operations-at-seequent-4465434015,"Senior Director, Technology Operations",,scraped,2026-09-14T09:37:45.893695,
72817815886f7905,https://nz.linkedin.com/jobs/view/senior-communications-manager-at-xero-4465714582,Senior Communications Manager,,scraped,2026-09-14T09:37:52.373144,
6b3cf7664f910a90,https://nz.linkedin.com/jobs/view/driver-at-higgins-4464774498,Driver,,scraped,2026-09-14T09:38:04.797137,
fac56b243f85a69b,https://nz.linkedin.com/jobs/view/sales-3ic-noel-leeming-lunn-ave-at-noel-leeming-4464381578,"Sales 3IC - Noel Leeming, Lunn Ave",Noel Leeming,posted,2026-09-14T09:38:32.594414,493
bacfc20e748bd23d,https://nz.linkedin.com/jobs/view/senior-compliance-officer-prohibitions-at-ministry-of-business-innovation-and-employment-4467049257,Senior Compliance Officer Prohibitions,,scraped,2026-09-14T09:38:37.183064,
75dad8f4494124dd,https://nz.linkedin.com/jobs/view/radiologist-at-idexx-4408503353,Radiologist,IDEXX,posted,2026-09-14T09:38:54.178979,495
a488a2ca6e252d4e,https://nz.linkedin.com/jobs/view/one-channel-partner-account-manager-nz-at-lenovo-4463224422,One Channel - Partner Account Manager NZ,Lenovo,posted,2026-09-14T09:39:03.276829,497
7921db2b87828219,https://nz.linkedin.com/jobs/view/senior-product-engineer-at-optimal-4463172825,Senior Product Engineer,,scraped,2026-09-14T09:39:05.865560,
453198559f9fbdb3,https://nz.linkedin.com/jobs/view/whiteware-specialist-noel-leeming-silverdale-at-noel-leeming-4465687021,"Whiteware Specialist - Noel Leeming, Silverdale",Noel Leeming,posted,2026-09-14T09:39:22.661863,499
e33be1206539ca61,https://nz.linkedin.com/jobs/view/business-development-executive-at-auckland-conventions-venues-events-4465703481,Business Development Executive,,scraped,2026-09-14T09:39:25.260771,
96c863400759d892,https://nz.linkedin.com/jobs/view/technical-director-geotechnical-engineering-at-aecom-4461126730,Technical Director - Geotechnical Engineering,AECOM,posted,2026-09-14T09:39:38.730802,501
d744c3dec8cd52e6,https://nz.linkedin.com/jobs/view/branch-manager-repco-palmerston-north-at-repco-4443206872,Branch Manager | Repco Palmerston North,Repco,posted,2026-09-14T09:39:50.120730,503
427b7d445a0ba93f,https://nz.linkedin.com/jobs/view/senior-project-manager-at-wsp-4463948888,Senior Project Manager,WSP,posted,2026-09-14T09:40:06.716196,341
24ba9166db9d276d,https://nz.linkedin.com/jobs/view/housekeeping-coordinator-at-hilton-4464395450,Housekeeping Coordinator,Hilton,posted,2026-09-14T09:40:16.793432,505
aec2c268206926aa,https://nz.linkedin.com/jobs/view/customer-services-consultant-full-time-at-avis-budget-group-4464844900,Customer Services Consultant (Full-Time),Avis Budget Group,posted,2026-09-14T09:40:25.746255,507
ee5bc6f91560c434,https://nz.linkedin.com/jobs/view/on-site-tech-solutions-specialist-st-lukes-at-the-warehouse-group-4464371704,On-Site Tech Solutions Specialist - St Lukes,,scraped,2026-09-14T09:40:28.415250,
ba14efe8f09eea65,https://nz.linkedin.com/jobs/view/sap-abap-developer-at-capgemini-4464761399,SAP ABAP Developer,,scraped,2026-09-14T09:40:45.114728,
8bad0a31043eade3,https://nz.linkedin.com/jobs/view/landscapers-%E2%80%93-far-north-branch-at-northscape-4464486935,Landscapers – Far North Branch,,scraped,2026-09-14T09:40:51.357365,
338ecebb830e896e,https://nz.linkedin.com/jobs/view/nz-dr-martens-sales-assistant-expression-of-interest-at-dr-martens-australia-new-zealand-4410936963,NZ Dr Martens Sales Assistant - Expression of Interest,,scraped,2026-09-14T09:40:59.904851,
ed9b89cb0eb4ff09,https://nz.linkedin.com/jobs/view/software-engineer-%E2%80%93-intermediate-senior-at-gallagher-4465721124,Software Engineer – Intermediate/Senior,,scraped,2026-09-14T09:41:06.300830,
9d019c31efc7090d,https://nz.linkedin.com/jobs/view/principal-planner-at-slr-consulting-4465735136,Principal Planner,,scraped,2026-09-14T09:41:13.662671,
d848b8842161e8e0,https://nz.linkedin.com/jobs/view/rotational-applications-engineer-at-trimble-inc-4456452879,Rotational - Applications Engineer,Trimble Inc.,posted,2026-09-14T09:41:27.414225,509
8363d6ea87020a0e,https://nz.linkedin.com/jobs/view/indirect-tax-director-at-pwc-new-zealand-4456157743,Indirect Tax Director,,scraped,2026-09-14T09:41:30.014999,
5ec48c8e386d4b64,https://nz.linkedin.com/jobs/view/indirect-tax-manager-at-pwc-new-zealand-4457030925,Indirect Tax Manager,,scraped,2026-09-14T09:41:56.116946,
166673b575febf1b,https://nz.linkedin.com/jobs/view/senior-consultant-%E2%80%93-internal-audit-and-controls-assurance-at-deloitte-4466781961,Senior Consultant – Internal Audit and Controls Assurance,Deloitte,posted,2026-09-14T09:42:30.013215,511
f8089307408142d2,https://nz.linkedin.com/jobs/view/specifications-manager-roofing-at-sika-4460400293,Specifications Manager - Roofing,,scraped,2026-09-14T09:43:12.663471,
e09df8b745e0b40b,https://nz.linkedin.com/jobs/view/senior-project-manager-at-careeraiforge-4467032272,Senior Project Manager,careerAIForge,posted,2026-09-14T09:43:45.136835,341
0f896fe745c56559,https://nz.linkedin.com/jobs/view/guest-service-host-at-skyline-enterprises-4464739947,Guest Service Host,,scraped,2026-09-14T09:44:31.723559,
bd72674a6128a9f4,https://nz.linkedin.com/jobs/view/asian-business-sales-manager-mandarin-speaker-auckland-at-mitre-10-new-zealand-limited-4464772263,Asian Business Sales Manager | Mandarin Speaker | Auckland,,scraped,2026-09-14T09:44:45.872885,
12e7a3097278a1e8,https://nz.linkedin.com/jobs/view/law-clerk-financial-services-at-buddle-findlay-4465497687,Law Clerk - Financial Services,,scraped,2026-09-14T09:44:54.376398,
6f0e1e472f9981fe,https://nz.linkedin.com/jobs/view/pharmacy-technician-tutor-at-nzma-4464760352,Pharmacy Technician Tutor,NZMA,posted,2026-09-14T09:45:32.282735,272
bb5d245304a50918,https://nz.linkedin.com/jobs/view/programme-director-at-datacom-4456102178,Programme Director,Datacom,posted,2026-09-14T09:45:50.589893,194
e884ecadf6779d0a,https://nz.linkedin.com/jobs/view/activity-and-lifestyle-coordinator-at-ryman-healthcare-4464763526,Activity and Lifestyle Coordinator,,scraped,2026-09-14T09:45:53.178421,
d0db7e36f5cbd5d3,https://nz.linkedin.com/jobs/view/senior-er-advisor-at-tribe-group-4457008134,Senior ER Advisor,,scraped,2026-09-14T09:46:09.207520,
6bff22b2f1b90c4e,https://nz.linkedin.com/jobs/view/intermediate-senior-draftsperson-commercial-5%2B-years-experience-%E2%80%94-auckland-at-dhc-structural-civil-fire-4467029265,Intermediate/Senior Draftsperson (Commercial) 5+ Years Experience — Auckland,,scraped,2026-09-14T09:47:49.549007,
41565678b60fbf93,https://nz.linkedin.com/jobs/view/hvac-design-engineer-at-aquair-limited-4467029191,HVAC Design Engineer,Aquair Limited,posted,2026-09-14T09:48:08.377757,513
fd81ed095cf48a55,https://nz.linkedin.com/jobs/view/electronics-engineer-at-gallagher-4465496392,Electronics Engineer,,scraped,2026-09-14T09:48:31.068765,
2ad1aeef5e96dcba,https://nz.linkedin.com/jobs/view/senior-information-security-consultant-at-westpac-new-zealand-4464767393,Senior Information Security Consultant,Westpac New Zealand,posted,2026-09-14T09:50:21.980866,515
7787dbdd1f9e1af9,https://nz.linkedin.com/jobs/view/team-lead-asset-management-planning-at-nz-transport-agency-waka-kotahi-4465726358,Team Lead Asset Management Planning,,scraped,2026-09-14T09:50:30.592948,
4119f1f453b8e1ae,https://nz.linkedin.com/jobs/view/english-for-academic-purposes-or-esol-teacher-2027-permanent-full-time-at-school-jobs-4464778252,English for Academic Purposes (or ESOL) Teacher 2027 (permanent full-time),School Jobs,posted,2026-09-14T09:50:48.206927,517
5abd3966648f9363,https://nz.linkedin.com/jobs/view/ecom-operations-specialist-at-candid-jobs-4465735414,ECom Operations Specialist,,scraped,2026-09-14T09:50:52.817502,
40367f5be621f4f2,https://nz.linkedin.com/jobs/view/advisor-planning-and-support-at-civil-aviation-authority-of-new-zealand-4467045099,"Advisor, Planning and Support",,scraped,2026-09-14T09:51:41.498348,
7a58da141435bd61,https://nz.linkedin.com/jobs/view/accountant-at-south-taranaki-district-council-4465718139,Accountant,South Taranaki District Council,posted,2026-09-14T09:51:53.076217,252
d89bdc9637d772e2,https://nz.linkedin.com/jobs/view/admin-project-management-business-development-at-msme-ltd-mechanical-%E2%80%A2-electrical-%E2%80%A2-automation-%E2%80%A2-fabrication-%E2%80%A2-installation-4466709581,Admin & Project Management & Business Development,,scraped,2026-09-14T09:52:11.659355,
a170cbe30f47a533,https://nz.linkedin.com/jobs/view/voice-picker-at-persol-4463598889,Voice Picker,,scraped,2026-09-14T09:52:26.117431,
fe328901b9827adb,https://nz.linkedin.com/jobs/view/team-lead-asset-management-planning-at-nz-transport-agency-waka-kotahi-4465717311,Team Lead Asset Management Planning,NZ Transport Agency Waka Kotahi,posted,2026-09-14T09:53:25.018477,519
a707fe3baf13013f,https://nz.linkedin.com/jobs/view/expression-of-interest-at-arlo-training-management-software-4341291011,Expression of Interest,,scraped,2026-09-14T16:09:41.622365,
46250702b6325f84,https://nz.linkedin.com/jobs/view/home-automation-sales-specialist-at-unicom-intelligent-building-ltd-4465002217,Home Automation Sales Specialist,,scraped,2026-09-14T16:10:06.281327,
eebc933a993496f2,https://nz.linkedin.com/jobs/view/revit-technician-at-roblawmax-recruitment-4465480356,Revit Technician,,scraped,2026-09-14T16:10:51.415239,
6d4060cff6cc6143,https://nz.linkedin.com/jobs/view/business-development-executive-at-ihg-hotels-resorts-4463979326,Business Development Executive,,scraped,2026-09-14T16:10:58.177613,
56b84803e492aab6,https://nz.linkedin.com/jobs/view/account-manager-at-rico-4462243633,Account Manager,,scraped,2026-09-14T16:11:19.101406,
66b128df145cf36c,https://nz.linkedin.com/jobs/view/cybersecurity-engineer-at-hamilton-city-council-4451495095,Cybersecurity Engineer,Hamilton City Council,posted,2026-09-14T16:11:46.548836,521
d56fab1affd55710,https://nz.linkedin.com/jobs/view/solution-architect-d365-business-central-at-fusion5-4466022266,Solution Architect - D365 Business Central,,scraped,2026-09-14T16:11:49.084416,
600b096670f81600,https://nz.linkedin.com/jobs/view/class-2-driver-at-persol-4463073598,Class 2 Driver,,scraped,2026-09-14T16:12:08.505375,
dcb936ba01c270fc,https://nz.linkedin.com/jobs/view/computer-vision-engineer-at-gallagher-4456075833,Computer Vision Engineer,,scraped,2026-09-14T16:12:16.119870,
ba0f582764ab4b8f,https://nz.linkedin.com/jobs/view/front-of-house-team-member-at-star-group-4463874500,Front of House Team Member,,scraped,2026-09-14T16:12:23.344988,
5a8e03360287db74,https://nz.linkedin.com/jobs/view/head-chef-at-star-group-4464534002,Head Chef,,scraped,2026-09-14T16:12:50.356879,
685cf2467e1e336a,https://nz.linkedin.com/jobs/view/full-stack-software-engineer-at-xe-com-4467098070,Full Stack Software Engineer,,scraped,2026-09-14T16:13:32.904893,
c9679a42a94dbbba,https://nz.linkedin.com/jobs/view/assistant-branch-manager-repco-kerikeri-at-repco-4448109887,Assistant Branch Manager | Repco Kerikeri,Repco,posted,2026-09-14T16:13:56.612971,523
b2d2de74c879a60f,https://nz.linkedin.com/jobs/view/cable-jointer-at-persol-4463807215,Cable Jointer,,scraped,2026-09-14T16:14:15.324226,
4cef9465cf4ef52a,https://nz.linkedin.com/jobs/view/senior-software-engineer-nz-at-partly-4379139684,"Senior Software Engineer, NZ",Partly,posted,2026-09-14T16:14:30.153596,525
69e7661c998c5c20,https://nz.linkedin.com/jobs/view/sales-support-manager-the-warehouse-silverdale-at-the-warehouse-4467027706,"Sales Support Manager - The Warehouse, Silverdale",,scraped,2026-09-14T16:15:26.756535,
ad0aad9c33e482b2,https://nz.linkedin.com/jobs/view/business-partner-people-culture-hoa-pakihi-t%C4%81ngata-me-te-ahurea-at-stats-nz-4464781436,Business Partner - People & Culture | Hoa Pakihi - Tāngata Me Te Ahurea,,scraped,2026-09-14T16:15:47.733023,
2dbf932a51b4abf1,https://nz.linkedin.com/jobs/view/finance-manager-at-hunter-campbell-4447667468,Finance Manager,,scraped,2026-09-14T16:15:58.581373,
243998b008ac4d69,https://nz.linkedin.com/jobs/view/employment-relations-manager-at-tribe-group-4446137210,Employment Relations Manager,,scraped,2026-09-14T16:16:08.433868,
753ea046011a418b,https://nz.linkedin.com/jobs/view/senior-enterprise-sales-manager-digital-transformation-at-cognizant-4465897832,Senior Enterprise Sales Manager - Digital Transformation,Cognizant,posted,2026-09-14T16:16:23.798073,527
1614ec1880ff465a,https://nz.linkedin.com/jobs/view/product-compliance-specialist-at-generate-kiwisaver-scheme-4456180842,Product Compliance Specialist,,scraped,2026-09-14T16:16:36.357828,
b57d652bbd2ba9bd,https://nz.linkedin.com/jobs/view/business-development-manager-at-eims-4465222395,Business Development Manager,,scraped,2026-09-14T16:16:44.951782,
052fa3dc96cf058d,https://nz.linkedin.com/jobs/view/head-of-digital-strategy-at-skycity-entertainment-group-4463814444,Head of Digital Strategy,,scraped,2026-09-14T16:16:52.980251,
d20347fad963dba7,https://nz.linkedin.com/jobs/view/senior-solution-specialist-m365-at-datacom-4447267492,Senior Solution Specialist | M365,Datacom,posted,2026-09-14T16:17:28.987113,529
3b9cf5a1d8cff546,https://nz.linkedin.com/jobs/view/automotive-electrician-timaru-at-keith-andrews-4464886050,Automotive Electrician - Timaru,,scraped,2026-09-14T16:17:49.678965,
57944d94ce1dddd2,https://nz.linkedin.com/jobs/view/senior-portfolio-coordinator-at-one-new-zealand-4467081892,Senior Portfolio Coordinator,,scraped,2026-09-14T16:18:12.575015,
04692169e2f09d2f,https://nz.linkedin.com/jobs/view/community-support-worker-north-auckland-at-spectrum-care-4464757843,Community Support Worker - North Auckland,,scraped,2026-09-14T16:18:41.985584,
3f85d03eccc280e0,https://nz.linkedin.com/jobs/view/heavy-vehicle-technician-wellington-at-scania-new-zealand-4311333515,Heavy Vehicle Technician - Wellington,,scraped,2026-09-14T16:19:29.689794,
f815aadcc62ae3ea,https://nz.linkedin.com/jobs/view/principal-protection-engineer-at-worley-4437134544,Principal Protection Engineer,Worley,posted,2026-09-14T16:19:43.467449,116
e103360b26451783,https://nz.linkedin.com/jobs/view/engineering-manager-at-kernel-4464522821,Engineering Manager,,scraped,2026-09-14T16:19:46.089047,
05186fe19dbb5207,https://nz.linkedin.com/jobs/view/senior-stakeholder-engagement-advisor-at-tiaki-wai-4464407258,Senior Stakeholder Engagement Advisor,Tiaki Wai,posted,2026-09-14T16:20:02.994460,531
f4cb8198462405f2,https://nz.linkedin.com/jobs/view/hilton-host-at-hilton-4466799624,Hilton Host,Hilton,posted,2026-09-14T16:20:13.214255,533
a460b08bdde63bc6,https://nz.linkedin.com/jobs/view/activation-executive-at-mccann-new-zealand-4465705152,Activation Executive,McCANN New Zealand,posted,2026-09-14T16:20:23.924061,535
d47169128d028514,https://nz.linkedin.com/jobs/view/information-security-engineer-at-gallagher-4463241357,Information Security Engineer,,scraped,2026-09-14T16:20:36.538435,
187659d0cb402962,https://nz.linkedin.com/jobs/view/house-leader-auckland-at-spectrum-care-4464750856,House Leader - Auckland,,scraped,2026-09-14T16:20:43.565856,
22e63ac08586076b,https://nz.linkedin.com/jobs/view/store-manager-westgate-factory-outlet-auckland-at-adidas-4454186966,"Store Manager - Westgate Factory Outlet, Auckland",,scraped,2026-09-14T16:20:53.200462,
3f2182fdcb503128,https://nz.linkedin.com/jobs/view/investment-adviser-at-hunter-campbell-4454462694,Investment Adviser,,scraped,2026-09-14T16:21:00.393904,
e460096474f9e968,https://nz.linkedin.com/jobs/view/senior-consultant-%E2%80%93-internal-audit-and-controls-assurance-at-deloitte-4467026639,Senior Consultant – Internal Audit and Controls Assurance,Deloitte,posted,2026-09-14T16:21:12.119675,511
7a4b4c30f2d18fe2,https://nz.linkedin.com/jobs/view/storeperson-night-shift-at-t-g-global-limited-4464790893,Storeperson (Night Shift),,scraped,2026-09-14T16:21:14.703851,
b268a1506b0f2363,https://nz.linkedin.com/jobs/view/sales-consultant-noel-leeming-levin-at-noel-leeming-4466797860,"Sales Consultant - Noel Leeming, Levin",Noel Leeming,posted,2026-09-14T16:21:37.806219,537
7a0ae274b50c2ea6,https://nz.linkedin.com/jobs/view/senior-planner-at-consultanz-civil-engineering-construction-surveying-recruitment-4465489385,Senior Planner,,scraped,2026-09-14T16:21:40.782079,
ad17a14211ef4f80,https://nz.linkedin.com/jobs/view/relationship-property-lawyer-at-robert-walters-4465728450,Relationship Property Lawyer,Robert Walters,posted,2026-09-14T16:22:06.743619,539
95636abebe1ac55a,https://nz.linkedin.com/jobs/view/senior-climate-transition-lead-at-watercare-services-limited-4466439615,Senior Climate Transition lead,,scraped,2026-09-14T16:22:09.388707,
5e509612aff8663d,https://nz.linkedin.com/jobs/view/junior-test-analyst-at-gallagher-animal-management-chile-4467014132,Junior Test Analyst,,scraped,2026-09-14T16:22:16.513909,
c163d4a8a09bb13e,https://nz.linkedin.com/jobs/view/engineering-manager-at-open-country-dairy-ltd-4460239505,Engineering Manager,Open Country Dairy Ltd,posted,2026-09-14T16:22:40.602350,541
b2d85110a44ce3cb,https://nz.linkedin.com/jobs/view/learning-and-development-specialist-at-flight-centre-travel-group-4463812213,Learning and Development Specialist,,scraped,2026-09-14T16:22:43.196486,
28cd26a4b276f7da,https://nz.linkedin.com/jobs/view/online-assistant-at-candid-jobs-4465435174,Online Assistant,Candid Jobs,posted,2026-09-14T16:23:04.057076,543
3c9d6e9d021c185d,https://nz.linkedin.com/jobs/view/accountant-property-and-retail-at-auckland-airport-4463961287,Accountant - Property and Retail,Auckland Airport,posted,2026-09-14T16:23:17.796942,545
46cdd3ab7a36b0b0,https://nz.linkedin.com/jobs/view/store-manager-at-flo-frankie-4465765578,Store Manager,,scraped,2026-09-14T16:23:32.449855,
355c75245bf41a46,https://nz.linkedin.com/jobs/view/specialist-it-product-support-at-marsh-4467071574,Specialist IT Product Support,Marsh,posted,2026-09-14T16:23:51.104363,547
70e349a1d7ab3dcf,https://nz.linkedin.com/jobs/view/oral-health-therapist-lumino-mt-eden-dominion-road-at-abano-healthcare-group-4455714064,Oral Health Therapist | Lumino Mt Eden ( Dominion Road),,scraped,2026-09-14T16:23:57.665260,
29156fbe9fcc2d0a,https://nz.linkedin.com/jobs/view/painter-foreman-auckland-at-persol-4464768345,Painter Foreman - Auckland,,scraped,2026-09-14T16:24:16.404982,
0d7cec26f819768e,https://nz.linkedin.com/jobs/view/administration-coordinator-at-hw-richardson-group-4467080391,Administration Coordinator,,scraped,2026-09-14T16:24:23.520713,
122e88fef06a46ba,https://nz.linkedin.com/jobs/view/senior-consultant-%E2%80%93-internal-audit-and-controls-assurance-at-deloitte-4467029642,Senior Consultant – Internal Audit and Controls Assurance,Deloitte,posted,2026-09-14T16:24:40.832658,511
b65d0fd7018d2b5c,https://nz.linkedin.com/jobs/view/decorator-operator-beverage-cans-auckland-at-visy-4464782387,Decorator operator- Beverage Cans Auckland,,scraped,2026-09-14T16:24:55.390896,
60f6799c9797fe1d,https://nz.linkedin.com/jobs/view/territory-manager-ostomy-south-island-at-heng-hurst-4461026650,Territory Manager | Ostomy - South Island,,scraped,2026-09-14T16:25:09.863756,
b72261b0db4b5bc3,https://nz.linkedin.com/jobs/view/regional-operations-manager-restaurant-associates-new-zealand-at-compass-group-new-zealand-4464746845,Regional Operations Manager - Restaurant Associates New Zealand,,scraped,2026-09-14T16:25:33.824527,
a84e096a42c82675,https://nz.linkedin.com/jobs/view/elevator-technician-at-rise-elevators-ltd-4466035858,Elevator Technician,Rise Elevators Ltd,posted,2026-09-14T16:25:53.534767,549
321319af89303919,https://nz.linkedin.com/jobs/view/sales-engineer-at-southward-warehouse-automation-4465647275,Sales Engineer,,scraped,2026-09-14T16:25:56.202977,
cf5107dc7aaeeb09,https://nz.linkedin.com/jobs/view/team-lead-rf-ground-segment-at-rocket-lab-4408942165,Team Lead - RF Ground Segment,Rocket Lab,posted,2026-09-14T16:26:13.698853,551
7a8b7a65a92054af,https://nz.linkedin.com/jobs/view/facilities-and-security-team-member-at-the-warehouse-group-4464368702,Facilities and Security Team Member,,scraped,2026-09-14T16:26:16.349154,
1f3354e55ed18fcf,https://nz.linkedin.com/jobs/view/manufacturing-engineering-technician-at-abb-4467052725,Manufacturing Engineering Technician,,scraped,2026-09-14T16:26:29.158222,
3d6e70b43ab4136a,https://nz.linkedin.com/jobs/view/territory-manager-ostomy-north-island-at-heng-hurst-4461034588,Territory Manager | Ostomy - North Island,,scraped,2026-09-14T16:26:48.109312,
d2c0213c389105e2,https://nz.linkedin.com/jobs/view/head-of-the-office-of-the-deputy-secretary-immigration-at-ministry-of-business-innovation-and-employment-4467042234,Head of the Office of the Deputy Secretary Immigration,,scraped,2026-09-14T16:27:11.587045,
11a79dc35616d6fd,https://nz.linkedin.com/jobs/view/estimator-at-downer-4464434186,Estimator,,scraped,2026-09-14T16:27:19.321880,
392acb8962cd8344,https://nz.linkedin.com/jobs/view/principal-consultant-at-datacom-4446894485,Principal Consultant,Datacom,posted,2026-09-14T16:27:44.613135,192
dfa0877688b963e3,https://nz.linkedin.com/jobs/view/senior-environmental-advisor-at-genesis-4467071556,Senior Environmental Advisor,Genesis,posted,2026-09-14T16:28:43.846088,553
fd8a778a06af2b2f,https://nz.linkedin.com/jobs/view/lead-engineer-%E2%80%93-water-infrastructure-strategic-planning-at-ghd-4429619062,Lead Engineer – Water Infrastructure Strategic Planning,,scraped,2026-09-14T16:29:10.475541,
3f594ee53683a2c7,https://nz.linkedin.com/jobs/view/environmental-manager-north-island-renewables-at-genesis-4467038306,Environmental Manager - North Island Renewables,Genesis,posted,2026-09-14T16:30:24.248035,555
99fa668c22f161b6,https://nz.linkedin.com/jobs/view/front-line-administrator-and-social-media-assistant-at-barfoot-thompson-4466784698,Front Line Administrator And Social Media Assistant,,scraped,2026-09-14T16:30:26.996402,
b25e023ba02dfe71,https://nz.linkedin.com/jobs/view/cloud-infrastructure-engineer-at-comply365-4462290976,Cloud Infrastructure Engineer,Comply365,posted,2026-09-14T16:30:43.857181,557
b7b34512159f3677,https://nz.linkedin.com/jobs/view/intermediate-copywriter-at-accenture-new-zealand-4464896712,Intermediate Copywriter,,scraped,2026-09-14T16:30:46.422698,
2b53f43f31476a22,https://nz.linkedin.com/jobs/view/solution-engineer-for-mission-critical-software-wellington-new-zealand-at-systematic-4438174971,"Solution Engineer for mission-critical software, Wellington, New Zealand",,scraped,2026-09-14T16:31:03.603713,
cb844a7c0cb4b326,https://nz.linkedin.com/jobs/view/aerodynamics-analyst-at-rocket-lab-4463000377,Aerodynamics Analyst,Rocket Lab,posted,2026-09-14T16:31:20.315329,559
1606852b0889231e,https://nz.linkedin.com/jobs/view/senior-technical-business-analyst-at-rwa-people-4465885854,Senior Technical Business Analyst,,scraped,2026-09-14T16:31:40.884700,
9cc211706d444089,https://nz.linkedin.com/jobs/view/sous-chef-at-four-points-by-sheraton-4467065942,Sous Chef,Four Points by Sheraton,posted,2026-09-14T16:31:58.524221,561
8b674b9acdfee574,https://nz.linkedin.com/jobs/view/assistant-brand-manager-growth-portfolio-minus-196-canadian-club-house-of-suntory-at-suntory-global-spirits-4457306537,"Assistant Brand Manager - Growth Portfolio (Minus 196, Canadian Club & House of Suntory)",Suntory Global Spirits,posted,2026-09-14T16:32:10.220115,563
f3c8914f5cdba0b6,https://nz.linkedin.com/jobs/view/head-of-digital-and-technology-at-sourced-it-recruitment-4464833362,Head of Digital and Technology,,scraped,2026-09-14T16:32:12.850182,
599e83a5d0bac402,https://nz.linkedin.com/jobs/view/regional-facilities-manager-at-oceania-4463501202,Regional Facilities Manager,,scraped,2026-09-14T16:32:26.439339,
723b5b6bcd169b61,https://nz.linkedin.com/jobs/view/account-manager-sme-growth-at-airwallex-4464776834,"Account Manager, SME & Growth",,scraped,2026-09-14T16:32:48.405174,
f7cdbd360ae8aed9,https://nz.linkedin.com/jobs/view/replenishment-operations-specialist-at-woolworths-group-4464436968,Replenishment Operations Specialist,,scraped,2026-09-14T16:32:57.229738,
03148a00f7ca5b12,https://nz.linkedin.com/jobs/view/registered-nurse-at-adecco-4462998471,Registered Nurse,,scraped,2026-09-14T16:33:04.211566,
3aae9c233c72975d,https://nz.linkedin.com/jobs/view/anesthesia-technician-4464374936,Anesthesia Technician,Waikato Hospital,posted,2026-09-14T16:33:19.739454,565
d73b9531c9dddee8,https://nz.linkedin.com/jobs/view/class-5-swinglift-driver-at-mondiale-vgl-4446449483,Class 5 Swinglift Driver,,scraped,2026-09-14T16:33:22.332769,
ef30f756daa584c7,https://nz.linkedin.com/jobs/view/senior-analyst-at-ministry-of-health-new-zealand-4465731143,Senior Analyst,,scraped,2026-09-14T16:33:29.289724,
ef20ba1391ff014e,https://nz.linkedin.com/jobs/view/senior-3d-mechanical-designer-at-pan-pac-forest-products-ltd-4464916984,Senior 3D Mechanical Designer,,scraped,2026-09-14T16:33:35.931917,
3c7fa5d3240e562f,https://nz.linkedin.com/jobs/view/manager-customer-support-apac-at-cloudbeds-4439334114,"Manager, Customer Support - APAC",Cloudbeds,posted,2026-09-14T16:33:55.526421,567
8319132b4dc380ee,https://nz.linkedin.com/jobs/view/technician-at-asurequality-4463800299,Technician,,scraped,2026-09-14T16:33:58.109850,
118876249775fb03,https://nz.linkedin.com/jobs/view/solution-architect-snowflake-at-ey-4453411460,Solution Architect - Snowflake,EY,posted,2026-09-14T16:34:19.078917,569
0a6bf0fb53d40512,https://nz.linkedin.com/jobs/view/senior-talent-specialist-hardware-at-halter-4426104375,Senior Talent Specialist - Hardware,,scraped,2026-09-14T16:34:23.979450,
f5a9efbc6b523fa7,https://nz.linkedin.com/jobs/view/lead-engineer-%E2%80%93-water-infrastructure-strategic-planning-at-ghd-4429618083,Lead Engineer – Water Infrastructure Strategic Planning,,scraped,2026-09-14T16:34:36.270070,
42a50362386fde16,https://nz.linkedin.com/jobs/view/salesforce-technical-consultant-at-datacom-4465604826,Salesforce Technical Consultant,Datacom,posted,2026-09-14T16:34:57.189185,571
48d3debd7fef54aa,https://nz.linkedin.com/jobs/view/delivery-driver-noel-leeming-christchurch-distribution-centre-at-noel-leeming-4464371689,Delivery Driver - Noel Leeming (Christchurch Distribution Centre),Noel Leeming,posted,2026-09-14T16:35:13.363683,573
4af395d29fe463fd,https://nz.linkedin.com/jobs/view/senior-director-of-product-architecture-and-engineering-at-tribe-group-4456411972,Senior Director of Product Architecture and Engineering,,scraped,2026-09-14T16:35:16.040226,
5c9e75a31bbc0e6c,https://nz.linkedin.com/jobs/view/director-public-sector-at-datacom-4457029618,Director - Public Sector,Datacom,posted,2026-09-14T16:35:34.773390,575
cf94d06776f4ca7b,https://nz.linkedin.com/jobs/view/asme-welder-at-sgs-4464771008,ASME Welder,,scraped,2026-09-14T21:22:10.878885,
68f7323d0d4010e9,https://nz.linkedin.com/jobs/view/travel-expert-new-plymouth-at-flight-centre-4465600138,Travel Expert - New Plymouth,,scraped,2026-09-14T21:22:27.436915,
b508808cc03b7e3c,https://nz.linkedin.com/jobs/view/loss-prevention-officer-security-the-warehouse-rotorua-at-the-warehouse-4465048353,"Loss Prevention Officer (Security) - The Warehouse, Rotorua",,scraped,2026-09-14T21:22:51.494299,
e69d843022ad59d0,https://nz.linkedin.com/jobs/view/general-manager-measurement-signals-at-together-nz-4463083491,General Manager - Measurement & Signals,,scraped,2026-09-14T21:22:58.078649,
6a708752e1487097,https://nz.linkedin.com/jobs/view/senior-software-developer-data-ai-at-ignition-data-4466026322,Senior Software Developer - Data & AI,Ignition Data,posted,2026-09-14T21:23:27.665162,577
f4bd5dc1b67d1596,https://nz.linkedin.com/jobs/view/signals-technician-at-kiwirail-4465493397,Signals Technician,,scraped,2026-09-14T21:23:30.294320,
75248b65f23caf57,https://nz.linkedin.com/jobs/view/cost-management-team-lead-auckland-at-aecom-4463226721,Cost Management Team Lead - Auckland,AECOM,posted,2026-09-14T21:23:44.650337,579
c871f4c8610a7aed,https://nz.linkedin.com/jobs/view/submissions-manager-at-brian-perry-civil-4464191011,Submissions Manager,,scraped,2026-09-14T21:23:59.249313,
2acb22955f0a4ef3,https://nz.linkedin.com/jobs/view/senior-software-engineer-at-resideo-4466386274,Senior Software Engineer,Resideo,posted,2026-09-14T21:24:09.700506,212
d63a5dab992cac00,https://nz.linkedin.com/jobs/view/occupational-therapist-at-apm-new-zealand-4426892624,Occupational Therapist,,scraped,2026-09-14T21:24:12.269540,
21a6ae2d6639b13d,https://nz.linkedin.com/jobs/view/head-of-underwriting-at-tower-insurance-4464823023,Head of Underwriting,,scraped,2026-09-14T21:24:22.109185,
85fb1b4be6e721e8,https://nz.linkedin.com/jobs/view/general-manager-business-performance-at-skycity-entertainment-group-4464747872,"General Manager, Business Performance",,scraped,2026-09-14T21:24:45.413163,
fc5b1822ac6591e9,https://nz.linkedin.com/jobs/view/inside-customer-account-manager-location-flexible-nz-motion-centre-at-motion-asia-pacific-4447262210,Inside Customer Account Manager | Location Flexible (NZ Motion Centre),,scraped,2026-09-14T21:25:03.487770,
72d7254f084a2cec,https://nz.linkedin.com/jobs/view/electrical-engineer-at-mott-macdonald-4467027521,Electrical Engineer,,scraped,2026-09-14T21:25:16.191546,
50a594f506c871d2,https://nz.linkedin.com/jobs/view/business-controller-at-heineken-vietnam-4456105188,Business Controller,,scraped,2026-09-14T21:25:32.175056,
7d2267ff475eefc6,https://nz.linkedin.com/jobs/view/gardener-at-green-by-nature-4462269750,Gardener,Green by Nature,posted,2026-09-14T21:25:47.035181,581
3c21bb6d90ddcc82,https://nz.linkedin.com/jobs/view/maintenance-technician-cordis-auckland-at-langham-hospitality-group-4464982141,Maintenance Technician - Cordis Auckland,,scraped,2026-09-14T21:25:49.663636,
0424866a50314083,https://nz.linkedin.com/jobs/view/inbound-sales-executive-at-corpay-4456866746,Inbound Sales Executive,Corpay,posted,2026-09-14T21:26:12.457692,583
7ba56d2211b12365,https://nz.linkedin.com/jobs/view/head-of-platform-at-partly-4437313607,Head of Platform,Partly,posted,2026-09-14T21:26:57.773612,585
bb40d64582219e0f,https://nz.linkedin.com/jobs/view/assistant-to-unit-director-strategic-planning-and-advocacy-at-hamilton-city-council-4462979693,Assistant to Unit Director - Strategic Planning and Advocacy,Hamilton City Council,posted,2026-09-14T21:27:23.127661,587
9c87bbf25c7c4a42,https://nz.linkedin.com/jobs/view/senior-tech-lead-ai-engineer-at-datacom-4465001008,Senior / Tech Lead AI Engineer,Datacom,posted,2026-09-14T21:27:36.114787,589
8e65d139ef682179,https://nz.linkedin.com/jobs/view/senior-full-stack-engineer-at-idexx-4467045323,Senior Full Stack Engineer,IDEXX,posted,2026-09-14T21:27:59.036854,591
a507aa63cccee2a1,https://nz.linkedin.com/jobs/view/primary-teacher-new-entrants-and-year-1-at-acg-schools-4458143651,Primary Teacher (New Entrants and Year 1),,scraped,2026-09-14T21:28:02.420996,
7803c4c38a24fd70,https://nz.linkedin.com/jobs/view/senior-tech-lead-ai-engineer-at-datacom-4464979952,Senior / Tech Lead AI Engineer,Datacom,posted,2026-09-14T21:28:22.232302,589
3f028b98a09f295a,https://nz.linkedin.com/jobs/view/b2b-business-development-manager-wellington-lower-north-island-at-nestl%C3%A9-nespresso-sa-4467032441,B2B Business Development Manager - Wellington & Lower North Island,Nestlé Nespresso SA,posted,2026-09-14T21:28:44.564055,284
d4c36510071c406d,https://nz.linkedin.com/jobs/view/data-engineer-at-southern-cross-healthcare-4466793686,Data Engineer,Southern Cross Healthcare,posted,2026-09-14T21:29:17.295025,593
311bae780881d15c,https://nz.linkedin.com/jobs/view/estimating-manager-at-fletcher-construction-4458328704,Estimating Manager,,scraped,2026-09-14T21:29:19.967375,
ddd7df1582645f2e,https://nz.linkedin.com/jobs/view/red-team-engineer-at-westpac-new-zealand-4464762515,Red Team Engineer,Westpac New Zealand,posted,2026-09-14T21:29:41.875542,595
18db7c435e14184f,https://nz.linkedin.com/jobs/view/painter-foreman-auckland-at-careeraiforge-4467206355,Painter Foreman - Auckland,careerAIForge,posted,2026-09-14T21:30:02.750887,597
7d45c2bd4d87a4a7,https://nz.linkedin.com/jobs/view/senior-power-engineering-designers-at-wsp-in-canada-4437016489,Senior Power Engineering Designers,WSP in Canada,posted,2026-09-14T21:30:16.783647,599
68c16e7fc2edf5b3,https://nz.linkedin.com/jobs/view/snowflake-architect-%24220k-base-%2B-super-global-consultancy-at-hawksworth-4464514906,Snowflake Architect - $220k (base + super) - Global Consultancy,,scraped,2026-09-14T21:30:19.399729,
6f2a6fe9c2706d4f,https://nz.linkedin.com/jobs/view/manager-fire-and-life-safety-engineering-at-wsp-in-new-zealand-4464968351,"Manager, Fire and Life Safety Engineering",WSP in New Zealand,posted,2026-09-14T21:30:40.440779,74
b34618ebe28b1d63,https://nz.linkedin.com/jobs/view/property-manager-at-summerset-retirement-villages-4467203946,Property Manager,,scraped,2026-09-14T21:30:58.706456,
7458fad629fb0d1c,https://nz.linkedin.com/jobs/view/product-designer-design-systems-at-new-zealand-trade-and-enterprise-4463569514,"Product Designer, Design Systems",,scraped,2026-09-14T21:31:18.872778,
02d4bd7247b714e8,https://nz.linkedin.com/jobs/view/web-developer-at-customlinc-4462550226,Web Developer,,scraped,2026-09-14T21:31:27.793309,
d0570b013f45a8a5,https://nz.linkedin.com/jobs/view/community-programmes-lead-at-whakat%C4%81ne-district-council-4464763165,Community Programmes Lead,,scraped,2026-09-14T21:31:35.532594,
273ba3744daae26a,https://nz.linkedin.com/jobs/view/kitchen-assistant-at-summerset-retirement-villages-4464637548,Kitchen Assistant,,scraped,2026-09-14T21:31:44.079838,
52429e6d5ec673d6,https://nz.linkedin.com/jobs/view/mri-technologist-at-srg-radiology-4464427177,MRI Technologist,,scraped,2026-09-14T21:31:50.379559,
500d2c7ce75ca25f,https://nz.linkedin.com/jobs/view/digital-designer-4455609458,Digital Designer,CareHR Australia,posted,2026-09-14T21:32:16.313316,186
5ac11b2bdfbd8a72,https://nz.linkedin.com/jobs/view/property-and-rural-administrator-at-tainui-group-holdings-4465881218,Property and Rural Administrator,,scraped,2026-09-14T21:32:18.850665,
93f578f02568fb11,https://nz.linkedin.com/jobs/view/propulsion-technician-rotor-assembly-at-rocket-lab-4418877047,Propulsion Technician - Rotor Assembly,Rocket Lab,posted,2026-09-14T21:32:36.269472,601
6e0cceecb9d5bdfd,https://nz.linkedin.com/jobs/view/account-executive-software-saas-isv-sales-aws-aotearoa-new-zealand-at-amazon-web-services-aws-4455901651,"Account Executive Software/SaaS/ISV Sales, AWS Aotearoa / New Zealand",Amazon Web Services (AWS),posted,2026-09-14T21:32:45.715298,603
9d7120c4637fcda1,https://nz.linkedin.com/jobs/view/junior-maintenance-technician-%E2%80%93-mechanical-f-m-at-alstef-group-4389170919,Junior Maintenance Technician – Mechanical F/M,,scraped,2026-09-14T21:32:48.356266,
cae7117493803cab,https://nz.linkedin.com/jobs/view/media-partnerships-specialist-at-the-warehouse-group-4467092118,Media & Partnerships Specialist,,scraped,2026-09-14T21:32:58.552024,
6987da0d8eaf6e7a,https://nz.linkedin.com/jobs/view/scaffolder-at-srg-global-4464821377,Scaffolder,,scraped,2026-09-14T21:33:05.597123,
7612d68e61c69c0b,https://nz.linkedin.com/jobs/view/trade-customer-service-mitre10-mega-wanaka-at-mitre-10-new-zealand-limited-4464792100,Trade Customer Service - Mitre10 Mega Wanaka,Mitre 10 (New Zealand) Limited,posted,2026-09-14T21:33:29.840677,605
d24d5828db54a4f4,https://nz.linkedin.com/jobs/view/registrar-emergency-department-at-health-new-zealand-south-canterbury-4465499252,Registrar Emergency Department,,scraped,2026-09-14T21:33:32.412057,
815d803f00b57a07,https://nz.linkedin.com/jobs/view/senior-management-accountant-at-summerset-retirement-villages-4467221771,Senior Management Accountant,,scraped,2026-09-14T21:34:30.582107,
1f99c45bf7bbff8d,https://nz.linkedin.com/jobs/view/data-scientist-ii-at-schneider-electric-4465798446,Data Scientist II,Schneider Electric,posted,2026-09-14T21:35:37.630797,607
19e63988c7bb70eb,https://nz.linkedin.com/jobs/view/senior-software-engineer-at-amazing-life-4467283392,Senior Software Engineer,Amazing Life,posted,2026-09-14T21:36:16.432601,212
078ecf56cb8fa6d4,https://nz.linkedin.com/jobs/view/track-maintenance-superintendent-at-kiwirail-4466119271,Track Maintenance Superintendent,,scraped,2026-09-14T21:36:27.026938,
2cda9294ffffcb6e,https://nz.linkedin.com/jobs/view/senior-planner-planning-director-at-tbwa-new-zealand-4465702165,Senior Planner/Planning Director,,scraped,2026-09-14T21:37:22.561030,
fc8f73f5e09dfb63,https://nz.linkedin.com/jobs/view/cafe-assistant-baker-at-ryman-healthcare-4463946376,Cafe Assistant/Baker,,scraped,2026-09-14T21:37:29.044740,
409ac7489f38587a,https://nz.linkedin.com/jobs/view/guest-services-manager-at-novotel-hotels-4464164211,Guest Services Manager,,scraped,2026-09-14T21:38:04.866709,
db17e2bc3a604ac0,https://nz.linkedin.com/jobs/view/financial-adviser-at-perpetual-guardian-4467292423,Financial Adviser,,scraped,2026-09-14T21:38:13.861362,
7705fe78bf16e4b7,https://nz.linkedin.com/jobs/view/psychologist-at-apm-4409640204,Psychologist,,scraped,2026-09-14T21:38:22.675665,
c098b4d1a18c194d,https://nz.linkedin.com/jobs/view/renewable-energy-analyst-graduate-at-renewable-careers-4467069668,Renewable Energy Analyst (Graduate),,scraped,2026-09-14T21:40:52.891437,
06e84e4d4a7fc482,https://nz.linkedin.com/jobs/view/lead-technologist-%E2%80%93-genomics-te-kura-m%C4%81tauranga-koiora-school-of-biological-sciences-at-university-of-auckland-4458135591,Lead Technologist – Genomics - Te Kura Mātauranga Koiora | School of Biological Sciences,University of Auckland,posted,2026-09-14T21:41:17.628496,609
5d31578bbc4a4de8,https://nz.linkedin.com/jobs/view/accounts-payable-officer-at-evolution-healthcare-4467048012,Accounts Payable Officer,,scraped,2026-09-14T21:41:20.251386,
07cdbf244ff4fad0,https://nz.linkedin.com/jobs/view/editor-%E2%80%93-digital-content-at-university-of-auckland-4465375926,Editor – Digital Content,University of Auckland,posted,2026-09-14T21:41:38.393524,611
f8e16b81d91fdfb6,https://nz.linkedin.com/jobs/view/cybersecurity-operations-analyst-at-defend-4464425235,Cybersecurity Operations Analyst,,scraped,2026-09-14T21:41:40.938985,
31946c7654fcd4c9,https://nz.linkedin.com/jobs/view/unit-coordinator-serviced-apartments-at-candid-jobs-4465712446,Unit Coordinator - Serviced Apartments,,scraped,2026-09-14T21:41:49.680318,
106694735861beda,https://nz.linkedin.com/jobs/view/consultant-senior-recruitment-consultant-%E2%80%93-manufacturing-supply-chain-at-hunter-campbell-4454473759,Consultant/Senior Recruitment Consultant – Manufacturing & Supply Chain,,scraped,2026-09-14T21:41:56.731308,
25c6e4dc5b625a0b,https://nz.linkedin.com/jobs/view/analytics-ai-consultant-data-and-integration-at-fusion5-4465624199,Analytics & AI Consultant - Data and Integration,,scraped,2026-09-14T21:42:05.983890,
5b903c192ef64976,https://nz.linkedin.com/jobs/view/territory-business-manager-south-island-at-dexcom-4456111920,Territory Business Manager - South Island,Dexcom,posted,2026-09-14T21:42:20.579827,613
22160a185564db0d,https://nz.linkedin.com/jobs/view/supervising-customs-officer-supco-dunedin-at-new-zealand-customs-service-4463254166,Supervising Customs Officer (SupCo) - Dunedin,,scraped,2026-09-14T21:42:23.160699,
3ed9e2540a54869f,https://nz.linkedin.com/jobs/view/new-product-development-technologist-sport-and-foods-at-vitaco-group-4456159371,New Product Development Technologist - Sport and Foods,,scraped,2026-09-14T21:42:31.468222,
e33a4a82bee0f047,https://nz.linkedin.com/jobs/view/lead-engineer-%E2%80%93-water-infrastructure-strategic-planning-at-ghd-4429615590,Lead Engineer – Water Infrastructure Strategic Planning,,scraped,2026-09-14T21:42:39.871917,
a555e5845191e5dc,https://nz.linkedin.com/jobs/view/team-lead-environmental-planning-at-nz-transport-agency-waka-kotahi-4463247639,Team Lead Environmental Planning,,scraped,2026-09-14T21:42:48.441258,
2ce9e1088d5d8d15,https://nz.linkedin.com/jobs/view/care-associate-at-oceania-4463505167,Care Associate,,scraped,2026-09-14T21:42:56.624111,
7bd307329a0e3fee,https://nz.linkedin.com/jobs/view/diversional-therapist-at-oceania-4464871952,Diversional Therapist,,scraped,2026-09-14T21:43:05.308456,
4f779f19d7ff0066,https://nz.linkedin.com/jobs/view/expression-of-interest-for-substation-lead-and-technical-director-level-engineers-at-ghd-4436051910,EXPRESSION OF INTEREST for Substation Lead and Technical Director Level Engineers,,scraped,2026-09-14T21:43:13.602185,
9c361c3077bb183b,https://nz.linkedin.com/jobs/view/team-lead-asset-management-planning-at-nz-transport-agency-waka-kotahi-4465725273,Team Lead Asset Management Planning,NZ Transport Agency Waka Kotahi,posted,2026-09-14T21:43:26.318904,519
48e89b6e14945b9d,https://nz.linkedin.com/jobs/view/markets-business-development-proposals-manager-at-pwc-new-zealand-4446553724,Markets - Business Development/ Proposals Manager,,scraped,2026-09-14T21:43:29.005268,
1db296dbb0f81e71,https://nz.linkedin.com/jobs/view/banking-adviser-cambridge-at-westpac-new-zealand-4462245677,Banking Adviser - Cambridge,Westpac New Zealand,posted,2026-09-14T21:43:50.453050,615
1bc64aa49aedc93e,https://nz.linkedin.com/jobs/view/manager-organisation-workforce-transformation-at-deloitte-4455595243,Manager - Organisation & Workforce Transformation,Deloitte,posted,2026-09-14T21:43:59.502435,617
431376d06eca3865,https://nz.linkedin.com/jobs/view/intermediate-ios-engineer-perm-at-westpac-new-zealand-4453054387,Intermediate iOS Engineer - Perm,Westpac New Zealand,posted,2026-09-14T21:44:24.668341,619
9940673f9bf5e2f6,https://nz.linkedin.com/jobs/view/manager-%E2%80%93-cyber-security-at-kpmg-new-zealand-4447282486,Manager – Cyber Security,KPMG New Zealand,posted,2026-09-15T00:13:09.461780,621
421948dffc48c922,https://nz.linkedin.com/jobs/view/business-development-manager-at-hunter-campbell-4436065637,Business Development Manager,,scraped,2026-09-15T00:13:30.106533,
9666e1fdddeed639,https://nz.linkedin.com/jobs/view/visual-merchandiser-westfield-riccarton-at-h-m-4466037100,Visual Merchandiser-  Westfield Riccarton,H&M,posted,2026-09-15T00:14:07.485369,623
728a34fd21205680,https://nz.linkedin.com/jobs/view/loss-prevention-security-officer-the-warehouse-sylvia-park-at-the-warehouse-4466051141,"Loss Prevention (Security) Officer - The Warehouse, Sylvia Park",,scraped,2026-09-15T00:14:28.083503,
86ff63c14d34f7b3,https://nz.linkedin.com/jobs/view/baker-at-candid-jobs-4465715467,Baker,,scraped,2026-09-15T00:16:34.868526,
130b09ecd59765a1,https://nz.linkedin.com/jobs/view/gardener-at-green-by-nature-4465258128,Gardener,Green by Nature,posted,2026-09-15T00:16:44.883642,581
0ddca46620c02d1b,https://nz.linkedin.com/jobs/view/intermediate-shopify-developer-shopify-shopify-plus-at-atlas-studios-shopify-plus-partner-4467290859,Intermediate Shopify Developer (Shopify & Shopify Plus),,scraped,2026-09-15T00:16:47.424137,
6e61d2d899b62a75,https://nz.linkedin.com/jobs/view/merchandise-operations-specialist-at-woolworths-group-4466793697,Merchandise Operations Specialist,,scraped,2026-09-15T00:17:10.570989,
a1689aff6bae45ef,https://nz.linkedin.com/jobs/view/oracle-epm-consultant-at-hays-4467038538,Oracle EPM Consultant,,scraped,2026-09-15T00:17:33.304077,
dd11bf2ffa6cd3ac,https://nz.linkedin.com/jobs/view/senior-governance-counsel-at-artemis-executive-recruitment-limited-4464176664,Senior Governance Counsel,,scraped,2026-09-15T00:18:00.648991,
5272ac8bc2006d82,https://nz.linkedin.com/jobs/view/senior-product-engineer-platform-leaning-at-optimal-4435015027,Senior Product Engineer - Platform Leaning,,scraped,2026-09-15T00:18:29.290112,
cb88c2989fcd1943,https://nz.linkedin.com/jobs/view/social-content-designer-at-werk-society-4465612069,Social Content Designer,,scraped,2026-09-15T00:18:53.800322,
f6eee296899cf065,https://nz.linkedin.com/jobs/view/nz-vans-sales-assistant-expression-of-interest-at-vans-australia-new-zealand-4410955899,NZ Vans Sales Assistant - Expression of Interest,Vans Australia / New Zealand,posted,2026-09-15T00:19:12.787167,625
8344ce898d0fb373,https://nz.linkedin.com/jobs/view/embedded-software-engineer-at-gallagher-security-4456078802,Embedded Software Engineer,,scraped,2026-09-15T00:19:15.349112,
6518570b3fc9651f,https://nz.linkedin.com/jobs/view/house-leader-residential-south-auckland-at-spectrum-care-4465242941,House Leader - Residential - South Auckland,,scraped,2026-09-15T00:20:40.941448,
7604f77f38f4a98a,https://nz.linkedin.com/jobs/view/marketing-specialist-at-allevia-radiology-4465268025,Marketing Specialist,,scraped,2026-09-15T00:21:59.577939,
1c8ef4fce0d74726,https://nz.linkedin.com/jobs/view/executive-assistant-at-morrison-4465732038,Executive Assistant,,scraped,2026-09-15T00:22:08.798455,
e51adc3fe26aa5f0,https://nz.linkedin.com/jobs/view/principal-protection-engineer-at-worley-4437144190,Principal Protection Engineer,Worley,posted,2026-09-15T00:22:38.007534,116
87ad8e9dbba04f16,https://nz.linkedin.com/jobs/view/packaging-technician-at-the-heineken-company-4464819017,Packaging Technician,The HEINEKEN Company,posted,2026-09-15T00:23:11.427839,627
31b6d78559a3c48c,https://nz.linkedin.com/jobs/view/systems-engineer-kaip%C5%ABhanga-p%C5%ABnaha-at-stats-nz-4465250960,Systems Engineer | Kaipūhanga Pūnaha,,scraped,2026-09-15T00:23:26.085945,
46fcac45caa933e5,https://nz.linkedin.com/jobs/view/lead-data-consultant-microsoft-fabric-analytics-at-theta-nz-4462734996,Lead Data Consultant - Microsoft Fabric Analytics,,scraped,2026-09-15T00:23:53.058291,
f9250e02ac204512,https://nz.linkedin.com/jobs/view/b2b-business-development-manager-wellington-lower-north-island-at-nestl%C3%A9-nespresso-sa-4467030381,B2B Business Development Manager - Wellington & Lower North Island,Nestlé Nespresso SA,posted,2026-09-15T00:24:59.489042,284
362c6b50a6088ce7,https://nz.linkedin.com/jobs/view/property-assistant-at-summerset-retirement-villages-4467213912,Property Assistant,,scraped,2026-09-15T00:25:22.062627,
daf78c30ff3c84ab,https://nz.linkedin.com/jobs/view/pre-sales-specialist-datacenters-at-datacom-4429220690,Pre-Sales Specialist - Datacenters,Datacom,posted,2026-09-15T00:25:42.460059,629
e7cd60f692bd4af8,https://nz.linkedin.com/jobs/view/senior-autonomy-engineer-at-syos-aerospace-4463803655,Senior Autonomy Engineer,,scraped,2026-09-15T00:25:47.001177,
207f5fe382466f16,https://nz.linkedin.com/jobs/view/nz-e-c-%2B-i-engineering-manager-at-worley-4448140345,"NZ E, C + I Engineering Manager",Worley,posted,2026-09-15T00:26:17.438112,631
59029ca7d6462246,https://nz.linkedin.com/jobs/view/senior-enterprise-account-executive-new-zealand-at-orchard-4465716519,Senior Enterprise Account Executive [New Zealand],Orchard,posted,2026-09-15T00:27:30.455601,633
feac6e9f9c96a1d6,https://nz.linkedin.com/jobs/view/senior-business-analyst-at-gallagher-4462996598,Senior Business Analyst,,scraped,2026-09-15T00:27:39.090087,
7da7d52d215c2e61,https://nz.linkedin.com/jobs/view/manager-budget-process-and-data-at-auckland-council-4464820690,Manager Budget Process and Data,Auckland Council,posted,2026-09-15T00:28:01.908891,635
3f96c26cbbfaaef1,https://nz.linkedin.com/jobs/view/sales-professional-at-michael-hill-4465714346,Sales Professional,,scraped,2026-09-15T00:28:12.552103,
38f88dfcef043caf,https://nz.linkedin.com/jobs/view/general-manager-strategy-and-architecture-at-kiwibank-4458335054,General Manager - Strategy and Architecture,Kiwibank,posted,2026-09-15T00:29:08.860519,637
500d023ba066e38c,https://nz.linkedin.com/jobs/view/senior-human-resources-manager-at-corpay-4463530084,Senior Human Resources Manager,Corpay,posted,2026-09-15T00:29:19.502379,639
e5e99fc25947ec61,https://nz.linkedin.com/jobs/view/marine-accident-investigator-at-talent-4465492254,Marine Accident Investigator,Talent,posted,2026-09-15T00:29:31.572586,641
9aa6a274e99533ab,https://nz.linkedin.com/jobs/view/trade-specialist-napa-new-plymouth-at-napa-australia-4465869990,Trade Specialist | NAPA New Plymouth,,scraped,2026-09-15T00:29:34.236898,
cf927fb28e624fd1,https://nz.linkedin.com/jobs/view/business-development-manager-japanese-speaker-at-eims-4465208012,Business Development Manager (Japanese speaker),,scraped,2026-09-15T00:29:40.605614,
d7d2ea9dca530921,https://nz.linkedin.com/jobs/view/pre-employment-programme-specialist-at-air-new-zealand-4464914014,Pre Employment Programme Specialist,,scraped,2026-09-15T00:29:48.352120,
1d4068771fc050c2,https://nz.linkedin.com/jobs/view/sous-chef-at-star-group-4464509977,Sous Chef,,scraped,2026-09-15T00:29:55.912814,
f2b0616a59e49c9f,https://nz.linkedin.com/jobs/view/services-consultant-sr-at-dayforce-4465214710,Services Consultant Sr,Dayforce,posted,2026-09-15T00:30:08.156944,445
20127cf173b399bc,https://nz.linkedin.com/jobs/view/wordpress-operations-specialist-at-global-wave-group-4467004306,WordPress Operations Specialist,Global Wave Group,posted,2026-09-15T00:30:22.368140,643
f6d93f19c73ad4fd,https://nz.linkedin.com/jobs/view/afternoon-shift-supervisor-christchurch-at-davin-industries-limited-4463498690,Afternoon Shift Supervisor Christchurch,DAVIN INDUSTRIES LIMITED,posted,2026-09-15T00:30:33.175901,645
198a4f34e8096bdb,https://nz.linkedin.com/jobs/view/video-editor-at-jobgether-4463247594,Video Editor,,scraped,2026-09-15T00:30:35.708588,
03fbabe3c195a65b,https://nz.linkedin.com/jobs/view/technology-team-lead-digital-platforms-at-the-warehouse-group-4464416008,Technology Team Lead - Digital Platforms,,scraped,2026-09-15T00:30:42.245959,
33cc14e95ca7caa0,https://nz.linkedin.com/jobs/view/business-operations-manager-at-auto-interiors-tint-magic-ltd-4464951056,Business Operations Manager,,scraped,2026-09-15T00:30:48.978834,
2b4edafa87fc59c8,https://nz.linkedin.com/jobs/view/counter-sales-palmerston-nt-at-middy-s-electrical-4464486127,Counter Sales - Palmerston - NT,,scraped,2026-09-15T00:30:56.468072,
c14744ec71a333b7,https://nz.linkedin.com/jobs/view/associate-or-senior-associate-power-networks-at-worley-4439764267,Associate or Senior Associate - Power Networks,Worley,posted,2026-09-15T00:31:13.249376,647
393d340e6196742b,https://nz.linkedin.com/jobs/view/project-manager-%E2%80%93-epmo-at-southern-cross-healthcare-4464416256,Project Manager – ePMO,Southern Cross Healthcare,posted,2026-09-15T00:31:32.069896,649
2fb26ee711f34c24,https://nz.linkedin.com/jobs/view/lead-engineer-%E2%80%93-water-infrastructure-strategic-planning-at-ghd-4429398758,Lead Engineer – Water Infrastructure Strategic Planning,,scraped,2026-09-15T00:31:44.742918,
1cd9742dca6ec2a1,https://nz.linkedin.com/jobs/view/banner-trade-manager-at-foodstuffs-north-island-limited-4463577720,Banner Trade Manager,,scraped,2026-09-15T00:31:53.107610,
627f3d2e7400f4ef,https://nz.linkedin.com/jobs/view/expression-of-interest-for-substation-lead-and-technical-director-level-engineers-at-ghd-4436049990,EXPRESSION OF INTEREST for Substation Lead and Technical Director Level Engineers,,scraped,2026-09-15T00:31:59.865014,
ba4b0276d15bec75,https://nz.linkedin.com/jobs/view/deals-corporate-finance-manager-at-pwc-new-zealand-4389017814,Deals - Corporate Finance - Manager,,scraped,2026-09-15T00:32:07.543285,
e263d9b9d518d9ae,https://nz.linkedin.com/jobs/view/property-maintenance-coordinator-at-tribe-group-4467411169,Property Maintenance Coordinator,,scraped,2026-09-15T00:32:14.505674,
0f55f5b223aeb7ef,https://nz.linkedin.com/jobs/view/media-studies-teacher-2027-permanent-full-time-at-school-jobs-4462268518,Media Studies Teacher 2027 (permanent full-time),School Jobs,posted,2026-09-15T00:32:29.112398,651
013049b0dff22a5c,https://nz.linkedin.com/jobs/view/team-lead-environmental-planning-at-nz-transport-agency-waka-kotahi-4463227684,Team Lead Environmental Planning,NZ Transport Agency Waka Kotahi,posted,2026-09-15T00:32:36.612366,170
7ecb5b4d7a3c7eee,https://nz.linkedin.com/jobs/view/painter-at-programmed-4467439559,Painter,,scraped,2026-09-15T07:07:32.236531,
ec9f6c56ab3f4c11,https://nz.linkedin.com/jobs/view/senior-planner-at-hamilton-city-council-4460669412,Senior Planner,Hamilton City Council,posted,2026-09-15T07:08:12.386479,653
2877545cfd7f37d5,https://nz.linkedin.com/jobs/view/geography-teacher-permanent-full-time-at-school-jobs-4465246714,"Geography Teacher, Permanent, full-time",School Jobs,posted,2026-09-15T07:09:24.395359,655
dd52c352ac332b65,https://nz.linkedin.com/jobs/view/reservations-support-specialist-at-the-new-hiring-platform-4466160814,Reservations Support Specialist,The New Hiring Platform,posted,2026-09-15T07:09:34.805710,657
e5b1ea2dd497bc13,https://nz.linkedin.com/jobs/view/sales-consultant-noel-leeming-lower-hutt-at-noel-leeming-4467482229,"Sales Consultant - Noel Leeming, Lower Hutt",Noel Leeming,posted,2026-09-15T07:09:56.531132,659
266eb4c2490be9e1,https://nz.linkedin.com/jobs/view/manawa-bay-dr-martens-assistant-store-manager-at-dr-martens-australia-new-zealand-4467465095,Manawa Bay - Dr Martens Assistant Store Manager,,scraped,2026-09-15T07:10:01.102848,
6d28749ab8d8cfb3,https://nz.linkedin.com/jobs/view/software-engineer-%E2%80%93-intermediate-senior-at-gallagher-security-4465721124,Software Engineer – Intermediate/Senior,,scraped,2026-09-15T07:10:35.515453,
dde1fcee9fac3409,https://nz.linkedin.com/jobs/view/general-labourer-at-careeraiforge-4467442917,General Labourer,careerAIForge,posted,2026-09-15T07:11:08.584786,661
989c940e3adef512,https://nz.linkedin.com/jobs/view/data-platform-developer-at-landpower-4466155864,Data Platform Developer,,scraped,2026-09-15T07:11:19.181334,
a86c719e1bc94f71,https://nz.linkedin.com/jobs/view/junior-test-analyst-at-gallagher-security-4465734108,Junior Test Analyst,,scraped,2026-09-15T07:11:34.391470,
a27d0788c78a03da,https://nz.linkedin.com/jobs/view/management-accountant-at-summerset-retirement-villages-4467223052,Management Accountant,,scraped,2026-09-15T07:11:50.189674,
3682fd1eb36fcd3c,https://nz.linkedin.com/jobs/view/senior-accountant-at-archway-recruitment-4467031858,Senior Accountant,,scraped,2026-09-15T07:12:18.735885,
fa11b668def69b65,https://nz.linkedin.com/jobs/view/digital-marketing-manager-at-zuru-edge-4467443455,Digital Marketing Manager,ZURU Edge,posted,2026-09-15T07:12:39.242329,663
af3d4f8e174360c4,https://nz.linkedin.com/jobs/view/graduate-product-development-engineer-at-resideo-4467435319,Graduate Product Development Engineer,Resideo,posted,2026-09-15T07:12:50.980660,665
558ea3bbe58519dd,https://nz.linkedin.com/jobs/view/health-and-wellbeing-tutor-at-nzma-4464977784,Health and Wellbeing Tutor,NZMA,posted,2026-09-15T07:13:20.052058,667
79ad85d77b190c74,https://nz.linkedin.com/jobs/view/storage-centre-manager-auckland-cbd-at-kennards-self-storage-4464750592,Storage Centre Manager Auckland CBD,Kennards Self Storage,posted,2026-09-15T07:13:32.887996,669
e5038421d9650673,https://nz.linkedin.com/jobs/view/account-manager-at-omd-new-zealand-4466169343,Account Manager,,scraped,2026-09-15T07:13:43.548826,
cd4ec2611e2e0a36,https://nz.linkedin.com/jobs/view/senior-solutions-architect-auckland-at-2degrees-4467436663,Senior Solutions Architect - Auckland,,scraped,2026-09-15T07:14:28.016191,
ca1f4b8349b0e445,https://nz.linkedin.com/jobs/view/paid-discovery-director-at-together-nz-4467431967,Paid Discovery Director,,scraped,2026-09-15T07:14:35.116557,
f903e4df0ad06be5,https://nz.linkedin.com/jobs/view/marketing-lead-visitor-experiences-at-whanganui-district-council-4466176647,Marketing Lead - Visitor Experiences,Whanganui District Council,posted,2026-09-15T07:15:10.136919,671
02e093198a83fc6a,https://nz.linkedin.com/jobs/view/principal-engineer-platform-security-at-stuff-4467401965,"Principal Engineer, Platform & Security",,scraped,2026-09-15T07:15:28.746992,
2eaafa0125773fac,https://nz.linkedin.com/jobs/view/driver-class-4-or-5-at-higgins-4458078134,Driver: Class 4 or 5,,scraped,2026-09-15T07:15:43.018500,
389310abd0288679,https://nz.linkedin.com/jobs/view/food-beverage-supervisor-at-sofitel-4466140941,Food & Beverage Supervisor,,scraped,2026-09-15T07:16:10.080279,
cc70a1abc9ddfd4c,https://nz.linkedin.com/jobs/view/installation-specialist-noel-leeming-queenstown-at-noel-leeming-4467408791,"Installation Specialist - Noel Leeming, Queenstown",Noel Leeming,posted,2026-09-15T07:16:22.838092,134
1d5cd35fed2b1653,https://nz.linkedin.com/jobs/view/oral-health-therapist-lumino-chartwell-hamilton-at-abano-healthcare-group-4410007507,Oral Health Therapist | Lumino Chartwell | Hamilton,,scraped,2026-09-15T07:16:31.479762,
09578ac5340669fe,https://nz.linkedin.com/jobs/view/ai-video-creator-editor-at-jobgether-4466162951,AI Video Creator & Editor,,scraped,2026-09-15T07:16:46.097577,
ef850bb67f282ae6,https://nz.linkedin.com/jobs/view/surveyor-at-beca-4445676067,Surveyor,,scraped,2026-09-15T07:16:52.573277,
1ffc6a298cf1fdfb,https://nz.linkedin.com/jobs/view/sales-executive-at-tribe-group-4456416297,Sales Executive,,scraped,2026-09-15T07:17:26.308230,
e3c67a6880343ff4,https://nz.linkedin.com/jobs/view/senior-director-technology-operations-at-careeraiforge-4467455029,"Senior Director, Technology Operations",careerAIForge,posted,2026-09-15T07:17:57.006596,673
4699a8ce695ad603,https://nz.linkedin.com/jobs/view/territory-manager-consumables-auckland-based-at-heng-hurst-4461034588,Territory Manager  - Consumables- Auckland based,,scraped,2026-09-15T07:18:33.633035,
fa0f8485e6464c45,https://nz.linkedin.com/jobs/view/senior-cyber-security-consultant-strategy-at-talent-4465274936,Senior Cyber Security Consultant - Strategy...,Talent,posted,2026-09-15T07:18:53.498869,675
c237ddba24d8da58,https://nz.linkedin.com/jobs/view/customer-service-representative-bnt-hawera-at-bapcor-limited-4467447845,Customer Service Representative - BNT Hawera,,scraped,2026-09-15T07:19:02.081969,
6126c40e25d0afe8,https://nz.linkedin.com/jobs/view/generation-transmission-integration-engineer-at-powerco-4465272104,Generation & Transmission Integration Engineer,,scraped,2026-09-15T07:19:39.483916,
4543460877e04d08,https://nz.linkedin.com/jobs/view/asset-management-advisor-at-tiaki-wai-4467464091,Asset Management Advisor,Tiaki Wai,posted,2026-09-15T07:20:15.208483,677
36a72a9b592a3ae4,https://nz.linkedin.com/jobs/view/job-coach-at-rainbow-centre-4467443849,Job Coach,,scraped,2026-09-15T07:20:43.824905,
e41f4796fed114ef,https://nz.linkedin.com/jobs/view/senior-business-analyst-at-t-g-global-limited-4465270153,Senior Business Analyst,,scraped,2026-09-15T07:20:59.219564,
011b0033eea81b36,https://nz.linkedin.com/jobs/view/trade-delivery-specialist-bnt-wanganui-at-bapcor-limited-4467457663,Trade Delivery Specialist - BNT Wanganui,,scraped,2026-09-15T07:21:18.339519,
89510ca797a117b9,https://nz.linkedin.com/jobs/view/platform-tech-lead-at-generate-kiwisaver-scheme-4467281986,Platform Tech Lead,,scraped,2026-09-15T07:21:58.173407,
0e6deb279449ba97,https://nz.linkedin.com/jobs/view/accounts-payable-specialist-at-corpay-4463803587,Accounts Payable Specialist,Corpay,posted,2026-09-15T07:22:12.295866,679
8b4eb8bb0fee9e1c,https://nz.linkedin.com/jobs/view/metadata-lead-at-auckland-council-4466150685,Metadata Lead,Auckland Council,posted,2026-09-15T07:22:39.902143,681
0df0d56eefc27888,https://nz.linkedin.com/jobs/view/production-supervisor-wiri-at-programmed-4467437649,Production Supervisor | Wiri,,scraped,2026-09-15T07:23:00.505851,
5068b498e90f154c,https://nz.linkedin.com/jobs/view/accounts-advisor-at-ministry-of-justice-new-zealand-4467432978,Accounts Advisor,,scraped,2026-09-15T07:23:23.202940,
dd1131ffd3d070ba,https://nz.linkedin.com/jobs/view/project-delivery-coordinator-at-syos-aerospace-4467456029,Project Delivery Coordinator,,scraped,2026-09-15T07:23:46.110709,
133ef868401db7ef,https://nz.linkedin.com/jobs/view/senior-data-analyst-at-ministry-of-health-new-zealand-4465731143,Senior Data Analyst,,scraped,2026-09-15T07:24:02.188337,
a5e20b4d3cec55e6,https://nz.linkedin.com/jobs/view/branch-manager-at-instant-finance-limited-4466162306,Branch Manager,,scraped,2026-09-15T07:24:12.377772,
eae15bef723384e3,https://nz.linkedin.com/jobs/view/intermediate-civil-engineer-at-tonkin-%2B-taylor-4465501011,Intermediate Civil Engineer,,scraped,2026-09-15T07:24:21.582063,
ff5547b46dd6387d,https://nz.linkedin.com/jobs/view/activities-coordinator-full-time-at-radius-care-4464528529,Activities Coordinator - Full Time,,scraped,2026-09-15T07:24:49.409908,
6f10b9f6ed71dbf8,https://nz.linkedin.com/jobs/view/senior-power-engineering-designers-at-wsp-in-new-zealand-4438131721,Senior Power Engineering Designers,WSP in New Zealand,posted,2026-09-15T07:25:05.670616,599
8c5b5ead7fe802ac,https://nz.linkedin.com/jobs/view/senior-financial-accountant-at-oceanagold-corporation-4456402437,Senior Financial Accountant,,scraped,2026-09-15T07:25:08.308218,
3035db71b62d5515,https://nz.linkedin.com/jobs/view/senior-power-engineering-designers-at-wsp-in-new-zealand-4438127834,Senior Power Engineering Designers,WSP in New Zealand,posted,2026-09-15T07:25:20.230534,599
d5dd443c31314039,https://nz.linkedin.com/jobs/view/major-account-manager-at-arista-networks-4454417920,Major Account Manager,Arista Networks,posted,2026-09-15T07:25:30.255488,683
ad4401aa1a725dda,https://nz.linkedin.com/jobs/view/senior-personal-banker-at-anz-4467049204,Senior Personal Banker,,scraped,2026-09-15T07:25:32.913037,
6f9d7c0ae717f3fa,https://nz.linkedin.com/jobs/view/junior-project-manager-at-syos-aerospace-4467454156,Junior Project Manager,,scraped,2026-09-15T07:25:55.308598,
b7d7c1e2c0f4ccb7,https://nz.linkedin.com/jobs/view/compliance-manager-risk-management-independence-at-pwc-new-zealand-4467416947,Compliance Manager - Risk Management & Independence,,scraped,2026-09-15T07:26:05.216181,
02fcdf0922ca77d2,https://nz.linkedin.com/jobs/view/software-engineering-manager-nz-at-serko-4466419560,Software Engineering Manager - NZ,,scraped,2026-09-15T13:06:54.778698,
fd17884607dee32a,https://nz.linkedin.com/jobs/view/account-manager-at-jolt-4445087319,Account Manager,JOLT,posted,2026-09-15T13:07:44.058309,156
fefcee8d103cdd9c,https://nz.linkedin.com/jobs/view/corporate-communications-specialist-at-tegel-foods-ltd-4465355844,Corporate Communications Specialist,,scraped,2026-09-15T13:07:46.695112,
a37fb1b32cb94249,https://nz.linkedin.com/jobs/view/rotational-software-engineer-at-trimble-inc-4456452878,Rotational - Software Engineer,Trimble Inc.,posted,2026-09-15T13:08:16.729202,685
96f7f7b1a4ac7082,https://nz.linkedin.com/jobs/view/recruiter-at-teksystems-4465651326,Recruiter,TEKsystems,posted,2026-09-15T13:08:21.955876,36
c932cffd428f5556,https://nz.linkedin.com/jobs/view/registered-architect-at-mode-4463578862,Registered Architect,,scraped,2026-09-15T13:08:24.734840,
1d3bde5f2de516dd,https://nz.linkedin.com/jobs/view/senior-paid-discovery-specialist-at-together-nz-4467425953,Senior Paid Discovery Specialist,,scraped,2026-09-15T13:08:31.838939,
7412e4f976c79cb6,https://nz.linkedin.com/jobs/view/product-marketing-manager-security-at-gallagher-4466176657,Product Marketing Manager - Security,,scraped,2026-09-15T13:09:15.107400,
a355b43117fca22b,https://nz.linkedin.com/jobs/view/cloud-solutions-engineer-ai-apps-at-microsoft-4467095083,Cloud Solutions Engineer - AI & Apps,Microsoft,posted,2026-09-15T13:09:39.717766,687
6e9296ef1f459fd2,https://nz.linkedin.com/jobs/view/head-chef-at-oaks-hotels-resorts-suites-4467437574,Head Chef,,scraped,2026-09-15T13:10:12.382136,
4ba0de8179389515,https://nz.linkedin.com/jobs/view/community-support-worker-residential-south-auckland-at-spectrum-care-4465533401,Community Support Worker - Residential - South Auckland,,scraped,2026-09-15T13:10:19.212938,
c032873889fe0906,https://nz.linkedin.com/jobs/view/digital-account-manager-at-the-creative-store-new-zealand-4466183118,Digital Account Manager,,scraped,2026-09-15T13:10:39.483637,
2ee90c5224b226f0,https://nz.linkedin.com/jobs/view/platypus-third-in-charge-3ic-manners-st-at-platypus-shoes-4458198251,Platypus Third in Charge (3IC) - Manners St,,scraped,2026-09-15T13:11:03.872213,
a6814c4ff75715de,https://nz.linkedin.com/jobs/view/solution-architect-d365-business-central-at-fusion5-4466036136,Solution Architect - D365 Business Central,,scraped,2026-09-15T13:11:17.930127,
5d927abdcecb9730,https://nz.linkedin.com/jobs/view/senior-product-manager-at-workday-4465532722,Senior Product Manager,Workday,posted,2026-09-15T13:11:28.021656,174
d57baa45a686196d,https://nz.linkedin.com/jobs/view/physiotherapist-community-at-habit-health-4466184904,Physiotherapist (Community),,scraped,2026-09-15T13:11:38.601867,
898f2c64fac05b2b,https://nz.linkedin.com/jobs/view/audiologist-invercargill-at-wsa-%E2%80%93-wonderful-sound-for-all-4466187330,Audiologist-Invercargill,,scraped,2026-09-15T13:12:12.728484,
ef7883abbebf116f,https://nz.linkedin.com/jobs/view/class-5-driver-at-team-global-express-4466787819,Class 5 Driver,,scraped,2026-09-15T13:12:28.483076,
41e694544b48278a,https://nz.linkedin.com/jobs/view/merchandise-allocator-at-the-warehouse-group-4467737586,Merchandise Allocator,,scraped,2026-09-15T13:12:51.820374,
8fbae22fe5c06632,https://nz.linkedin.com/jobs/view/sales-engineer-at-frog-recruitment-4456583191,Sales Engineer,,scraped,2026-09-15T13:13:12.793858,
315c6443d9f437e2,https://nz.linkedin.com/jobs/view/firmware-engineer-team-leader-at-vontier-4467493402,Firmware Engineer Team Leader,Vontier,posted,2026-09-15T13:14:17.334829,689
690b3bd010671833,https://nz.linkedin.com/jobs/view/class-4-driver-ashburton-at-hw-richardson-group-4467735840,Class 4 Driver Ashburton,,scraped,2026-09-15T13:14:19.901789,
c6cbb507871dfc6e,https://nz.linkedin.com/jobs/view/tech-solution-specialist-instore-at-the-warehouse-group-4467486159,Tech Solution Specialist - InStore,,scraped,2026-09-15T13:15:22.947395,
517332ad9788dc46,https://nz.linkedin.com/jobs/view/occupational-and-physiotherapist-at-apm-new-zealand-4378573015,Occupational and Physiotherapist,,scraped,2026-09-15T13:16:15.532450,
51ddf5efcd129e9f,https://nz.linkedin.com/jobs/view/vehicle-grooming-at-north-western-toyota-4466510068,Vehicle Grooming,North Western Toyota,posted,2026-09-15T13:16:33.590119,691
431e510a443f2b8e,https://nz.linkedin.com/jobs/view/parts-advisor-christchurch-at-keith-andrews-4463518034,Parts Advisor- Christchurch,,scraped,2026-09-15T13:17:22.290511,
79d41b217259bf48,https://nz.linkedin.com/jobs/view/business-leader-at-star-group-4465763560,Business Leader,,scraped,2026-09-15T13:17:29.519099,
7fcaa8e821893a59,https://nz.linkedin.com/jobs/view/commercial-manager-hamilton-at-kiwibank-4463826089,Commercial Manager - Hamilton,Kiwibank,posted,2026-09-15T13:18:27.476195,693
9203780a76eeb2fd,https://nz.linkedin.com/jobs/view/product-reliability-engineer-at-gallagher-animal-management-4447678152,Product Reliability Engineer,,scraped,2026-09-15T13:18:38.122910,
f71cd520774308fd,https://nz.linkedin.com/jobs/view/product-manager-at-hato-hone-st-john-4467426842,Product Manager,,scraped,2026-09-15T13:18:55.510014,
2c0dbac33877594b,https://nz.linkedin.com/jobs/view/machine-learning-engineer-at-tribe-group-4448117556,Machine Learning Engineer,,scraped,2026-09-15T13:19:25.140023,
102126bdb5bc1e6d,https://nz.linkedin.com/jobs/view/policy-analyst-at-tribe-group-4445416786,Policy Analyst,,scraped,2026-09-15T13:19:31.612587,
729efeb8abd171da,https://nz.linkedin.com/jobs/view/senior-aviation-engineer-at-ghd-4380636936,Senior Aviation Engineer,,scraped,2026-09-15T13:19:47.871877,
6a54ab5a42f85383,https://nz.linkedin.com/jobs/view/product-manager-ecommerce-experience-at-tribe-group-4448686883,Product Manager - eCommerce Experience,,scraped,2026-09-15T13:19:57.952736,
91e37cd30a5f91f7,https://nz.linkedin.com/jobs/view/account-executive-workers-compensation-injury-management-new-zealand-at-wtw-4458581835,"Account Executive - Workers' Compensation (Injury Management), New Zealand",WTW,posted,2026-09-15T13:20:29.409049,695
b63147734d4991d1,https://nz.linkedin.com/jobs/view/human-resources-specialist-4467710169,Human Resources Specialist,Self-employed,posted,2026-09-15T13:20:44.445928,697
841eada3130bdb1c,https://nz.linkedin.com/jobs/view/personal-assistant-at-beca-4467449737,Personal Assistant,,scraped,2026-09-15T13:21:01.059662,
725d83f67365c91b,https://nz.linkedin.com/jobs/view/general-manager-procurement-at-skycity-entertainment-group-4464752815,"General Manager, Procurement",,scraped,2026-09-15T13:21:18.826225,
9c70ad8b6eee5f44,https://nz.linkedin.com/jobs/view/health-safety-coordinator-at-silver-fern-farms-ltd-4467409786,Health & Safety Coordinator,,scraped,2026-09-15T13:21:28.949085,
a11ccd7f1aed39c1,https://nz.linkedin.com/jobs/view/machine-operator-at-laminex-new-zealand-4467499541,Machine Operator,,scraped,2026-09-15T13:21:38.798880,
71d64c90eb7bf876,https://nz.linkedin.com/jobs/view/senior-hr-generalist-at-westcon-comstor-4467411351,Senior HR Generalist,Westcon-Comstor,posted,2026-09-15T13:21:54.348558,699
511412748af1c949,https://nz.linkedin.com/jobs/view/project-manager-at-ministry-of-justice-new-zealand-4467444786,Project Manager,,scraped,2026-09-15T13:22:08.961276,
8516a6b827521901,https://nz.linkedin.com/jobs/view/technician-at-scania-new-zealand-4467429233,Technician,,scraped,2026-09-15T13:22:32.029434,
cf9c8e4c3a8c1495,https://nz.linkedin.com/jobs/view/service-desk-team-member-the-warehouse-invercargill-at-the-warehouse-4467722658,"Service Desk Team Member - The Warehouse, Invercargill",,scraped,2026-09-15T13:23:00.071853,
38cf5b3af4c7f5dd,https://nz.linkedin.com/jobs/view/sales-manager-corporates-and-icg-gps-at-hsbc-4467471343,"Sales Manager, Corporates and ICG, GPS",HSBC,posted,2026-09-15T13:23:16.509795,701
67baaae2032fc79b,https://nz.linkedin.com/jobs/view/psychologist-at-apm-4409621844,Psychologist,,scraped,2026-09-15T13:23:35.076506,
270143351b7eaf5f,https://nz.linkedin.com/jobs/view/personal-assistant-at-deloitte-4456476258,Personal Assistant,Deloitte,posted,2026-09-15T13:23:57.130264,703
eda2101791d060e4,https://nz.linkedin.com/jobs/view/delivery-lead-at-publicis-sapient-4444175582,Delivery Lead,Publicis Sapient,posted,2026-09-15T13:24:15.971847,705
61abe858d676fd24,https://nz.linkedin.com/jobs/view/senior-meat-trader-wfh-aus-nz-at-a1-recruitment-4465736615,Senior Meat Trader - WFH  - Aus/NZ,,scraped,2026-09-15T13:24:18.600430,
60378bbeb2d00e28,https://nz.linkedin.com/jobs/view/principal-design-manager-at-jacobs-4437134581,Principal Design Manager,Jacobs,posted,2026-09-15T13:24:32.629967,707
dea4dca0af1dee46,https://nz.linkedin.com/jobs/view/service-advisor-palmerston-north-at-keith-andrews-4463862554,Service Advisor - Palmerston North,,scraped,2026-09-15T13:24:35.216963,
60f8e592b4e57cab,https://nz.linkedin.com/jobs/view/junior-product-manager-marine-m-f-d-at-forvia-hella-4463186317,JUNIOR PRODUCT MANAGER - MARINE (M/F/D),,scraped,2026-09-15T13:24:42.002630,
1e27cb945dbc6a55,https://nz.linkedin.com/jobs/view/full-time-sales-associate-newmarket-at-pop-mart-4465625261,Full-Time Sales Associate (Newmarket),,scraped,2026-09-15T13:24:50.866155,
2e6d16caf2721a6b,https://nz.linkedin.com/jobs/view/lead-engineer-%E2%80%93-water-infrastructure-strategic-planning-at-ghd-4429604716,Lead Engineer – Water Infrastructure Strategic Planning,,scraped,2026-09-15T13:25:10.501209,
db26fe2a500b3393,https://nz.linkedin.com/jobs/view/travel-expert-north-city-mall-at-flight-centre-travel-group-4458524775,Travel Expert - North City Mall,,scraped,2026-09-15T17:55:46.915517,
1d599f1ea62fed0d,https://nz.linkedin.com/jobs/view/queenstown-colorshop-full-time-retail-sales-at-resene-4467063916,Queenstown ColorShop Full Time Retail Sales,,scraped,2026-09-15T17:56:03.390015,
51751df2bb33354e,https://nz.linkedin.com/jobs/view/kitchen-hand-at-star-group-4466504897,Kitchen Hand,,scraped,2026-09-15T17:56:24.173855,
0c68c2ccdb15b3aa,https://nz.linkedin.com/jobs/view/senior-commercial-account-executive-nz-at-zendesk-4445875344,Senior Commercial Account Executive - NZ,Zendesk,posted,2026-09-15T17:56:49.528483,709
188236c07ff38fbf,https://nz.linkedin.com/jobs/view/manager-corporate-tax-at-ey-4456579937,Manager - Corporate Tax,EY,posted,2026-09-15T17:57:35.899481,711
050b67617d8c9178,https://nz.linkedin.com/jobs/view/corrections-officer-at-serco-4467026864,Corrections Officer,Serco,posted,2026-09-15T17:58:05.828994,713
a92ce740621768fd,https://nz.linkedin.com/jobs/view/occupational-therapist-at-apm-new-zealand-4456519950,Occupational Therapist,,scraped,2026-09-15T17:58:09.186259,
8f934d87a5f1ce09,https://nz.linkedin.com/jobs/view/product-marketing-manager-security-at-gallagher-animal-management-chile-4467763330,Product Marketing Manager - Security,,scraped,2026-09-15T17:58:22.780788,
0fa8938b008f4496,https://nz.linkedin.com/jobs/view/branch-manager-repco-motueka-at-repco-4467041633,Branch Manager | Repco Motueka,Repco,posted,2026-09-15T17:59:47.047295,715
d74fce40c8c03fec,https://nz.linkedin.com/jobs/view/solution-architect-d365-business-central-at-fusion5-4466021271,Solution Architect - D365 Business Central,,scraped,2026-09-15T18:00:10.314865,
b40f287493962ef7,https://nz.linkedin.com/jobs/view/head-chef-at-careeraiforge-4465556755,Head Chef,careerAIForge,posted,2026-09-15T18:00:27.885756,717
3fb6b93d6b127ca3,https://nz.linkedin.com/jobs/view/plant-manager-at-listgrove-ltd-4465531834,Plant Manager,,scraped,2026-09-15T18:00:32.562547,
002ecbfe96409ba6,https://nz.linkedin.com/jobs/view/senior-legal-counsel-at-wsp-in-new-zealand-4448157502,Senior Legal Counsel,WSP in New Zealand,posted,2026-09-15T18:01:21.050743,719
0be655458326428c,https://nz.linkedin.com/jobs/view/breach-readiness-consultant-at-sentinelone-4467752302,Breach Readiness Consultant,SentinelOne,posted,2026-09-15T18:01:56.268013,721
406a4db110788d51,https://nz.linkedin.com/jobs/view/senior-it-architect-at-cubic-corporation-4445312957,Senior IT Architect,Cubic Corporation,posted,2026-09-15T18:02:18.480481,723
c60dd8c17b36ba0a,https://nz.linkedin.com/jobs/view/claims-officer-at-hunter-campbell-4463801611,Claims Officer,,scraped,2026-09-15T18:04:01.153435,
e6466c06acf58f70,https://nz.linkedin.com/jobs/view/business-development-manager-%E2%80%93-commercial-print-signage-at-ameba-technologies-pvt-ltd-4467415267,Business Development Manager – Commercial Print & Signage,Ameba Technologies Pvt Ltd,posted,2026-09-15T18:04:25.124924,725
4798dbf1cd62aad5,https://nz.linkedin.com/jobs/view/customer-experience-representative-at-myob-4467498031,Customer Experience Representative,,scraped,2026-09-15T18:04:27.836108,
decec2855da0c8e7,https://nz.linkedin.com/jobs/view/people-culture-manager-at-tribe-group-4464930842,People & Culture Manager,,scraped,2026-09-15T18:04:36.750171,
1eb5bc70d0411d25,https://nz.linkedin.com/jobs/view/engineering-manager-at-myob-4458165360,Engineering Manager,,scraped,2026-09-15T18:05:07.421190,
dd4d0586f10cc0fd,https://nz.linkedin.com/jobs/view/dental-assistant-lumino-lincoln-christchurch-full-time-at-careeraiforge-4465556758,Dental Assistant| Lumino Lincoln Christchurch | Full Time,careerAIForge,posted,2026-09-15T18:05:21.938865,727
3bc624925aabcfd3,https://nz.linkedin.com/jobs/view/technical-product-manager-product-performance-at-2degrees-4467073468,Technical Product Manager - Product Performance,,scraped,2026-09-15T18:05:26.620266,
896e3a7fb56fc03a,https://nz.linkedin.com/jobs/view/project-manager-at-syos-aerospace-4467449280,Project Manager,,scraped,2026-09-15T18:05:33.771143,
69a7f3c9a838538e,https://nz.linkedin.com/jobs/view/senior-systems-engineer-at-beca-4467451793,Senior Systems Engineer,,scraped,2026-09-15T18:05:56.407111,
ede7d461c92fea0c,https://nz.linkedin.com/jobs/view/fmis-analyst-at-archway-recruitment-4467496211,FMIS Analyst,,scraped,2026-09-15T18:06:10.321052,
20e4ea4ccff0078a,https://nz.linkedin.com/jobs/view/future-student-advisor-at-whitecliffe-college-4464147255,Future Student Advisor,Whitecliffe College,posted,2026-09-15T18:06:29.742312,729
9ae44fb5fc9aacc8,https://nz.linkedin.com/jobs/view/physiotherapist-at-habit-health-4466143959,Physiotherapist,,scraped,2026-09-15T18:06:34.521341,
b7e4e5fcdad362ea,https://nz.linkedin.com/jobs/view/trade-operations-supervisor-mitre10-mega-wanaka-at-mitre-10-new-zealand-limited-4466519887,Trade Operations Supervisor - Mitre10 Mega Wanaka,,scraped,2026-09-15T18:06:42.648940,
110e7b3f5fce90ca,https://nz.linkedin.com/jobs/view/pizza-chef-flush-urban-golf-%2B-bar-at-savor-group-4467454019,Pizza Chef | Flush Urban Golf + Bar,,scraped,2026-09-15T18:06:51.540391,
0b7326330174dd58,https://nz.linkedin.com/jobs/view/customer-experience-analyst-melio-at-xero-4466502143,Customer Experience Analyst - Melio,,scraped,2026-09-15T18:07:04.062836,
18a5e2c75a28cffb,https://nz.linkedin.com/jobs/view/senior-earthing-engineer-at-ghd-4466504099,Senior Earthing Engineer,,scraped,2026-09-15T18:07:13.809877,
708c0595905d032a,https://nz.linkedin.com/jobs/view/shopfloor-team-member-the-warehouse-wanaka-at-the-warehouse-4467086144,"Shopfloor Team Member - The Warehouse, Wanaka",,scraped,2026-09-15T18:07:24.345947,
9593943f99944e1c,https://nz.linkedin.com/jobs/view/assistant-store-manager-at-the-athlete-s-foot-australia-new-zealand-4464780317,Assistant Store Manager,,scraped,2026-09-15T18:07:30.927761,
ac8e398822691197,https://nz.linkedin.com/jobs/view/finance-manager-at-hunter-campbell-4456846564,Finance Manager,,scraped,2026-09-15T18:07:39.529437,
4de2233c687809b1,https://nz.linkedin.com/jobs/view/commercial-partnerships-coordinator-at-vmo-4464835898,Commercial Partnerships Coordinator,,scraped,2026-09-15T18:07:52.930959,
1b4d06d306442558,https://nz.linkedin.com/jobs/view/chef-de-partie-at-oaks-hotels-resorts-suites-4467442774,Chef de Partie,,scraped,2026-09-15T18:08:01.373755,
383be5dde0e150bb,https://nz.linkedin.com/jobs/view/banking-consultant-at-anz-4467063436,Banking Consultant,,scraped,2026-09-15T18:08:08.670675,
f3e36e683bc26b41,https://nz.linkedin.com/jobs/view/accounts-advisor-at-public-defence-service-new-zealand-4465511086,Accounts Advisor,,scraped,2026-09-15T18:08:23.218831,
262a47d0a442d8f3,https://nz.linkedin.com/jobs/view/lead-product-designer-at-kernel-4465768518,Lead Product Designer,,scraped,2026-09-15T18:08:31.027552,
ebc2cf4d9ba62cdc,https://nz.linkedin.com/jobs/view/senior-policy-analyst-trade-at-new-zealand-customs-service-4464172693,Senior Policy Analyst - Trade,,scraped,2026-09-15T18:08:44.141676,
66ef7a1b024780c1,https://nz.linkedin.com/jobs/view/senior-broker-commercial-hamilton-at-gallagher-4466045033,Senior Broker - Commercial (Hamilton),Gallagher,posted,2026-09-15T18:09:00.781313,731
3f800d7b7946602d,https://nz.linkedin.com/jobs/view/payroll-manager-at-beca-4467452763,Payroll Manager,,scraped,2026-09-15T18:09:03.463742,
baaf4311e79c154e,https://nz.linkedin.com/jobs/view/sales-support-2ic-the-warehouse-new-lynn-at-the-warehouse-4467726585,"Sales Support 2IC - The Warehouse, New Lynn",,scraped,2026-09-15T18:09:31.386177,
7fd25123aa32d33e,https://nz.linkedin.com/jobs/view/service-engineer-at-tetra-pak-4467447420,Service Engineer,Tetra Pak,posted,2026-09-15T18:09:50.605306,733
4edf73ccdf3bdb32,https://nz.linkedin.com/jobs/view/warehouse-customer-service-at-persol-4466552284,Warehouse /Customer Service,,scraped,2026-09-15T18:09:55.369764,
3286cd6bfe1126ce,https://nz.linkedin.com/jobs/view/integration-lead-breeze-and-breeze-classic-at-passionfruit-creative-agency-4465511054,Integration Lead - Breeze and Breeze Classic,Passionfruit Creative Agency,posted,2026-09-15T18:10:26.626824,735
de5f7a0b85a029be,https://nz.linkedin.com/jobs/view/yj-youth-worker-hamilton-at-oranga-tamariki%E2%80%94ministry-for-children-4466188127,YJ Youth Worker - Hamilton,,scraped,2026-09-15T18:10:43.511335,
824cd8af3a8bb370,https://nz.linkedin.com/jobs/view/service-delivery-practice-lead-at-tribe-group-4448699638,Service Delivery Practice Lead,,scraped,2026-09-15T18:11:17.041024,
38521720ec28ed3e,https://nz.linkedin.com/jobs/view/senior-information-security-consultant-at-westpac-new-zealand-4464760344,Senior Information Security Consultant,Westpac New Zealand,posted,2026-09-15T18:12:05.000096,515
bd2afffb013b18ae,https://nz.linkedin.com/jobs/view/digital-marketing-strategist-at-harper-digital-4467030123,Digital Marketing Strategist,,scraped,2026-09-15T18:12:23.735727,
694f823f078b9e89,https://nz.linkedin.com/jobs/view/oracle-epm-functional-consultant-at-cognizant-4465500078,Oracle EPM Functional Consultant,Cognizant,posted,2026-09-15T18:12:36.249272,234
dba21d7b5c230f02,https://nz.linkedin.com/jobs/view/servicenow-consultant-technology-consulting-at-ey-4437652562,ServiceNow Consultant- Technology Consulting,EY,posted,2026-09-15T18:13:05.329619,737
1ca73cae8a9692df,https://nz.linkedin.com/jobs/view/technical-director-water-at-aecom-4466187206,Technical Director - Water,AECOM,posted,2026-09-15T18:13:15.107278,739
5eb887f10d3b7a1b,https://nz.linkedin.com/jobs/view/lead-engineer-%E2%80%93-water-infrastructure-strategic-planning-at-ghd-4429605660,Lead Engineer – Water Infrastructure Strategic Planning,,scraped,2026-09-15T18:13:43.992981,
5d3f8c4b90a21314,https://nz.linkedin.com/jobs/view/relationship-manager-at-t-g-global-limited-4466129712,Relationship Manager,,scraped,2026-09-15T18:14:43.719742,
036c49e151880df7,https://nz.linkedin.com/jobs/view/senior-manager-loyalty-program-management-issuer-solutions-%E2%80%93-value-added-services-at-visa-4457093122,"Senior Manager, Loyalty Program Management, Issuer Solutions – Value Added Services",Visa,posted,2026-09-15T18:15:15.862109,741
f6a384aa503ff04f,https://nz.linkedin.com/jobs/view/lead-experience-designer-at-akqa-4438596416,Lead Experience Designer,,scraped,2026-09-15T18:15:18.660060,
3035766723b2c9cc,https://nz.linkedin.com/jobs/view/senior-project-manager-at-t%C4%81taki-auckland-unlimited-4459777608,Senior Project Manager,,scraped,2026-09-15T18:15:26.770788,
4e80b8ebdf4647af,https://nz.linkedin.com/jobs/view/manager-in-training-earn-more-at-hastings-nick-scali-at-nick-scali-limited-4465271289,Manager In Training - Earn More at Hastings Nick Scali,,scraped,2026-09-15T20:50:40.828218,
ca046c47149dc8a7,https://nz.linkedin.com/jobs/view/chef-de-partie-at-star-group-4466507935,Chef de Partie,,scraped,2026-09-15T20:52:04.559035,
023f514eb00ebc40,https://nz.linkedin.com/jobs/view/refrigeration-and-airconditiong-technician-4467782490,Refrigeration and Airconditiong Technician,SetPoint Refrigeration and Airconditioning Services,posted,2026-09-15T20:54:16.173797,743
1a258e0f69892514,https://nz.linkedin.com/jobs/view/solution-specialists-at-microsoft-4446771386,Solution Specialists,Microsoft,posted,2026-09-15T20:56:34.113261,745
16787ce48cddaa87,https://nz.linkedin.com/jobs/view/physiotherapist-community-at-habit-health-4467786470,Physiotherapist (Community),,scraped,2026-09-15T20:56:52.774086,
d89117f49edd91b4,https://nz.linkedin.com/jobs/view/head-of-creative-design-at-halter-4466178091,Head of Creative Design,,scraped,2026-09-15T20:57:38.515622,
c9dccb386734ca62,https://nz.linkedin.com/jobs/view/privacy-adviser-at-aia-nz-4467051087,Privacy Adviser,,scraped,2026-09-15T20:57:59.138388,
01ca68efdf87822c,https://nz.linkedin.com/jobs/view/luxury-travel-advisor-4466145226,Luxury Travel Advisor,Freeman & Turner Travel Associates,posted,2026-09-15T20:58:22.508260,747
57262f918749a756,https://nz.linkedin.com/jobs/view/storeman-driver-warehouse-operator-at-mondiale-vgl-4447675497,Storeman Driver/Warehouse Operator,,scraped,2026-09-15T20:58:57.226572,
898665891103c65c,https://nz.linkedin.com/jobs/view/autonomy-engineering-team-lead-at-syos-aerospace-4467775458,Autonomy Engineering Team Lead,,scraped,2026-09-15T20:59:08.332289,
f05b8b6bb3bb5678,https://nz.linkedin.com/jobs/view/expressions-of-interest-process-controls-internal-audit-risk-consulting-at-ey-4456548368,Expressions of Interest - Process & Controls (Internal Audit) - Risk Consulting,EY,posted,2026-09-15T20:59:52.070693,749
36dcb95668104879,https://nz.linkedin.com/jobs/view/senior-earthing-engineer-at-ghd-4466194150,Senior Earthing Engineer,,scraped,2026-09-15T20:59:56.829182,
a2266f7d3c3c1196,https://nz.linkedin.com/jobs/view/account-executive-smb-acquisition-at-uber-4458557249,Account Executive - SMB Acquisition,Uber,posted,2026-09-15T21:00:53.809126,751
d72f3f843c42bbd9,https://nz.linkedin.com/jobs/view/head-of-retention-at-partners-life-4466512777,Head of Retention,,scraped,2026-09-15T21:02:34.575017,
d76d60b4a439e241,https://nz.linkedin.com/jobs/view/technical-support-engineer-at-gallagher-4457454179,Technical Support Engineer,,scraped,2026-09-15T21:02:42.435000,
b7cbf0dbdd57741e,https://nz.linkedin.com/jobs/view/title%0A-%0A-%0A-payables-administrator-at-sealord-group-ltd-4465947218,"Title
            
                
                    Payables Administrator",,scraped,2026-09-15T23:58:53.261259,
0ad6a5a17be08f53,https://nz.linkedin.com/jobs/view/enterprise-account-executive-at-salesforce-4440376067,Enterprise Account Executive,Salesforce,posted,2026-09-15T23:59:20.726793,753
35e020c93b5ffada,https://nz.linkedin.com/jobs/view/commis-chef-at-star-group-4466196463,Commis Chef,,scraped,2026-09-16T00:00:17.378201,
67f4eba0b49fa30b,https://nz.linkedin.com/jobs/view/structural-engineer-at-archway-recruitment-4467423494,Structural Engineer,,scraped,2026-09-16T00:00:26.433215,
a6f0d9b05e621d69,https://nz.linkedin.com/jobs/view/principal-ecologist-at-beca-4448826142,Principal Ecologist,,scraped,2026-09-16T00:02:05.860468,
8ea384d066371793,https://nz.linkedin.com/jobs/view/food-and-beverage-supervisor-at-hilton-4467799470,Food and Beverage Supervisor,Hilton,posted,2026-09-16T00:02:41.110930,755
0ab7cb96ac4e35e8,https://nz.linkedin.com/jobs/view/principal-engineer-platform-at-stuff-4467412819,"Principal Engineer, Platform",,scraped,2026-09-16T00:02:57.662956,
859189c05dd89b96,https://nz.linkedin.com/jobs/view/senior-analyst-banking-and-insurance-supervision-at-reserve-bank-of-new-zealand-4465944286,Senior Analyst (Banking and Insurance Supervision),Reserve Bank of New Zealand,posted,2026-09-16T00:03:30.134181,757
af7e244d455cf0a5,https://nz.linkedin.com/jobs/view/asian-business-sales-manager-mandarin-speaker-auckland-at-mitre-10-new-zealand-limited-4465915968,Asian Business Sales Manager | Mandarin Speaker | Auckland,,scraped,2026-09-16T00:03:46.743368,
adec269f18063a6a,https://nz.linkedin.com/jobs/view/analyst-ops-execution-operational-risk-automation-intelligence-and-execution-at-deel-4455897447,"Analyst, Ops Execution | Operational Risk Automation, Intelligence and Execution",Deel,posted,2026-09-16T00:04:50.506588,759
a5396839f6a852b7,https://nz.linkedin.com/jobs/view/servicenow-senior-manager-technology-consulting-at-ey-4437667098,ServiceNow - Senior Manager- Technology Consulting,EY,posted,2026-09-16T00:05:16.045364,761
50f42c2db553cbf5,https://nz.linkedin.com/jobs/view/principal-electrical-engineer-at-egis-in-anz-4467907943,Principal Electrical Engineer,,scraped,2026-09-16T00:05:32.602890,
7a132e016a78bbfd,https://nz.linkedin.com/jobs/view/martech-engineer-at-2degrees-4467799588,MarTech Engineer,,scraped,2026-09-16T00:06:14.905334,
a115eededef7b62e,https://nz.linkedin.com/jobs/view/cloud-engineer-at-acc-new-zealand-4466582938,Cloud Engineer,,scraped,2026-09-16T00:06:33.477216,
6e090d09e1f5a3b8,https://nz.linkedin.com/jobs/view/principal-managing-partner-at-workday-4465544639,Principal Managing Partner,Workday,posted,2026-09-16T00:07:04.985860,763
1311a940cb03a9f6,https://nz.linkedin.com/jobs/view/secondary-techer-design-technology-at-acg-strathallan-4456559378,Secondary Techer - Design Technology,,scraped,2026-09-16T00:07:49.656952,
2b39d3b762dd1e53,https://nz.linkedin.com/jobs/view/senior-staff-engineer-hardware-magnetics-at-enphase-energy-4461294781,"Senior Staff Engineer, Hardware (Magnetics)",Enphase Energy,posted,2026-09-16T00:08:44.654226,765
2eeea56759b56f94,https://nz.linkedin.com/jobs/view/enterprise-architecture-%E2%80%93-senior-manager-auckland-at-accenture-new-zealand-4466801019,Enterprise Architecture – Senior Manager (Auckland),,scraped,2026-09-16T00:09:35.293055,
1e253e240b763e0c,https://nz.linkedin.com/jobs/view/manager-finance-partnering-global-engineering-technical-at-fonterra-4467907361,"Manager, Finance Partnering, Global Engineering & Technical",,scraped,2026-09-16T00:10:08.481352,
e5b3459d1b6df376,https://nz.linkedin.com/jobs/view/workforce-planner-customer-experience-at-halter-4466505147,"Workforce Planner, Customer Experience",,scraped,2026-09-16T00:10:21.228912,
62a26f1c8032dcd4,https://nz.linkedin.com/jobs/view/technical-sales-specialist-at-exclusive-talent-4467284624,Technical Sales Specialist,,scraped,2026-09-16T00:10:33.545032,
8f7c2c516a2347be,https://nz.linkedin.com/jobs/view/automotive-parts-interpreter-repco-mt-maunganui-at-repco-4458588798,Automotive Parts Interpreter | Repco Mt Maunganui,Repco,posted,2026-09-16T00:11:35.562794,767
f4c6afc4dfdf4d2d,https://nz.linkedin.com/jobs/view/legal-counsel-employee-relations-at-hato-hone-st-john-4464950388,Legal Counsel - Employee Relations,,scraped,2026-09-16T00:11:50.361064,
501e44afe9906f50,https://nz.linkedin.com/jobs/view/online-assistants-new-world-point-chevalier-at-candid-jobs-4465712443,Online Assistants - New World Point Chevalier,,scraped,2026-09-16T00:11:57.652422,
84875a434b3e7af4,https://nz.linkedin.com/jobs/view/director-financial-institutions-sales-at-anz-4467499818,"Director, Financial Institutions Sales",,scraped,2026-09-16T00:12:10.261771,
85ff0776534b7a4f,https://nz.linkedin.com/jobs/view/marketing-manager-baby-at-zuru-edge-4439762149,Marketing Manager - Baby,ZURU Edge,posted,2026-09-16T00:12:26.785950,769
50a132dde1766d8c,https://nz.linkedin.com/jobs/view/junior-project-manager-at-syos-aerospace-4467789674,Junior Project Manager,,scraped,2026-09-16T00:12:37.351870,
93e4101ad207aa46,https://nz.linkedin.com/jobs/view/software-engineer-internal-platform-team-at-gallagher-4466819085,Software Engineer - Internal Platform Team,,scraped,2026-09-16T02:59:27.895484,
d222ccf324f065d0,https://nz.linkedin.com/jobs/view/software-engineer-typescript-react-fullstack-at-objective-corporation-4458712763,Software Engineer - TypeScript/React Fullstack,,scraped,2026-09-16T03:00:35.031754,
cdb7eef4338bd7f9,https://nz.linkedin.com/jobs/view/community-support-worker-residential-tauranga-at-spectrum-care-4465926498,Community Support Worker - Residential - Tauranga,,scraped,2026-09-16T03:00:49.424336,
1b0b34154ce4ff33,https://nz.linkedin.com/jobs/view/senior-data-reporting-analyst-at-sg-consulting-limited-4467922781,Senior Data & Reporting Analyst,,scraped,2026-09-16T03:01:05.416241,
886c74f19bbf0e01,https://nz.linkedin.com/jobs/view/governance-advisor-at-nz-transport-agency-waka-kotahi-4466809713,Governance Advisor,NZ Transport Agency Waka Kotahi,posted,2026-09-16T03:02:51.370700,771
7a446c1dae2386f7,https://nz.linkedin.com/jobs/view/secondary-teacher-english-at-acg-schools-4467938087,Secondary Teacher - English,,scraped,2026-09-16T03:03:41.956295,
6056535ca0bcbb9e,https://nz.linkedin.com/jobs/view/whiteware-specialist-noel-leeming-blenheim-at-noel-leeming-4467918388,"Whiteware Specialist - Noel Leeming, Blenheim",Noel Leeming,posted,2026-09-16T03:04:09.742443,773
a40dc475d8ebc688,https://nz.linkedin.com/jobs/view/software-engineer-php-at-global-payments-inc-4467493052,Software Engineer (PHP,Global Payments Inc.,posted,2026-09-16T03:04:57.938077,775
b8d72f9fb0ab47de,https://nz.linkedin.com/jobs/view/senior-enterprise-risk-advisory-partner-pacific-at-aig-4465727643,"Senior Enterprise Risk Advisory Partner, Pacific",AIG,posted,2026-09-16T03:05:18.771806,777
05dc14b3051eff55,https://nz.linkedin.com/jobs/view/head-of-technology-engineering-at-auckland-council-4466800741,Head of Technology Engineering,Auckland Council,posted,2026-09-16T03:06:00.101796,779
66e443b512565faa,https://nz.linkedin.com/jobs/view/senior-project-manager-at-tmx-transform-4467932640,Senior Project Manager,,scraped,2026-09-16T03:07:14.748511,
0523a048b65dbd22,https://nz.linkedin.com/jobs/view/delivery-planning-project-manager-at-powerco-4465948369,Delivery Planning Project Manager,,scraped,2026-09-16T03:08:53.238885,
1bc68bc87c06d1e6,https://nz.linkedin.com/jobs/view/senior-ios-engineer-at-absolute-it-4467417821,Senior iOS Engineer,,scraped,2026-09-16T03:09:23.464078,
e6a8a06a0f03bf3b,https://nz.linkedin.com/jobs/view/nz-e-c-%2B-i-engineering-manager-at-worley-4448143335,"NZ E, C + I Engineering Manager",Worley,posted,2026-09-16T03:09:54.373871,631
2fd4f957f425c86f,https://nz.linkedin.com/jobs/view/electronics-engineer-at-gallagher-animal-management-4465496392,Electronics Engineer,,scraped,2026-09-16T03:10:37.011952,
cfa7c4023175b50a,https://nz.linkedin.com/jobs/view/store-manager-at-patagonia-4466810990,Store Manager,Patagonia,posted,2026-09-16T03:11:40.427178,781
b5e09963b8e9b218,https://nz.linkedin.com/jobs/view/technical-consultant-at-asb-bank-4465946399,Technical Consultant,,scraped,2026-09-16T03:11:45.120589,
802bdc696cdf2fc1,https://nz.linkedin.com/jobs/view/solution-architect-snowflake-at-ey-4453418369,Solution Architect - Snowflake,EY,posted,2026-09-16T03:13:58.753546,569
dcb9ce1f5d9af435,https://nz.linkedin.com/jobs/view/scheduler-at-ministry-of-justice-new-zealand-4467940576,Scheduler,,scraped,2026-09-16T09:03:15.715372,
23f3a53ca39ca541,https://nz.linkedin.com/jobs/view/it-gaming-sales-coordinator-at-jb-hi-fi-4465937689,IT & Gaming Sales Coordinator,,scraped,2026-09-16T09:03:28.880836,
225f77fc5f98a4bb,https://nz.linkedin.com/jobs/view/security-architect-grc-lead-at-lawvu-4466177608,Security Architect & GRC Lead,,scraped,2026-09-16T09:03:36.050712,
8b5bca548ce396cc,https://nz.linkedin.com/jobs/view/bid-manager-writer-at-hw-richardson-group-4467095278,Bid Manager/Writer,,scraped,2026-09-16T09:04:00.687426,
1c7dd43dcb44ca3c,https://nz.linkedin.com/jobs/view/senior-legal-counsel-at-wsp-in-canada-4447902377,Senior Legal Counsel,WSP in Canada,posted,2026-09-16T09:04:37.261631,719
b502b38d7c00565f,https://nz.linkedin.com/jobs/view/account-manager-multiple-roles-available-growth-expansion-at-simpro-software-4467916207,Account Manager (Multiple Roles Available) | Growth & Expansion,Simpro Software,posted,2026-09-16T09:04:50.382028,783
a47a2d5b01c4f161,https://nz.linkedin.com/jobs/view/platform-engineer-at-share-4465925331,Platform Engineer,Share,posted,2026-09-16T09:05:05.275918,208
608933a849e239c5,https://nz.linkedin.com/jobs/view/systems-support-analyst-at-pan-pac-forest-products-ltd-4467429105,Systems Support Analyst,,scraped,2026-09-16T09:05:07.901969,
7cb7a9957c5b7259,https://nz.linkedin.com/jobs/view/nz-junior-pricing-analyst-at-green-by-nature-4465955368,NZ Junior Pricing Analyst,Green by Nature,posted,2026-09-16T09:05:29.609883,785
7f14a97f54f47e88,https://nz.linkedin.com/jobs/view/programme-compliance-manager-at-the-warehouse-group-4467962229,Programme & Compliance Manager,,scraped,2026-09-16T09:05:32.385867,
a7d42db407d4d4a9,https://nz.linkedin.com/jobs/view/geography-teacher-at-school-jobs-4464798065,Geography Teacher,School Jobs,posted,2026-09-16T09:05:56.580760,787
608878cdc8e02da3,https://nz.linkedin.com/jobs/view/systems-engineer-at-share-4465908527,Systems Engineer,Share,posted,2026-09-16T09:06:12.535214,789
54acc42495092698,https://nz.linkedin.com/jobs/view/junior-application-engineer-at-datacom-4439060694,Junior Application Engineer,Datacom,posted,2026-09-16T09:06:25.813403,791
52d342e7f7d34f88,https://nz.linkedin.com/jobs/view/cybersecurity-operations-senior-at-defend-4467939441,Cybersecurity Operations Senior,,scraped,2026-09-16T09:06:56.452333,
faa7403fca8aa4a6,https://nz.linkedin.com/jobs/view/skechers-sales-assistants-invercargill-at-skechers-australia-new-zealand-4466832463,Skechers Sales Assistants - Invercargill,,scraped,2026-09-16T09:07:28.585539,
c0f6f7d00bc9a103,https://nz.linkedin.com/jobs/view/sales-coordinator-airport-at-jb-hi-fi-4465527434,Sales Coordinator (Airport),,scraped,2026-09-16T09:07:39.093372,
f7f7351cbf1bc630,https://nz.linkedin.com/jobs/view/skechers-assistant-store-manager-queen-street-at-skechers-australia-new-zealand-4466822543,Skechers Assistant Store Manager - Queen Street,,scraped,2026-09-16T09:07:49.612339,
bee0f8d7abf7a492,https://nz.linkedin.com/jobs/view/group-financial-controller-at-hunter-campbell-4457186805,Group Financial Controller,,scraped,2026-09-16T09:07:55.930694,
b32f29dbc21656c3,https://nz.linkedin.com/jobs/view/presales-architect-microsoft-dynamics-365-business-central-at-fusion5-4465610341,Presales Architect - Microsoft Dynamics 365 Business Central,,scraped,2026-09-16T09:08:05.506842,
368d08793f87d0b8,https://nz.linkedin.com/jobs/view/partner-success-manager-at-xero-4453409273,Partner Success Manager,,scraped,2026-09-16T09:08:13.169750,
f883bac9df8056e6,https://nz.linkedin.com/jobs/view/paid-social-specialist-at-xero-4466861072,Paid Social Specialist,,scraped,2026-09-16T09:08:19.785423,
2762d4f1f2d056c9,https://nz.linkedin.com/jobs/view/specialist-employment-investigator-at-ministry-of-justice-new-zealand-4467957396,Specialist Employment Investigator,,scraped,2026-09-16T09:08:36.119982,
fb8b184f78a5b4ec,https://nz.linkedin.com/jobs/view/renewals-manager-at-higgins-4458894046,Renewals Manager,,scraped,2026-09-16T09:08:47.439705,
9e090c8eed520342,https://nz.linkedin.com/jobs/view/cybersecurity-operations-senior-at-defend-4467938467,Cybersecurity Operations Senior,,scraped,2026-09-16T09:09:38.295958,
08e37bccd3bbb135,https://nz.linkedin.com/jobs/view/cybersecurity-operations-senior-at-defend-4467960236,Cybersecurity Operations Senior,,scraped,2026-09-16T09:10:02.081848,
75cceef6c33626cc,https://nz.linkedin.com/jobs/view/senior-software-engineer-at-serko-4467948593,Senior Software Engineer,,scraped,2026-09-16T09:10:17.867899,
1c259bd1958133a3,https://nz.linkedin.com/jobs/view/social-media-specialist-at-gallagher-4466814909,Social Media Specialist,,scraped,2026-09-16T09:10:26.619942,
406b26d12f8feafc,https://nz.linkedin.com/jobs/view/senior-electronic-security-technician-at-carbon-security-limited-4467951621,Senior Electronic Security Technician,,scraped,2026-09-16T09:10:33.710343,
29d2d3d2038dd6ca,https://nz.linkedin.com/jobs/view/heavy-vehicle-technician-christchurch-at-scania-new-zealand-4311341288,Heavy Vehicle Technician - Christchurch,,scraped,2026-09-16T09:10:45.374925,
eb97644b118afe23,https://nz.linkedin.com/jobs/view/lead-technology-risk-at-k%C4%81inga-ora-homes-and-communities-4465969523,Lead - Technology Risk,,scraped,2026-09-16T09:11:15.956596,
dc95d3d02fe63bb9,https://nz.linkedin.com/jobs/view/staff-ai-platform-engineer-at-pushpay-4457451943,Staff AI Platform Engineer,Pushpay,posted,2026-09-16T09:11:46.889065,793
46177105c89b0b16,https://nz.linkedin.com/jobs/view/senior-analyst-insurance-supervision-at-reserve-bank-of-new-zealand-4465964040,Senior Analyst (Insurance Supervision),Reserve Bank of New Zealand,posted,2026-09-16T09:12:11.571823,795
18898d868f7e1af5,https://nz.linkedin.com/jobs/view/general-farm-assistant-at-ag-assist-4466589764,General Farm Assistant,,scraped,2026-09-16T09:12:16.264086,
9478517d198ebe3a,https://nz.linkedin.com/jobs/view/sap-senior-functional-consultant-ibp-at-goodman-fielder-4459655702,SAP Senior Functional Consultant - IBP,,scraped,2026-09-16T09:12:44.711961,
077451ca1aee18b9,https://nz.linkedin.com/jobs/view/team-leader-technology-at-yoobee-college-of-creative-innovation-4465949196,Team Leader - Technology,Yoobee College of Creative Innovation,posted,2026-09-16T09:13:12.994012,797
648e697064e6577e,https://nz.linkedin.com/jobs/view/senior-legal-counsel-at-wsp-in-new-zealand-4448167345,Senior Legal Counsel,WSP in New Zealand,posted,2026-09-16T09:13:33.293385,719
14eea2e98132aa45,https://nz.linkedin.com/jobs/view/senior-cybersecurity-operations-analyst-at-defend-4464461773,Senior Cybersecurity Operations Analyst,,scraped,2026-09-16T09:13:37.970322,
3e4ece74bf03418d,https://nz.linkedin.com/jobs/view/software-asset-licensing-coordinator-at-gallagher-4466815913,Software Asset & Licensing Coordinator,,scraped,2026-09-16T09:13:49.893019,
5ee4583204fe554a,https://nz.linkedin.com/jobs/view/kitchen-hand-at-star-group-4466507932,Kitchen Hand,,scraped,2026-09-16T09:14:00.845774,
634931e417fd6805,https://nz.linkedin.com/jobs/view/ar-adminstrator-at-hunter-campbell-4466813753,AR Adminstrator,,scraped,2026-09-16T09:14:59.589298,
9163bf014b1965ca,https://nz.linkedin.com/jobs/view/contract-administrator-at-higgins-4465527157,Contract Administrator,,scraped,2026-09-16T09:15:06.274766,
c1eaaa0f8f2934db,https://nz.linkedin.com/jobs/view/monitoring-and-enforcement-officer-at-central-otago-district-council-4467940719,Monitoring and Enforcement Officer,Central Otago District Council,posted,2026-09-16T09:15:31.597443,799
bbf126f4ae386423,https://nz.linkedin.com/jobs/view/project-delivery-coordinator-at-the-warehouse-group-4467933258,Project Delivery Coordinator,,scraped,2026-09-16T09:15:34.396120,
85f3edd7413e758e,https://nz.linkedin.com/jobs/view/finance-administrator-at-archway-recruitment-4467981212,Finance Administrator,,scraped,2026-09-16T09:16:29.253481,
520e7d1a895dccb7,https://nz.linkedin.com/jobs/view/technical-marketing-automation-lead-at-momentum-consulting-group-4466820574,Technical Marketing Automation Lead,,scraped,2026-09-16T09:16:42.865849,
b87bce4b125f6514,https://nz.linkedin.com/jobs/view/applications-analyst-at-clarus-4467937865,Applications Analyst,,scraped,2026-09-16T09:17:07.602200,
6c70a2bc0eeae76d,https://nz.linkedin.com/jobs/view/field-operations-manager-at-bluecurrent-australia-new-zealand-4466834050,Field Operations Manager,,scraped,2026-09-16T09:18:10.391255,
51e0863113199194,https://nz.linkedin.com/jobs/view/legal-assistant-at-queen-city-law-4467913448,Legal Assistant,,scraped,2026-09-16T09:19:06.005122,
87e8303d47fdf397,https://nz.linkedin.com/jobs/view/market-manager-specifiers-and-commercial-at-gib%C2%AE-winstone-wallboards-ltd-4462470696,Market Manager - Specifiers and Commercial,,scraped,2026-09-16T09:19:14.787239,
cb74f0b6105c0f82,https://nz.linkedin.com/jobs/view/trade-territory-representative-blenheim-at-bapcor-limited-4467961018,Trade Territory Representative - Blenheim,,scraped,2026-09-16T09:19:38.880956,
a6c6de8b7f78ac46,https://nz.linkedin.com/jobs/view/marketing-specialist-at-whittle-knight-4466816291,Marketing Specialist,,scraped,2026-09-16T09:19:52.051714,
baf0839b45139462,https://nz.linkedin.com/jobs/view/key-account-manager-%E2%80%93-enterprise-strategy-customer-growth-at-southern-cross-health-insurance-4465967662,Key Account Manager – Enterprise Strategy & Customer Growth,,scraped,2026-09-16T09:20:00.802974,
99880d495afa2b19,https://nz.linkedin.com/jobs/view/manager-remote-opportunity-at-findex-4467941837,Manager- Remote Opportunity,,scraped,2026-09-16T09:20:20.837874,
c5563f7615f6c5da,https://nz.linkedin.com/jobs/view/maintenance-coordinator-at-fleetpartners-4462149980,Maintenance Coordinator,,scraped,2026-09-16T09:20:44.547929,
10118afc3d7767e2,https://nz.linkedin.com/jobs/view/sonographer-at-ultrasound-orewa-4467953436,Sonographer,,scraped,2026-09-16T09:20:56.116617,
d8cd3bd451650f9b,https://nz.linkedin.com/jobs/view/crew-controller-at-air-new-zealand-4467951600,Crew Controller,,scraped,2026-09-16T09:21:02.681105,
1a5e27638aab3a74,https://nz.linkedin.com/jobs/view/team-leader-ectotherms-at-auckland-council-4460962215,Team Leader Ectotherms,Auckland Council,posted,2026-09-16T09:21:37.334317,801
1ca2c236d15661f8,https://nz.linkedin.com/jobs/view/front-end-engineer-at-first-table-4459148212,Front-end Engineer,,scraped,2026-09-16T14:34:34.293224,
d07f2cb5d38bb33b,https://nz.linkedin.com/jobs/view/buyers-assistant-warehouse-stationery-at-the-warehouse-group-4467978000,Buyers Assistant - Warehouse Stationery,,scraped,2026-09-16T14:35:40.830043,
368082953aa0d6d7,https://nz.linkedin.com/jobs/view/sales-consultant-noel-leeming-hastings-at-noel-leeming-4468203583,"Sales Consultant - Noel Leeming, Hastings",Noel Leeming,posted,2026-09-16T14:36:20.935094,803
ac6b447a3ae2318b,https://nz.linkedin.com/jobs/view/store-manager-optometrist-dual-role-opsm-wellington-at-opsm-4466862010,Store Manager Optometrist (Dual Role) - OPSM Wellington,,scraped,2026-09-16T14:36:33.502942,
23ca7ab024de1df0,https://nz.linkedin.com/jobs/view/senior-security-engineer-cloud-platform-at-xero-4457687325,Senior Security Engineer - Cloud Platform,,scraped,2026-09-16T14:37:34.171885,
e4107848855e49b7,https://nz.linkedin.com/jobs/view/sales-consultant-noel-leeming-featherston-st-at-noel-leeming-4467989765,"Sales Consultant - Noel Leeming, Featherston St",Noel Leeming,posted,2026-09-16T14:37:51.395760,805
80aa0d14a60a796c,https://nz.linkedin.com/jobs/view/trading-manager-the-warehouse-balclutha-at-the-warehouse-4467965133,Trading Manager - The Warehouse Balclutha,,scraped,2026-09-16T14:38:00.103766,
ff23d9dc255fd20a,https://nz.linkedin.com/jobs/view/skechers-sales-assistant-hornby-at-skechers-australia-new-zealand-4466824590,Skechers Sales Assistant - Hornby,,scraped,2026-09-16T14:38:07.359136,
e1f7c2cecd57be7f,https://nz.linkedin.com/jobs/view/stms-at-higgins-4458875235,STMS,,scraped,2026-09-16T14:38:30.123214,
27c1cd134b04aa90,https://nz.linkedin.com/jobs/view/software-engineering-team-lead-at-trimble-inc-4447501377,Software Engineering Team Lead,Trimble Inc.,posted,2026-09-16T14:38:45.533001,807
7684ed173e4e238c,https://nz.linkedin.com/jobs/view/site-reliability-engineer-lead-at-southern-cross-health-insurance-4457240432,Site Reliability Engineer Lead,,scraped,2026-09-16T14:39:02.270747,
4dbd47cf421c3724,https://nz.linkedin.com/jobs/view/electrician-at-exel-nz-limited-4466862763,ELECTRICIAN,EXEL NZ LIMITED,posted,2026-09-16T14:39:28.409811,42
6581bedd536cf7c2,https://nz.linkedin.com/jobs/view/software-asset-licensing-coordinator-at-gallagher-animal-management-chile-4468218528,Software Asset & Licensing Coordinator,,scraped,2026-09-16T14:39:48.995066,
f804660ae29738cd,https://nz.linkedin.com/jobs/view/principal-advisor-budget-at-the-treasury-new-zealand-4466826289,Principal Advisor - Budget,,scraped,2026-09-16T14:40:37.020321,
01ec9ee593f7adbd,https://nz.linkedin.com/jobs/view/business-development-manager-at-one-new-zealand-4467939140,Business Development Manager,,scraped,2026-09-16T14:41:39.703088,
cbd2f74fe3cd2925,https://nz.linkedin.com/jobs/view/analysts-senior-analysts-budget-at-the-treasury-new-zealand-4466822373,Analysts/Senior Analysts - Budget,,scraped,2026-09-16T14:41:52.539452,
e41bcfc613245d9a,https://nz.linkedin.com/jobs/view/trade-customer-service-mitre10-mega-wanaka-at-mitre-10-new-zealand-limited-4465969961,Trade Customer Service - Mitre10 Mega Wanaka,Mitre 10 (New Zealand) Limited,posted,2026-09-16T14:42:08.775247,605
0d5089279cdaf7c0,https://nz.linkedin.com/jobs/view/business-development-executive-at-nearo-world-4468206201,Business Development Executive,Nearo World,posted,2026-09-16T14:42:39.461323,809
b0087d2058a725c8,https://nz.linkedin.com/jobs/view/merchandise-operations-specialist-at-woolworths-group-4468206115,Merchandise Operations Specialist,,scraped,2026-09-16T14:42:54.060204,
8c1b0b5ef6a8900e,https://nz.linkedin.com/jobs/view/sr-data-engineer-at-synechron-4465983071,Sr.Data Engineer,Synechron,posted,2026-09-16T14:43:21.909190,811
187019ee5fd337f1,https://nz.linkedin.com/jobs/view/community-support-worker-residential-central-auckland-at-spectrum-care-4465927474,Community Support Worker - Residential - Central Auckland,,scraped,2026-09-16T14:43:34.493278,
bd083e4112be3c3a,https://nz.linkedin.com/jobs/view/technical-director-aviation-at-wsp-in-new-zealand-4432219705,Technical Director Aviation,WSP in New Zealand,posted,2026-09-16T14:44:30.023225,813
5fa4dbb7f47f7419,https://nz.linkedin.com/jobs/view/senior-software-engineer-at-cognex-corporation-4456728324,Senior Software Engineer,Cognex Corporation,posted,2026-09-16T14:44:51.297263,212
47ebe605e7ab21da,https://nz.linkedin.com/jobs/view/account-manager-at-csr-4465955310,Account Manager,,scraped,2026-09-16T14:45:07.896618,
95e1f2d181110b09,https://nz.linkedin.com/jobs/view/key-account-executive-at-mondel%C4%93z-international-4458590442,Key Account Executive,Mondelēz International,posted,2026-09-16T14:46:40.862331,815
4b2c13df5506c38d,https://nz.linkedin.com/jobs/view/strategic-delivery-lead-at-gallagher-4457904092,Strategic Delivery Lead,,scraped,2026-09-16T14:46:47.476956,
09cb70554ab0ddc4,https://nz.linkedin.com/jobs/view/occupational-health-nurse-at-habit-health-4466820091,Occupational Health Nurse,,scraped,2026-09-16T14:46:54.964307,
a1f2cd84bbc7bd22,https://nz.linkedin.com/jobs/view/director-tax-enterprise-at-pwc-new-zealand-4459156079,Director - Tax & Enterprise,,scraped,2026-09-16T14:47:07.612755,
530202e475bf5b39,https://nz.linkedin.com/jobs/view/brand-manager-at-tribe-group-4459066040,Brand Manager,,scraped,2026-09-16T14:47:18.807194,
c4db4e6499debe73,https://nz.linkedin.com/jobs/view/parts-advisor-at-fps-distribution-ltd-4468208148,Parts Advisor,,scraped,2026-09-16T14:47:33.321387,
a5400d9817ee520e,https://nz.linkedin.com/jobs/view/software-and-firmware-developer-at-navicom-dynamics-limited-4465350056,Software and Firmware Developer,,scraped,2026-09-16T14:47:54.446155,
d54d45ed47b32cf5,https://nz.linkedin.com/jobs/view/technical-director-aviation-at-wsp-in-new-zealand-4432213721,Technical Director Aviation,WSP in New Zealand,posted,2026-09-16T14:48:09.304222,813
2d3d5d92f1429a0e,https://nz.linkedin.com/jobs/view/business-analyst-at-ministry-of-justice-new-zealand-4467949487,Business Analyst,,scraped,2026-09-16T14:48:33.910741,
459b77dcad083ebd,https://nz.linkedin.com/jobs/view/senior-aviation-engineer-at-ghd-4380642833,Senior Aviation Engineer,,scraped,2026-09-16T14:48:40.797908,
4f29b2379d74be03,https://nz.linkedin.com/jobs/view/sap-successfactors-ecp-consultant-work-from-anywhere-in-nz-at-dxc-technology-4467796640,SAP SuccessFactors ECP Consultant - work from anywhere in NZ,DXC Technology,posted,2026-09-16T14:49:05.876007,817
11217425740938ca,https://nz.linkedin.com/jobs/view/brand-designer-at-rocket-lab-4429421476,Brand Designer,Rocket Lab,posted,2026-09-16T14:49:24.158653,819
4f6a244147910ede,https://nz.linkedin.com/jobs/view/courier-at-fedex-4467078021,Courier,FedEx,posted,2026-09-16T14:49:39.279787,421
91d722fe23e1d764,https://nz.linkedin.com/jobs/view/trade-delivery-specialist-bnt-kapiti-at-bapcor-limited-4467950789,Trade Delivery Specialist - BNT Kapiti,,scraped,2026-09-16T14:49:47.896565,
7a74538643f9f747,https://nz.linkedin.com/jobs/view/ai-engineer-cloud-platforms-at-deloitte-4467956852,AI Engineer Cloud Platforms,Deloitte,posted,2026-09-16T14:50:09.611173,821
4c8906c42e4edea9,https://nz.linkedin.com/jobs/view/dfir-analyst-at-sentinelone-4467758241,DFIR Analyst,SentinelOne,posted,2026-09-16T14:50:21.778068,823
3e4be02b5063b262,https://nz.linkedin.com/jobs/view/clinical-nurse-lead-peri-anaesthesia-at-southern-cross-healthcare-4467454035,Clinical Nurse Lead - Peri-Anaesthesia,,scraped,2026-09-16T14:50:30.393470,
a551d4e323174b03,https://nz.linkedin.com/jobs/view/strategic-accounts-manager-at-red-hat-4466145963,Strategic Accounts Manager,Red Hat,posted,2026-09-16T14:50:48.951813,825
27df0bb661c24372,https://nz.linkedin.com/jobs/view/sales-operations-international-3pl-coordinator-at-grin-natural-4466589147,Sales Operations & International 3PL Coordinator,,scraped,2026-09-16T14:50:57.698912,
d11c9a0926d42bf1,https://nz.linkedin.com/jobs/view/renewable-energy-analyst-graduate-at-renewable-careers-4467976779,Renewable Energy Analyst (Graduate),,scraped,2026-09-16T14:51:13.331857,
21be4bc17aadb36b,https://nz.linkedin.com/jobs/view/maintenance-operations-centre-operator-auckland-at-k%C4%81inga-ora-homes-and-communities-4465509325,Maintenance Operations Centre Operator (Auckland),,scraped,2026-09-16T14:51:21.775297,
dec8a66411b37c03,https://nz.linkedin.com/jobs/view/etl-solution-designer-at-synechron-4465963971,ETL Solution Designer,Synechron,posted,2026-09-16T14:51:40.430938,827
cc352ff9141c955e,https://nz.linkedin.com/jobs/view/service-modern-workplace-lead-at-the-warehouse-group-4467422029,Service & Modern Workplace Lead,,scraped,2026-09-16T14:51:49.129616,
bb6e2ab5a29e8ec7,https://nz.linkedin.com/jobs/view/technology-strategy-%E2%80%93-consultant-wellington-auckland-at-accenture-new-zealand-4466576979,Technology Strategy – Consultant (Wellington & Auckland),,scraped,2026-09-16T14:52:02.056642,
3970964c5beda12c,https://nz.linkedin.com/jobs/view/privacy-official-information-business-partner-at-auckland-council-4466172838,Privacy & Official Information Business Partner,Auckland Council,posted,2026-09-16T14:52:45.241644,829
80c71100d3c9cf87,https://nz.linkedin.com/jobs/view/hr-process-workflow-specialist-at-ghd-4466506062,HR Process Workflow Specialist,,scraped,2026-09-16T14:52:47.907507,
bbddb7e6c66a7291,https://nz.linkedin.com/jobs/view/account-executive-nca-at-simpro-software-4459129126,"Account Executive, NCA",Simpro Software,posted,2026-09-16T19:22:07.196359,831
8c7bcb90132c12c0,https://nz.linkedin.com/jobs/view/product-marketing-manager-at-gallagher-security-4466176657,Product Marketing Manager,,scraped,2026-09-16T19:22:47.923697,
8f3c5505c1f6847c,https://nz.linkedin.com/jobs/view/gnc-engineer-at-vessev-4467795580,GNC Engineer,,scraped,2026-09-16T19:23:35.818427,
81939598c8ad3f55,https://nz.linkedin.com/jobs/view/chief-financial-officer-at-tribe-group-4448696972,Chief Financial Officer,,scraped,2026-09-16T19:24:02.660710,
726a6efcc9bd8b25,https://nz.linkedin.com/jobs/view/office-manager-at-generate-kiwisaver-scheme-4458166038,Office Manager,,scraped,2026-09-16T19:24:25.151073,
d37f081e2e95bda7,https://nz.linkedin.com/jobs/view/technical-account-manager-it-at-first-focus-4458551510,Technical Account Manager (IT),,scraped,2026-09-16T19:24:32.036548,
ab584a17f9ebb7aa,https://nz.linkedin.com/jobs/view/chef-de-partie-at-star-group-4466876070,Chef de Partie,,scraped,2026-09-16T19:24:39.830769,
31ca02b55df075ef,https://nz.linkedin.com/jobs/view/front-of-house-team-member-at-star-group-4466520008,Front of House Team Member,,scraped,2026-09-16T19:25:38.705415,
d05d9d3de8e8140b,https://nz.linkedin.com/jobs/view/deli-assistant-wanted-at-careeraiforge-4468256159,Deli Assistant Wanted,careerAIForge,posted,2026-09-16T19:26:09.708499,833
f9d695b87082468d,https://nz.linkedin.com/jobs/view/food-beverage-supervisor-at-hilton-4458195201,Food & Beverage Supervisor,Hilton,posted,2026-09-16T19:26:25.454105,278
e6f411a57dee729e,https://nz.linkedin.com/jobs/view/delivery-director-auckland-at-future-secure-ai-4467467955,Delivery Director - Auckland,Future Secure AI,posted,2026-09-16T19:26:48.985414,260
474bf23f582c4785,https://nz.linkedin.com/jobs/view/principal-advisor-employment-relations-at-ministry-of-justice-new-zealand-4467951473,"Principal Advisor, Employment Relations",,scraped,2026-09-16T19:27:29.357528,
85fc3bd9d5b0bc6f,https://nz.linkedin.com/jobs/view/pwc-graduate-programme-tax-wellington-at-pwc-new-zealand-4439667929,PwC Graduate Programme - Tax (Wellington),,scraped,2026-09-16T19:27:48.543570,
d8c788915397687a,https://nz.linkedin.com/jobs/view/maintenance-team-leader-wellington-at-veolia-australia-new-zealand-4467950360,Maintenance Team Leader-Wellington,,scraped,2026-09-16T19:27:55.544856,
e723e539460978dc,https://nz.linkedin.com/jobs/view/compliance-officer-vessels-earth-sciences-at-science-new-zealand-4468229943,Compliance Officer - Vessels - Earth Sciences,,scraped,2026-09-16T19:28:10.811978,
b3fecf41684a8679,https://nz.linkedin.com/jobs/view/asian-business-sales-manager-mandarin-speaker-auckland-at-mitre-10-new-zealand-limited-4465999529,Asian Business Sales Manager | Mandarin Speaker | Auckland,Mitre 10 (New Zealand) Limited,posted,2026-09-16T19:29:01.496134,835
de6a2236565e4121,https://nz.linkedin.com/jobs/view/lead-cyber-security-engineer-at-tribe-group-4459101429,Lead Cyber Security Engineer,,scraped,2026-09-16T19:29:29.448339,
92a39cbf28c6f7b3,https://nz.linkedin.com/jobs/view/portfolio-revenue-analyst-new-zealand-at-ihg-hotels-resorts-4465940216,Portfolio Revenue Analyst - New Zealand,,scraped,2026-09-16T19:29:48.022159,
8cd3d8242cf66909,https://nz.linkedin.com/jobs/view/business-support-administrator-at-madison-recruitment-4466815607,Business Support Administrator,,scraped,2026-09-16T19:29:56.756113,
e708e2337b6374bf,https://nz.linkedin.com/jobs/view/implementation-engineer-customer-support-apac-at-bitwarden-4456948114,"Implementation Engineer, Customer Support (APAC)",Bitwarden,posted,2026-09-16T19:30:21.380083,837
12f9fabbd6b0f675,https://nz.linkedin.com/jobs/view/business-development-manager-drive-growth-in-hamilton-nz-at-thryv-australia-new-zealand-4440534589,Business Development Manager | Drive Growth in Hamilton NZ,Thryv Australia & New Zealand,posted,2026-09-16T19:30:54.078242,839
5cd3fd1740c3787d,https://nz.linkedin.com/jobs/view/trade-operations-supervisor-mitre10-mega-wanaka-at-mitre-10-new-zealand-limited-4465969001,Trade Operations Supervisor - Mitre10 Mega Wanaka,,scraped,2026-09-16T19:30:56.702974,
1a73a5934e50373d,https://nz.linkedin.com/jobs/view/senior-support-technician-at-first-focus-4462774038,Senior Support Technician,,scraped,2026-09-16T19:31:13.470983,
2dd6b59dd269be59,https://nz.linkedin.com/jobs/view/registered-architect-at-pynenburg-collins-architects-ltd-4467938487,Registered Architect,,scraped,2026-09-16T19:31:51.460168,
a950dfc9f22d43f1,https://nz.linkedin.com/jobs/view/development-manager-at-aderant-4467968917,Development Manager,Aderant,posted,2026-09-16T19:32:44.476434,841
98a53dda6e0b28e2,https://nz.linkedin.com/jobs/view/servicenow-senior-manager-technology-consulting-at-ey-4437651582,ServiceNow - Senior Manager- Technology Consulting,EY,posted,2026-09-16T19:33:47.637865,761
85571038fe129401,https://nz.linkedin.com/jobs/view/senior-support-technician-at-first-focus-4462774039,Senior Support Technician,,scraped,2026-09-16T19:34:06.443288,
d2a5e681b7ee153c,https://nz.linkedin.com/jobs/view/project-engineer-at-higgins-4458862470,Project Engineer,,scraped,2026-09-16T19:34:37.439277,
bac97c3e4a3eeddf,https://nz.linkedin.com/jobs/view/care-home-manager-at-recmatrix-consulting-4465282210,Care Home Manager,,scraped,2026-09-16T19:35:46.294866,
22db2b12e521546b,https://nz.linkedin.com/jobs/view/rural-graduate-valuer-at-opteon-aus-nz-4437627974,Rural Graduate Valuer,,scraped,2026-09-16T19:36:27.627095,
0fba9d538327bb39,https://nz.linkedin.com/jobs/view/operations-manager-venues-at-encore-4457647467,Operations Manager - Venues,Encore,posted,2026-09-16T19:36:59.095286,843
77a73e3086d1b7ae,https://nz.linkedin.com/jobs/view/health-and-safety-practitioner-christchurch-at-transpower-new-zealand-4464783855,Health and Safety Practitioner - Christchurch,,scraped,2026-09-16T19:37:11.727459,
0725289a30f4d6ba,https://nz.linkedin.com/jobs/view/trade-sales-driver-at-plumbing-world-4467986742,Trade Sales / Driver,,scraped,2026-09-16T19:37:19.586737,
121bf6a1fda9b63b,https://nz.linkedin.com/jobs/view/account-manager-google-customer-solutions-at-google-4455443128,"Account Manager, Google Customer Solutions",Google,posted,2026-09-16T19:37:35.348701,845
32a530fbdcc8c8ab,https://nz.linkedin.com/jobs/view/operational-specialist-at-global-wave-group-4466030587,Operational Specialist,Global Wave Group,posted,2026-09-16T19:37:46.025118,847
36fd6146ef808db6,https://nz.linkedin.com/jobs/view/manager-senior-manager-property-tax-advisory-at-kpmg-new-zealand-4457691225,Manager / Senior Manager - Property Tax Advisory,KPMG New Zealand,posted,2026-09-16T19:38:02.504982,849
2c519111db50d540,https://nz.linkedin.com/jobs/view/software-engineer-internal-platform-team-at-gallagher-security-4466834566,Software Engineer - Internal Platform Team,,scraped,2026-09-16T22:37:34.712647,
e3bf0b66d440c4f2,https://nz.linkedin.com/jobs/view/senior-pricing-analyst-at-tower-insurance-4467104975,Senior Pricing Analyst,,scraped,2026-09-16T22:39:24.579736,
b834cb95c43d699c,https://nz.linkedin.com/jobs/view/branch-supervisor-at-avis-budget-group-4466180911,Branch Supervisor,Avis Budget Group,posted,2026-09-16T22:40:06.401704,851
2cfca21749738e34,https://nz.linkedin.com/jobs/view/principal-software-engineer-mobile-platform-at-canva-4456850008,Principal Software Engineer - Mobile Platform,,scraped,2026-09-16T22:40:49.119247,
c3ccd36fe5b5bc61,https://nz.linkedin.com/jobs/view/social-media-specialist-at-gallagher-security-4466814909,Social Media Specialist,,scraped,2026-09-16T22:42:02.141268,
46bb7b4ff4ea44c9,https://nz.linkedin.com/jobs/view/engagement-lead-at-future-secure-ai-4467933098,Engagement Lead,Future Secure AI,posted,2026-09-16T22:44:52.209814,853
a648a0abf81e7428,https://nz.linkedin.com/jobs/view/registered-valuer-4466810342,Registered Valuer,Valuation Partners Limited,posted,2026-09-16T22:45:28.402572,855
ff718814d79832d8,https://nz.linkedin.com/jobs/view/housekeeping-coordinator-at-hilton-4467903446,Housekeeping Coordinator,Hilton,posted,2026-09-16T22:45:33.936630,505
f4333a41bfcc4dcc,https://nz.linkedin.com/jobs/view/store-project-lead-at-the-warehouse-group-4467977018,Store Project Lead,,scraped,2026-09-16T22:45:42.583527,
256e2730e613be67,https://nz.linkedin.com/jobs/view/trading-manager-the-warehouse-waipapa-at-the-warehouse-4467932269,"Trading Manager - The Warehouse, Waipapa",,scraped,2026-09-16T22:45:49.544183,
06dac0c448f68bd2,https://nz.linkedin.com/jobs/view/capital-performance-and-reporting-manager-at-watercare-services-limited-4461559245,Capital Performance and Reporting Manager,,scraped,2026-09-16T22:46:06.237563,
2fd11c898ee07371,https://nz.linkedin.com/jobs/view/programmatic-specialist-at-3rdeye-recruitment-and-talent-management-agency-4466116930,Programmatic Specialist,,scraped,2026-09-16T22:46:15.210587,
8f68cfff0709aff8,https://nz.linkedin.com/jobs/view/senior-governance-advisor-at-porirua-city-council-4466222875,Senior Governance Advisor,Porirua City Council,posted,2026-09-16T22:46:51.450100,857
451535f419824768,https://nz.linkedin.com/jobs/view/manager-determinations-at-ministry-of-business-innovation-and-employment-4468310141,Manager Determinations,,scraped,2026-09-16T22:46:58.074013,
2a0d877501fe31c3,https://nz.linkedin.com/jobs/view/ai-engineer-cloud-platforms-at-deloitte-4467962131,AI Engineer Cloud Platforms,Deloitte,posted,2026-09-16T22:47:10.619044,821
99899fc99a6a0263,https://nz.linkedin.com/jobs/view/village-lifestyle-coordinator-at-ryman-healthcare-4465943262,Village Lifestyle Coordinator,,scraped,2026-09-16T22:47:13.194523,
bed6f973f50507c5,https://nz.linkedin.com/jobs/view/operator-packing-timaru-at-mccain-foods-4440001314,Operator Packing - Timaru,,scraped,2026-09-16T22:47:41.139695,
8d994e9c5d1fa417,https://nz.linkedin.com/jobs/view/senior-ai-sales-specialist-at-amazon-web-services-aws-4467246156,Senior AI Sales Specialist,Amazon Web Services (AWS),posted,2026-09-16T22:48:01.996042,859
920a9d96919d4521,https://nz.linkedin.com/jobs/view/media-account-executive-at-3rdeye-recruitment-and-talent-management-agency-4466825705,Media Account Executive,,scraped,2026-09-16T22:48:08.610455,
e7531d689b7318dd,https://nz.linkedin.com/jobs/view/finance-business-partner-at-zespri-international-4466801379,Finance Business Partner,,scraped,2026-09-16T22:48:43.414492,
5c9295bf691a31b2,https://nz.linkedin.com/jobs/view/commercial-relationship-associate-at-anz-4467985121,Commercial Relationship Associate,,scraped,2026-09-16T22:48:51.847163,
c3876ee58594be87,https://nz.linkedin.com/jobs/view/chef-at-summerset-retirement-villages-4450885320,Chef,,scraped,2026-09-16T22:49:00.635473,
bd2c9a69a5cd827b,https://nz.linkedin.com/jobs/view/sales-representative-repco-mt-wellington-at-repco-4458586871,Sales Representative | Repco Mt Wellington,Repco,posted,2026-09-16T22:49:29.800822,861
87c9160287104449,https://nz.linkedin.com/jobs/view/software-specialist-%E2%80%93-web-react-developer-manage-my-money-at-asb-bank-4465946398,Software Specialist – Web (React Developer) - Manage My Money,,scraped,2026-09-16T22:49:34.407334,
4e5f5a1b1cd07e7c,https://nz.linkedin.com/jobs/view/support-services-coordinator-at-ministry-of-justice-new-zealand-4468289823,Support Services Coordinator,,scraped,2026-09-16T22:50:09.774598,
6ceb1ccdb5029372,https://nz.linkedin.com/jobs/view/dishwasher-kitchenhand-at-careeraiforge-4468256168,Dishwasher/kitchenhand,careerAIForge,posted,2026-09-16T22:50:33.485181,863
fcff0992ba554805,https://nz.linkedin.com/jobs/view/refrigeration-service-technician-at-exel-nz-limited-4466878274,REFRIGERATION SERVICE TECHNICIAN,EXEL NZ LIMITED,posted,2026-09-16T22:50:48.922764,865
344d7f419191ee66,https://nz.linkedin.com/jobs/view/planning-procurement-manager-at-laminex-new-zealand-4467937518,Planning & Procurement Manager,,scraped,2026-09-16T22:50:59.507644,
841204522446262b,https://nz.linkedin.com/jobs/view/team-assistant-at-colliers-4467284747,Team Assistant,,scraped,2026-09-16T22:51:59.371334,
7a1a73f374a48e7b,https://nz.linkedin.com/jobs/view/travel-specialist-at-abercrombie-kent-australia-4449434929,Travel Specialist,,scraped,2026-09-16T22:52:42.939588,
19497355737e6682,https://nz.linkedin.com/jobs/view/policy-director-mental-health-addiction-and-suicide-prevention-at-ministry-of-health-new-zealand-4466811494,"Policy Director Mental Health, Addiction and Suicide Prevention",,scraped,2026-09-16T22:53:13.664114,
80d9642cb16e60a1,https://nz.linkedin.com/jobs/view/unit-coordinator-serviced-apartments-at-candid-jobs-4466898956,Unit Coordinator - Serviced Apartments,,scraped,2026-09-16T22:53:25.215377,
2846e89fbc3f0204,https://nz.linkedin.com/jobs/view/aircraft-maintenance-technician-at-dawn-aerospace-4452411226,Aircraft Maintenance Technician,,scraped,2026-09-16T22:53:52.151127,
5a10864127789172,https://nz.linkedin.com/jobs/view/chief-operating-officer-at-fabrum-4465952451,Chief Operating Officer,,scraped,2026-09-16T22:53:58.807690,
a74b590747475df6,https://nz.linkedin.com/jobs/view/senior-technical-services-engineer-at-itco-solutions-ltd-4467041287,Senior Technical Services Engineer,,scraped,2026-09-16T22:54:07.051188,
7f8745bbb30048f9,https://nz.linkedin.com/jobs/view/expressions-of-interest-process-controls-internal-audit-risk-consulting-at-ey-4456547371,Expressions of Interest - Process & Controls (Internal Audit) - Risk Consulting,EY,posted,2026-09-16T22:54:25.596970,749
264d0a5fc3e2d794,https://nz.linkedin.com/jobs/view/engineering-team-leader-at-silver-fern-farms-ltd-4464384740,Engineering Team Leader,,scraped,2026-09-16T22:54:44.168664,
57cfb14fa0e66d57,https://nz.linkedin.com/jobs/view/intermediate-ios-engineer-perm-at-westpac-new-zealand-4453053414,Intermediate iOS Engineer - Perm,Westpac New Zealand,posted,2026-09-16T22:55:10.999768,619
50526a193fb5028a,https://nz.linkedin.com/jobs/view/traffic-management-operative-at-higgins-4457749140,Traffic Management Operative,,scraped,2026-09-17T03:02:46.513660,
bfa1b6907c862fac,https://nz.linkedin.com/jobs/view/software-engineer-at-serko-4467938705,Software Engineer,,scraped,2026-09-17T03:02:55.302871,
8e8a7cb53e33fb70,https://nz.linkedin.com/jobs/view/media-planning-manager-at-zuru-edge-4467042049,Media Planning Manager,ZURU Edge,posted,2026-09-17T03:03:13.258814,867
295670b1010f8c2b,https://nz.linkedin.com/jobs/view/senior-product-manager-at-kami-4465482838,Senior Product Manager,Kami,posted,2026-09-17T03:03:19.938922,174
c7984cecfd4ae36f,https://nz.linkedin.com/jobs/view/commercial-accountant-at-cause-and-fx-4467422710,Commercial Accountant,,scraped,2026-09-17T03:03:22.624631,
57a21b667e5633d1,https://nz.linkedin.com/jobs/view/loss-prevention-officer-security-the-warehouse-porirua-at-the-warehouse-4467487147,"Loss Prevention Officer (Security) - The Warehouse, Porirua",,scraped,2026-09-17T03:03:31.030669,
c9a50c8d7f46c45a,https://nz.linkedin.com/jobs/view/security-officer-at-alliance-group-limited-4467467908,Security Officer,,scraped,2026-09-17T03:03:52.057645,
ed224cd6fe82c57c,https://nz.linkedin.com/jobs/view/staff-software-engineer-native-infrastructure-at-canva-4457668739,Staff Software Engineer - Native Infrastructure,,scraped,2026-09-17T03:04:00.558296,
1162ed717584b7ce,https://nz.linkedin.com/jobs/view/manawa-bay-dr-martens-assistant-store-manager-at-dr-martens-australia-new-zealand-4468233914,Manawa Bay - Dr Martens Assistant Store Manager,,scraped,2026-09-17T03:04:07.181931,
85d395a4c35f034f,https://nz.linkedin.com/jobs/view/electrical-engineer-power-at-wsp-in-new-zealand-4447286293,Electrical Engineer - Power,WSP in New Zealand,posted,2026-09-17T03:04:38.845767,314
d0bb6798c5b98765,https://nz.linkedin.com/jobs/view/bi-developer-at-blackbull-markets-4468243033,BI Developer,,scraped,2026-09-17T03:04:45.417227,
dffb1682eae65ee6,https://nz.linkedin.com/jobs/view/customer-service-officer-at-sg-fleet-au-4468333710,Customer Service Officer,,scraped,2026-09-17T03:04:59.569139,
c4ae385a4d07d6cb,https://nz.linkedin.com/jobs/view/senior-security-specialist-at-rwa-people-4467429772,Senior Security Specialist,,scraped,2026-09-17T03:05:10.948331,
06b28cc3f0902927,https://nz.linkedin.com/jobs/view/full-time-sales-assistant-converse-sylvia-park-shopping-centre-at-conquest-sports-pty-ltd-converse-licensee-4466251121,Full Time Sales Assistant Converse - Sylvia Park Shopping Centre,,scraped,2026-09-17T03:05:33.231085,
416feb0dbae6f160,https://nz.linkedin.com/jobs/view/gardener-at-ryman-healthcare-4466238722,Gardener,,scraped,2026-09-17T03:05:39.749977,
4a4ba6337b1a5629,https://nz.linkedin.com/jobs/view/senior-consultant-%E2%80%93-business-support-hr-at-rice-co-4468325608,Senior Consultant – Business Support & HR,,scraped,2026-09-17T03:05:53.717567,
5c64be63a9be0162,https://nz.linkedin.com/jobs/view/bid-manager-at-datacom-4468321919,Bid Manager,Datacom,posted,2026-09-17T03:06:35.871213,869
1667274b71634b20,https://nz.linkedin.com/jobs/view/geography-teacher-2027-permanent-full-time-at-school-jobs-4465206000,Geography Teacher 2027 (permanent full-time),School Jobs,posted,2026-09-17T03:07:10.348412,871
1d56675bff6048b4,https://nz.linkedin.com/jobs/view/booking-services-coordinator-at-the-new-hiring-platform-4466157836,Booking Services Coordinator,The New Hiring Platform,posted,2026-09-17T03:07:17.086211,324
2073b5400ce5eee8,https://nz.linkedin.com/jobs/view/gardener-at-ryman-healthcare-4466230817,Gardener,,scraped,2026-09-17T03:07:19.661377,
cbe9d2774bca2e20,https://nz.linkedin.com/jobs/view/governance-advisor-at-nz-transport-agency-waka-kotahi-4466806792,Governance Advisor,NZ Transport Agency Waka Kotahi,posted,2026-09-17T03:07:36.200149,771
14e0777df9ecb68a,https://nz.linkedin.com/jobs/view/junior-risk-analyst-at-blackbull-markets-4468228933,Junior Risk Analyst,,scraped,2026-09-17T03:07:38.802612,
90ac0b784ab5b30e,https://nz.linkedin.com/jobs/view/finance-business-partner-at-rwa-people-4467791770,Finance Business Partner,,scraped,2026-09-17T03:07:49.878658,
e3b7ec0d1aa29430,https://nz.linkedin.com/jobs/view/head-of-enterprise-investment-and-portfolio-management-at-ministry-of-business-innovation-and-employment-4467960480,Head of Enterprise Investment and Portfolio Management,,scraped,2026-09-17T03:08:02.064149,
8a6cd3bc51c91ec5,https://nz.linkedin.com/jobs/view/head-of-strategic-communications-at-halter-4466853205,Head of Strategic Communications,,scraped,2026-09-17T03:08:14.310892,
63d103b22c6f18b1,https://nz.linkedin.com/jobs/view/assistant-gardener-at-persol-apac-4467962716,Assistant Gardener,,scraped,2026-09-17T03:08:28.578889,
e3447906cd73ac94,https://nz.linkedin.com/jobs/view/business-development-manager-at-toll-group-4466251010,Business Development Manager,,scraped,2026-09-17T03:08:41.196309,
3e79a3a74fb05ffc,https://nz.linkedin.com/jobs/view/technical-lead-net-at-datacom-4448665304,Technical Lead (.NET),Datacom,posted,2026-09-17T03:09:01.365341,873
d57966533f168143,https://nz.linkedin.com/jobs/view/global-equities-financials-analyst-at-generate-kiwisaver-scheme-4467451173,Global Equities Financials Analyst,,scraped,2026-09-17T03:09:05.980991,
560784367f41d0a0,https://nz.linkedin.com/jobs/view/account-manager-at-stuff-4467972104,Account Manager,,scraped,2026-09-17T03:09:14.505268,
84c38881e8772cc1,https://nz.linkedin.com/jobs/view/intermediate-accountant-at-william-buck-4468345715,Intermediate Accountant,,scraped,2026-09-17T03:09:30.837284,
debf1147f537b7fe,https://nz.linkedin.com/jobs/view/event-management-specialist-at-spark-new-zealand-4466144052,Event Management Specialist,,scraped,2026-09-17T03:09:39.691842,
66755cd4c5cd7627,https://nz.linkedin.com/jobs/view/welder-metal-fabricators-christchurch-at-davin-industries-limited-4465249177,Welder / Metal Fabricators Christchurch,DAVIN INDUSTRIES LIMITED,posted,2026-09-17T03:09:54.441823,875
214638e6a280a1b4,https://nz.linkedin.com/jobs/view/finance-reporting-analyst-at-partners-life-4466517071,Finance Reporting Analyst,,scraped,2026-09-17T03:10:09.091625,
3d322936b68965e5,https://nz.linkedin.com/jobs/view/audiologist-invercargill-at-bloom-hearing-specialists-anz-4465542829,Audiologist-Invercargill,,scraped,2026-09-17T03:10:20.094981,
123956c12655baa8,https://nz.linkedin.com/jobs/view/pmo-lead-nz-at-tomra-4468307408,PMO Lead NZ,TOMRA,posted,2026-09-17T03:10:56.256401,877
be9293171522bfae,https://nz.linkedin.com/jobs/view/director-it-infrastructure-at-rocket-lab-4455891680,"Director, IT Infrastructure",Rocket Lab,posted,2026-09-17T03:11:27.090729,879
37ba159d7a5effde,https://nz.linkedin.com/jobs/view/physiotherapist-at-apm-new-zealand-4465965437,Physiotherapist,,scraped,2026-09-17T03:11:29.662713,
97a9202a50cbfbdc,https://nz.linkedin.com/jobs/view/technical-account-manager-at-ecoportal-4467449742,Technical Account Manager,,scraped,2026-09-17T03:11:55.260945,
e9989c3c127dadb7,https://nz.linkedin.com/jobs/view/social-media-specialist-at-gallagher-animal-management-chile-4468219466,Social Media Specialist,,scraped,2026-09-17T03:12:03.879616,
7f5104adac9d55fc,https://nz.linkedin.com/jobs/view/test-automation-engineer-at-resideo-4468345472,Test Automation Engineer,Resideo,posted,2026-09-17T03:12:20.136651,881
b27380999342c68d,https://nz.linkedin.com/jobs/view/senior-security-consultant-at-bank-of-new-zealand-4466233931,Senior Security Consultant,,scraped,2026-09-17T03:13:28.742622,
4886df03f1523d17,https://nz.linkedin.com/jobs/view/lead-microsoft-dynamics-365-business-central-technical-solution-designer-at-theta-nz-4468343847,Lead Microsoft Dynamics 365 Business Central Technical Solution Designer,,scraped,2026-09-17T03:14:19.201794,
2cdb95521296c185,https://nz.linkedin.com/jobs/view/shima-seiki-technician-at-manawatu-knitting-mills-ltd-4468316493,Shima Seiki Technician,MANAWATU KNITTING MILLS LTD,posted,2026-09-17T03:15:39.235912,883
e916c6b739ab2a26,https://nz.linkedin.com/jobs/view/underwriting-manager-financial-lines-at-zurich-insurance-4467143427,Underwriting Manager - Financial Lines,,scraped,2026-09-17T03:15:41.809886,
1e8b74bba848e042,https://nz.linkedin.com/jobs/view/night-auditor-at-ibis-ibis-styles-ibis-budget-4467134916,Night Auditor,"ibis, ibis Styles, ibis budget",posted,2026-09-17T03:15:58.493788,885
818378156c18f4cc,https://nz.linkedin.com/jobs/view/data-engineer-analytics-engineer-at-delegat-limited-4467149652,Data Engineer / Analytics Engineer,,scraped,2026-09-17T03:16:01.067312,
00bd30ffb1988421,https://nz.linkedin.com/jobs/view/hr-advisor-at-deloitte-4468323723,HR Advisor,Deloitte,posted,2026-09-17T03:16:37.682302,887
e062198e17795847,https://nz.linkedin.com/jobs/view/front-of-house-team-leader-at-new-zealand-maritime-museum-4460977529,Front of House Team Leader,,scraped,2026-09-17T03:17:12.260585,
286e4af4233e2930,https://nz.linkedin.com/jobs/view/research-and-insights-advisor-at-hamilton-city-council-4457406405,Research and Insights Advisor,Hamilton City Council,posted,2026-09-17T03:17:47.573686,889
bf2464c815481e94,https://nz.linkedin.com/jobs/view/pest-control-technician-auckland-at-rentokil-initial-4467933631,Pest Control Technician | Auckland,,scraped,2026-09-17T03:18:40.219881,
fca400f006f9dd74,https://nz.linkedin.com/jobs/view/stockroom-specialist-manawa-bay-factory-outlet-auckland-at-adidas-4437639535,"Stockroom Specialist - Manawa Bay Factory Outlet, Auckland",,scraped,2026-09-17T03:18:47.123022,
c9df862122d33659,https://nz.linkedin.com/jobs/view/eoi-finance-team-leader-fmcg-at-randstad-new-zealand-4457673555,EOI: Finance Team Leader (FMCG),,scraped,2026-09-17T03:19:00.582899,
65897eace66df682,https://nz.linkedin.com/jobs/view/tech-lead-aws-integration-services-at-one-new-zealand-4459160657,Tech Lead - AWS Integration Services,,scraped,2026-09-17T03:19:09.300692,
2fa14beb0877df91,https://nz.linkedin.com/jobs/view/clinical-lead-msd-at-habit-health-4464194575,Clinical Lead- MSD,,scraped,2026-09-17T03:19:31.299563,
4794d06547fc58ed,https://nz.linkedin.com/jobs/view/client-care-advisor-at-vets-for-pets-4466537249,Client Care Advisor,,scraped,2026-09-17T03:19:39.425830,
5e91e66d54f850c6,https://nz.linkedin.com/jobs/view/advisor-capital-and-solvency-prudential-policy-at-reserve-bank-of-new-zealand-4463916859,"Advisor (Capital and Solvency, Prudential Policy)",Reserve Bank of New Zealand,posted,2026-09-17T03:19:55.458099,891
4fd726155db4818a,https://nz.linkedin.com/jobs/view/registered-nurse-the-doctors-tauranga-group-at-the-doctors-medical-centres-4465962041,Registered Nurse - The Doctors Tauranga Group,,scraped,2026-09-17T03:19:57.981679,
e3972f3cdc907c58,https://nz.linkedin.com/jobs/view/warehouse-supervisor-at-careeraiforge-4468250257,Warehouse Supervisor,careerAIForge,posted,2026-09-17T03:20:12.980937,893
99997a02f7cb97e2,https://nz.linkedin.com/jobs/view/reservations-specialist-at-realnz-4463014063,Reservations Specialist,,scraped,2026-09-17T03:20:15.644083,
2ed968e0e6eff57b,https://nz.linkedin.com/jobs/view/territory-manager-initial-hygiene-north-shore-at-rentokil-initial-4467469337,Territory Manager - Initial Hygiene | North Shore,,scraped,2026-09-17T03:20:23.431090,
080a0bc760db38db,https://nz.linkedin.com/jobs/view/manager-systems-stewardship-strategy-and-programmes-at-jacksonstone-partners-4467046061,"Manager - Systems Stewardship, Strategy and Programmes",,scraped,2026-09-17T03:20:29.787511,
bd2c0ae30a56c17a,https://nz.linkedin.com/jobs/view/clinical-coordinator-new-plymouth-at-presbyterian-support-central-enliven-and-family-works-4466003709,Clinical Coordinator - New Plymouth,,scraped,2026-09-17T03:20:43.201535,
ea016263154a4d2f,https://nz.linkedin.com/jobs/view/specialist-consultant-intensive-care-medicine-at-health-new-zealand-te-tai-tokerau-northland-4465634042,Specialist (Consultant) Intensive Care Medicine,,scraped,2026-09-17T03:20:49.965037,
dbe731a3c3ca5737,https://nz.linkedin.com/jobs/view/category-revenue-strategy-manager-at-db-breweries-4466012299,Category & Revenue Strategy Manager,,scraped,2026-09-17T03:20:59.864993,
310e4cb6046db125,https://nz.linkedin.com/jobs/view/talent-partner-at-kernel-4465763574,Talent Partner,,scraped,2026-09-17T03:21:07.563331,
a115d11c5282cb1e,https://nz.linkedin.com/jobs/view/business-manager-woolworths-new-zealand-at-griffin-s-snacks-4467157077,Business Manager - Woolworths New Zealand,Griffin's Snacks,posted,2026-09-17T03:21:21.389043,895
a3e11ce01f5bcbf8,https://nz.linkedin.com/jobs/view/marketing-and-communications-manager-at-sika-4459276389,Marketing and Communications Manager,,scraped,2026-09-17T03:21:24.037783,
293719fd3ace8037,https://nz.linkedin.com/jobs/view/customer-specialist-te-rapa-advice-centre-at-asb-bank-4463946558,Customer Specialist - Te Rapa Advice Centre,,scraped,2026-09-17T03:21:30.659088,
a3b1e3430d0fbc01,https://nz.linkedin.com/jobs/view/line-mechanic-at-northpower-4466790933,Line Mechanic,,scraped,2026-09-17T03:21:37.679856,
899a734dea264057,https://nz.linkedin.com/jobs/view/geotechnical-engineer-intermediate-at-kirk-roberts-consulting-4466513205,Geotechnical Engineer (Intermediate),,scraped,2026-09-17T03:21:45.020247,
27f89f6f2f81ca01,https://nz.linkedin.com/jobs/view/digital-engineer-civil-at-auckland-airport-4464773209,Digital Engineer - Civil,Auckland Airport,posted,2026-09-17T03:22:02.568899,897
6e3334c0f95cf154,https://nz.linkedin.com/jobs/view/identity-engineer-at-talent-4464252766,Identity Engineer,Talent,posted,2026-09-17T03:22:13.914316,899
b5c02c07ef35dfe2,https://nz.linkedin.com/jobs/view/structural-engineer-buildings-at-aurecon-4457092069,"Structural Engineer, Buildings",,scraped,2026-09-17T03:22:16.491440,
8ab278191314ef0a,https://nz.linkedin.com/jobs/view/solution-strategist-dynamics-365-customer-engagement-at-fusion5-4467272713,Solution Strategist - Dynamics 365 Customer Engagement,,scraped,2026-09-17T03:22:36.660938,
2ac7c5610b9d57ed,https://nz.linkedin.com/jobs/view/design-coordinator-at-kpmg-new-zealand-4457681566,Design Coordinator,KPMG New Zealand,posted,2026-09-17T03:22:52.300522,901
ee8b7b95344d6fc4,https://nz.linkedin.com/jobs/view/senior-cloud-security-consultant-at-ey-4456553371,Senior Cloud Security Consultant,EY,posted,2026-09-17T03:23:03.131428,903
795dd516d23bbd2d,https://nz.linkedin.com/jobs/view/digital-data-transformation-expressions-of-interest-at-pwc-new-zealand-4467123245,Digital & Data Transformation - Expressions of interest,,scraped,2026-09-17T03:23:05.699518,
27db6a1bbba664dc,https://nz.linkedin.com/jobs/view/account-manager-sme-growth-at-careeraiforge-4468353362,"Account Manager, SME & Growth",careerAIForge,posted,2026-09-17T09:09:23.008505,905
1fe8227cc24e5e93,https://nz.linkedin.com/jobs/view/principal-compliance-officer-at-careeraiforge-4468367063,Principal Compliance Officer,careerAIForge,posted,2026-09-17T09:09:54.388643,907
48a122fafc7544ea,https://nz.linkedin.com/jobs/view/computer-vision-engineer-at-gallagher-animal-management-4456075833,Computer Vision Engineer,,scraped,2026-09-17T09:10:19.017885,
a195106e050581e4,https://nz.linkedin.com/jobs/view/staff-software-engineer-native-infrastructure-at-canva-4457683433,Staff Software Engineer - Native Infrastructure,Canva,posted,2026-09-17T09:10:46.824778,909
c5a1b672435c1869,https://nz.linkedin.com/jobs/view/solution-architect-modern-platforms-at-datacom-4468354944,Solution Architect - Modern Platforms,Datacom,posted,2026-09-17T09:11:19.355609,911
c9466fc3d50351c5,https://nz.linkedin.com/jobs/view/store-manager-chartwell-at-lovisa-pty-ltd-4468353572,Store Manager | Chartwell,,scraped,2026-09-17T09:11:26.061052,
34e60a6215353caf,https://nz.linkedin.com/jobs/view/product-marketing-manager-at-gallagher-4468372632,Product Marketing Manager,,scraped,2026-09-17T09:11:35.478814,
806623c94f9740bd,https://nz.linkedin.com/jobs/view/bi-data-engineer-at-realnz-4467186811,BI/Data Engineer,,scraped,2026-09-17T09:11:54.771917,
e93abc0454d75563,https://nz.linkedin.com/jobs/view/bi-data-engineer-at-realnz-4467186812,BI/Data Engineer,,scraped,2026-09-17T09:12:10.467500,
51641f53a02dbb09,https://nz.linkedin.com/jobs/view/platypus-sales-assistants-centre-place-at-careeraiforge-4468361173,Platypus Sales Assistants - Centre Place,careerAIForge,posted,2026-09-17T09:12:53.453483,913
31f9d83d5197b298,https://nz.linkedin.com/jobs/view/head-of-digital-technology-at-absolute-it-4468353664,Head of Digital & Technology,,scraped,2026-09-17T09:12:56.108312,
9d134becf2dfb2b0,https://nz.linkedin.com/jobs/view/principal-software-engineer-mobile-platform-at-canva-4456844006,Principal Software Engineer - Mobile Platform,,scraped,2026-09-17T09:13:15.054438,
d757f6d905ae39e9,https://nz.linkedin.com/jobs/view/paid-social-specialist-at-xero-4466852205,Paid Social Specialist,,scraped,2026-09-17T09:13:21.706334,
b2ef7a0f7b438bc9,https://nz.linkedin.com/jobs/view/senior-consultant-workday-adaptive-planning-at-fusion5-4468335758,Senior Consultant - Workday Adaptive Planning,,scraped,2026-09-17T09:13:38.445276,
fdd0d9ed70299144,https://nz.linkedin.com/jobs/view/platypus-third-in-charge-3ic-queensgate-at-platypus-shoes-4458202237,Platypus Third in Charge (3IC) - Queensgate,,scraped,2026-09-17T09:13:52.043696,
1fac0f8b6eee027b,https://nz.linkedin.com/jobs/view/senior-consultant-workday-adaptive-planning-at-fusion5-4468343879,Senior Consultant - Workday Adaptive Planning,,scraped,2026-09-17T09:14:08.561660,
aedf6e537bd65495,https://nz.linkedin.com/jobs/view/account-manager-food-fruit-vegetable-food-processing-new-zealand-at-intralox-4468600286,"Account Manager Food (Fruit, Vegetable & Food Processing) - New Zealand",Intralox,posted,2026-09-17T09:14:25.959860,915
a6386878ed479c46,https://nz.linkedin.com/jobs/view/availability-operations-specialist-at-woolworths-group-4468353655,Availability Operations Specialist,,scraped,2026-09-17T09:14:50.601782,
46a2324ad7cc2608,https://nz.linkedin.com/jobs/view/water-engineer-hydraulic-modelling-at-alphacon-solutions-alpha-consulting-limited-4468343711,Water Engineer Hydraulic Modelling,,scraped,2026-09-17T09:15:05.767284,
18fc0594bbf47ce6,https://nz.linkedin.com/jobs/view/graduate-hydrogeologist-at-wga-wallbridge-gilbert-aztec-4468349629,Graduate Hydrogeologist,,scraped,2026-09-17T09:15:15.737869,
36f5791f3c3a4cf7,https://nz.linkedin.com/jobs/view/business-development-manager-at-toll-group-4466246297,Business Development Manager,,scraped,2026-09-17T09:15:25.791291,
ad75ebd4473dcf79,https://nz.linkedin.com/jobs/view/portfolio-specialist-at-suncorp-group-4467170220,Portfolio Specialist,,scraped,2026-09-17T09:16:29.002502,
56552b52d79a889f,https://nz.linkedin.com/jobs/view/senior-client-executive-employee-benefits-at-marsh-4459177350,"Senior Client Executive, Employee Benefits",Marsh,posted,2026-09-17T09:18:12.361573,917
6902363719c90ddc,https://nz.linkedin.com/jobs/view/trade-operations-supervisor-mitre10-mega-wanaka-at-mitre-10-new-zealand-limited-4467153969,Trade Operations Supervisor - Mitre10 Mega Wanaka,Mitre 10 (New Zealand) Limited,posted,2026-09-17T09:18:47.250437,919
34b310c1b84a4257,https://nz.linkedin.com/jobs/view/personal-assistant-at-asb-bank-4460434270,Personal Assistant,,scraped,2026-09-17T09:19:27.933143,
20a58707c83b788e,https://nz.linkedin.com/jobs/view/support-services-coordinator-at-public-defence-service-new-zealand-4468357782,Support Services Coordinator,,scraped,2026-09-17T09:19:58.892844,
3497b3ae4db1d5c5,https://nz.linkedin.com/jobs/view/warehouse-customer-service-at-persol-4467169502,Warehouse /Customer Service,,scraped,2026-09-17T09:20:16.143077,
b3b08c583fd35265,https://nz.linkedin.com/jobs/view/lead-microsoft-dynamics-365-business-central-technical-solution-designer-at-theta-nz-4468354208,Lead Microsoft Dynamics 365 Business Central Technical Solution Designer,,scraped,2026-09-17T09:20:23.774659,
0f0484c3e4a089ce,https://nz.linkedin.com/jobs/view/process-engineer-visy-glass-auckland-at-visy-4468367123,Process Engineer- Visy Glass Auckland,,scraped,2026-09-17T09:20:30.294808,
65d2c4cda7cff00a,https://nz.linkedin.com/jobs/view/portfolio-specialist-at-suncorp-group-4467176145,Portfolio Specialist,,scraped,2026-09-17T09:21:32.872783,
72b4bb3cd10dfe4a,https://nz.linkedin.com/jobs/view/receptionist-administrator-at-pinnacle-health-4467183258,Receptionist/Administrator,,scraped,2026-09-17T09:22:41.927549,
ec801a0deca2e0b8,https://nz.linkedin.com/jobs/view/aidc-energy-storage-project-development-director-manager-at-gotion-4468308920,AIDC Energy Storage Project Development Director / Manager,,scraped,2026-09-17T09:22:50.965991,
6df410dccd3cb073,https://nz.linkedin.com/jobs/view/head-of-operations-at-foodstuffs-south-island-4467165469,Head of Operations,,scraped,2026-09-17T09:23:28.740871,
faeaa0292246e839,https://nz.linkedin.com/jobs/view/bas-intermediate-accountant-bdo-east-tamaki-at-bdo-in-new-zealand-4468303692,BAS Intermediate Accountant - BDO East Tamaki,,scraped,2026-09-17T09:24:11.926824,
f8dfb05f92f02b92,https://nz.linkedin.com/jobs/view/nursing-lecturer-at-otago-polytechnic-4468305533,Nursing Lecturer,Otago Polytechnic,posted,2026-09-17T09:24:32.317931,921
7e3d8b438a3ecdaf,https://nz.linkedin.com/jobs/view/innovation-projects-lead-at-db-breweries-4467187326,Innovation Projects Lead,,scraped,2026-09-17T09:24:34.980270,
eeb7b4dc53cce930,https://nz.linkedin.com/jobs/view/senior-pricing-analyst-remediation-at-tower-insurance-4467108910,Senior Pricing Analyst (Remediation),,scraped,2026-09-17T09:24:58.458347,
755a7b24f614aa34,https://nz.linkedin.com/jobs/view/engineering-manager-%E2%80%93-hardware-at-gallagher-animal-management-4467182709,Engineering Manager – Hardware,,scraped,2026-09-17T09:25:13.417005,
6f2757c79f25d521,https://nz.linkedin.com/jobs/view/occupational-health-nurse-at-southern-cross-healthcare-4468322420,Occupational Health Nurse,,scraped,2026-09-17T09:25:28.524097,
ba59e20820b26c35,https://nz.linkedin.com/jobs/view/markets-business-development-proposals-manager-at-pwc-new-zealand-4468310973,Markets - Business Development/ Proposals Manager,,scraped,2026-09-17T09:25:55.357962,
5d9614e9fae05961,https://nz.linkedin.com/jobs/view/systems-engineer-at-datacom-4468325860,Systems Engineer,Datacom,posted,2026-09-17T09:26:09.748892,789
33501896c9f17a9d,https://nz.linkedin.com/jobs/view/teacher-of-food-technology-kaiako-hangarau-kai-at-school-jobs-4467157913,Teacher of Food Technology / Kaiako Hangarau Kai,School Jobs,posted,2026-09-17T09:26:23.839619,923
598c27f8dc6613fc,https://nz.linkedin.com/jobs/view/communications-specialist-at-the-creative-store-new-zealand-4466177170,Communications Specialist,,scraped,2026-09-17T14:38:43.858756,
344a4b3bd4b5b220,https://nz.linkedin.com/jobs/view/retail-salesperson-at-jb-hi-fi-4449342211,Retail Salesperson,,scraped,2026-09-17T14:38:59.322131,
130cacec7501274f,https://nz.linkedin.com/jobs/view/consultant-economics-at-deloitte-4459611887,Consultant - Economics,Deloitte,posted,2026-09-17T14:39:45.691973,925
44cb778452ff94c7,https://nz.linkedin.com/jobs/view/global-tax-manager-at-crimson-education-4457943371,Global Tax Manager,Crimson Education,posted,2026-09-17T14:40:36.509929,927
7301a3b304e8ffbf,https://nz.linkedin.com/jobs/view/mail-strategic-planning-lead-at-nz-post-4467189988,Mail Strategic Planning Lead,,scraped,2026-09-17T14:41:11.129780,
a8bc81675196b864,https://nz.linkedin.com/jobs/view/senior-data-reporting-analyst-at-ampstek-4467184839,Senior Data & Reporting Analyst,Ampstek,posted,2026-09-17T14:41:26.937211,929
6c21ac3aeb95f655,https://nz.linkedin.com/jobs/view/rural-graduate-valuer-at-opteon-aus-nz-4437647476,Rural Graduate Valuer,,scraped,2026-09-17T14:41:31.664766,
7ae68ba0bdff35f6,https://nz.linkedin.com/jobs/view/senior-consultant-workday-adaptive-planning-at-fusion5-4468358058,Senior Consultant - Workday Adaptive Planning,,scraped,2026-09-17T14:42:34.936488,
c1a9c3a702bed86d,https://nz.linkedin.com/jobs/view/pega-system-architect-software-engineer-at-asb-bank-4468361882,Pega System Architect (Software Engineer),,scraped,2026-09-17T14:42:58.718381,
cffa10173f0990bf,https://nz.linkedin.com/jobs/view/ai-automation-engineer-ai-engineer-auckland-permanent-at-allura-partners-4468365648,AI & Automation Engineer / AI Engineer / Auckland / Permanent,,scraped,2026-09-17T14:43:27.510952,
143712df13b92122,https://nz.linkedin.com/jobs/view/senior-ios-developer-at-idexx-4432082630,Senior iOS Developer,IDEXX,posted,2026-09-17T14:43:53.932535,931
7beb920b6ad40f23,https://nz.linkedin.com/jobs/view/product-manager-at-southern-cross-health-insurance-4457758315,Product Manager,,scraped,2026-09-17T14:44:18.530194,
b596c9f7a96b17ed,https://nz.linkedin.com/jobs/view/senior-project-manager-at-dxc-technology-4448932219,Senior Project Manager,DXC Technology,posted,2026-09-17T14:44:40.570300,341
18e4a4ae57589857,https://nz.linkedin.com/jobs/view/head-of-capital-insights-solutions-at-anz-4468610037,Head of Capital Insights & Solutions,,scraped,2026-09-17T14:45:11.527478,
d80a9e7443878021,https://nz.linkedin.com/jobs/view/learning-and-development-specialist-at-zuru-4467198604,Learning And Development Specialist,,scraped,2026-09-17T14:45:20.250005,
1bccfcda5c4cb15f,https://nz.linkedin.com/jobs/view/ai-institute-senior-consultant-at-deloitte-4449413307,AI Institute Senior Consultant,Deloitte,posted,2026-09-17T14:46:05.702275,933
28b57dd524fbd144,https://nz.linkedin.com/jobs/view/unix-openshift-dev-ops-specialist-at-one-new-zealand-4468336766,Unix OpenShift Dev Ops Specialist,,scraped,2026-09-17T14:46:26.611891,
0ef20d89fb734540,https://nz.linkedin.com/jobs/view/serviceperson-drainage-at-tiaki-wai-4468305455,Serviceperson Drainage,Tiaki Wai,posted,2026-09-17T14:47:00.813737,935
9fd48d3055904907,https://nz.linkedin.com/jobs/view/credit-officer-at-bunnings-4459325551,Credit Officer,Bunnings,posted,2026-09-17T14:47:12.610922,937
d6c6cac1a69b0120,https://nz.linkedin.com/jobs/view/senior-product-manager-at-generate-kiwisaver-scheme-4459604730,Senior Product Manager,,scraped,2026-09-17T14:47:49.292921,
33d82ee9669190da,https://nz.linkedin.com/jobs/view/technical-director-aviation-at-wsp-in-new-zealand-4432202995,Technical Director Aviation,WSP in New Zealand,posted,2026-09-17T14:48:15.932579,813
427e0c7f875d991f,https://nz.linkedin.com/jobs/view/seafood-process-worker-ng%C4%81i-tahu-seafood-christchurch-at-te-r%C5%ABnanga-o-ng%C4%81i-tahu-4466257703,Seafood Process Worker | Ngāi Tahu Seafood - Christchurch,,scraped,2026-09-17T14:48:56.650761,
283fe4da9ababdc0,https://nz.linkedin.com/jobs/view/intelligence-operationalisation-adoption-specialist-at-southern-cross-health-insurance-4457712894,Intelligence Operationalisation & Adoption Specialist,,scraped,2026-09-17T14:49:12.031212,
2e522b1871788b61,https://nz.linkedin.com/jobs/view/senior-aviation-engineer-at-ghd-4380640850,Senior Aviation Engineer,,scraped,2026-09-17T14:49:49.240045,
5a00bacdc84e49f0,https://nz.linkedin.com/jobs/view/key-account-manager-harvey-norman-nz-at-electrolux-group-4468604116,Key Account Manager - Harvey Norman NZ,Electrolux Group,posted,2026-09-17T14:50:51.593388,939
182fe185a6509e12,https://nz.linkedin.com/jobs/view/intermediate-full-stack-frontend-leaning-engineer-at-auror-4467443288,Intermediate Full-Stack (Frontend Leaning) Engineer,,scraped,2026-09-17T14:50:56.339787,
45dbce837ee0d7d1,https://nz.linkedin.com/jobs/view/occupational-therapist-senior-occupational-therapist-at-rainbow-centre-4467453076,Occupational Therapist / Senior Occupational Therapist,Rainbow Centre,posted,2026-09-17T14:52:10.221662,941
d1bc80c9c1048b3d,https://nz.linkedin.com/jobs/view/composite-technician-evening-shift-at-rocket-lab-4448074324,Composite Technician (Evening Shift),Rocket Lab,posted,2026-09-17T14:52:23.929770,943
a7cb9ccff4022c06,https://nz.linkedin.com/jobs/view/technical-director-aviation-at-wsp-in-new-zealand-4432225447,Technical Director Aviation,WSP in New Zealand,posted,2026-09-17T14:52:57.594543,813
0fa3cfaa4fe7c759,https://nz.linkedin.com/jobs/view/lecturer-senior-lecturer-or-associate-professor-in-arts-education-at-the-university-of-waikato-4459815162,"Lecturer, Senior Lecturer or Associate Professor in Arts Education",The University of Waikato,posted,2026-09-17T14:53:39.150253,945
e1dbdb0fd7d879f7,https://nz.linkedin.com/jobs/view/senior-legal-counsel-commercial-legal-apac-at-remote-4468670920,"Senior Legal Counsel, Commercial Legal  (APAC)",Remote,posted,2026-09-17T19:32:31.815294,947
0adda197d43f0bd9,https://nz.linkedin.com/jobs/view/customer-retention-executive-at-beyondtrust-4459388816,Customer Retention Executive,BeyondTrust,posted,2026-09-17T19:34:08.923906,949
696867787e135442,https://nz.linkedin.com/jobs/view/expression-of-interest-%E2%80%93-retail-management-opportunities-new-zealand-at-michael-hill-4440622465,Expression of Interest – Retail Management Opportunities - New Zealand,,scraped,2026-09-17T19:34:29.582041,
d9416d81cc0a0d93,https://nz.linkedin.com/jobs/view/store-manager-cuba-street-wellington-at-jd-sports-australia-new-zealand-4467560297,"Store Manager - Cuba Street, Wellington",,scraped,2026-09-17T19:34:38.998890,
ddee4eb91b62305d,https://nz.linkedin.com/jobs/view/occupational-therapist-at-apm-new-zealand-4319897509,Occupational Therapist,,scraped,2026-09-17T19:35:21.514909,
986061cadcb85cac,https://nz.linkedin.com/jobs/view/bi-data-engineer-at-realnz-4467181875,BI/Data Engineer,,scraped,2026-09-17T19:35:40.937536,
2f084594bc5f4fff,https://nz.linkedin.com/jobs/view/senior-frontend-engineer-at-tribe-group-4459398212,Senior Frontend Engineer,,scraped,2026-09-17T19:35:55.395802,
65fda08f9c92d130,https://nz.linkedin.com/jobs/view/business-development-manager-at-toll-group-4467175222,Business Development Manager,,scraped,2026-09-17T19:36:17.866673,
ea85ab9b3f3cb8b4,https://nz.linkedin.com/jobs/view/shipping-container-surveyor-at-transam-logistics-4467929483,Shipping Container Surveyor,,scraped,2026-09-17T19:36:44.869255,
7c1e5768aedfaea2,https://nz.linkedin.com/jobs/view/manufacturing-engineer-at-abb-4468614215,Manufacturing Engineer,,scraped,2026-09-17T19:37:14.938113,
603323fee0a4c4e9,https://nz.linkedin.com/jobs/view/technology-business-partner-at-z-energy-nz-4467174193,Technology Business Partner,,scraped,2026-09-17T19:37:22.131307,
539378a00a83bf07,https://nz.linkedin.com/jobs/view/initial-hygiene-technician-dunedin-at-rentokil-initial-4467179644,Initial Hygiene Technician | Dunedin,,scraped,2026-09-17T19:37:31.920442,
84ebcab696f07a11,https://nz.linkedin.com/jobs/view/senior-client-executive-employee-benefits-at-marsh-4459188073,"Senior Client Executive, Employee Benefits",Marsh,posted,2026-09-17T19:37:40.889222,917
6dbe49c67a522960,https://nz.linkedin.com/jobs/view/rural-graduate-valuer-at-opteon-aus-nz-4437630932,Rural Graduate Valuer,,scraped,2026-09-17T19:37:43.494825,
e65ea1b59fb5f30e,https://nz.linkedin.com/jobs/view/automotive-parts-interpreter-repco-rotorua-at-repco-4440921008,Automotive Parts Interpreter | Repco Rotorua,Repco,posted,2026-09-17T19:38:10.927828,951
42df37567fe8b90f,https://nz.linkedin.com/jobs/view/commercial-director-industrial-chemicals-at-azelis-4457722854,Commercial Director - Industrial Chemicals,,scraped,2026-09-17T19:38:53.597294,
648be7f78161b08a,https://nz.linkedin.com/jobs/view/p40-full-stack-software-engineer-%E2%80%93-confluence-whiteboards-at-atlassian-4468655527,P40 Full Stack Software Engineer – Confluence Whiteboards,,scraped,2026-09-17T19:39:02.731310,
9838ac1e861cd2ea,https://nz.linkedin.com/jobs/view/class-4-driver-at-apl-window-solutions-4468329338,Class 4 Driver,APL Window Solutions,posted,2026-09-17T19:39:27.811483,953
f8dea2b923377142,https://nz.linkedin.com/jobs/view/enterprise-architecture-%E2%80%93-consultant-wellington-auckland-at-accenture-new-zealand-4466577996,Enterprise Architecture – Consultant (Wellington & Auckland),,scraped,2026-09-17T19:39:40.488426,
02a75b4b8125fc53,https://nz.linkedin.com/jobs/view/department-manager-whangarei-nz-at-bunnings-4458339999,Department Manager - Whangarei NZ,Bunnings,posted,2026-09-17T19:40:31.170391,955
a890add1fbd979e4,https://nz.linkedin.com/jobs/view/portfolio-specialist-at-suncorp-group-4467182048,Portfolio Specialist,,scraped,2026-09-17T19:41:17.855953,
fd5f9cb6cff29742,https://nz.linkedin.com/jobs/view/senior-consultant-private-tax-accounting-at-ey-4437650842,Senior Consultant | Private Tax & Accounting,EY,posted,2026-09-17T19:41:35.251206,957
fb4405f7941b732e,https://nz.linkedin.com/jobs/view/senior-consultant-%E2%80%93-controls-advisory-assurance-at-kpmg-new-zealand-4440869997,Senior Consultant – Controls Advisory & Assurance,KPMG New Zealand,posted,2026-09-17T19:41:57.227151,959
685660f19dafbeef,https://nz.linkedin.com/jobs/view/lead-data-consultant-microsoft-fabric-analytics-at-theta-nz-4462755652,Lead Data Consultant - Microsoft Fabric Analytics,,scraped,2026-09-17T19:42:01.810445,
e4524a56b7908074,https://nz.linkedin.com/jobs/view/automotive-mechanic-lv-hv-plant-gse-mechanic-auckland-airport-at-tcr-4448003091,Automotive Mechanic LV/HV/Plant (GSE Mechanic) - Auckland Airport,,scraped,2026-09-17T19:42:14.735640,
28604f25b14e1a7e,https://nz.linkedin.com/jobs/view/database-administrator-f-m-d-at-thinkproject-4446647347,Database Administrator (f/m/d),,scraped,2026-09-17T19:42:23.287303,
06d64906545f0cf4,https://nz.linkedin.com/jobs/view/senior-dynamics-365-ce-power-platform-consultant-at-capgemini-4466287897,Senior Dynamics 365 CE & Power Platform Consultant,,scraped,2026-09-17T19:42:52.889567,
5150de5a46921e42,https://nz.linkedin.com/jobs/view/chef-de-partie-at-oaks-hotels-resorts-suites-4468319148,Chef de Partie,,scraped,2026-09-17T19:43:04.196822,
f928fc0b0ed20915,https://nz.linkedin.com/jobs/view/principal-ai-consultant-at-venn-consulting-nz-4468352990,Principal AI Consultant,Venn Consulting NZ,posted,2026-09-17T19:43:30.279268,961
7644b4529a3d17d0,https://nz.linkedin.com/jobs/view/experienced-intermediate-qa-engineer-at-enable-4467574753,Experienced (Intermediate) QA Engineer,Enable,posted,2026-09-17T19:43:46.712916,963
f9e6722c68d186b2,https://nz.linkedin.com/jobs/view/research-proposal-development-specialist-at-the-university-of-waikato-4459664217,Research Proposal Development Specialist,The University of Waikato,posted,2026-09-17T19:44:22.375682,965
4638a72e6b3fdb05,https://nz.linkedin.com/jobs/view/senior-data-engineer-at-hays-4467180165,Senior Data Engineer,,scraped,2026-09-17T19:44:35.023272,
09a67f8225c714e0,https://nz.linkedin.com/jobs/view/principal-electrical-data-centre-at-jacobs-4440397164,Principal - Electrical (Data Centre),Jacobs,posted,2026-09-17T19:45:13.952666,967
a4940b5f318017fb,https://nz.linkedin.com/jobs/view/ehs-advisor-at-arxada-4459304405,EHS Advisor,,scraped,2026-09-17T19:45:36.565359,
ce86cb229a7a861a,https://nz.linkedin.com/jobs/view/aggregates-manager-at-hw-richardson-group-4468335163,Aggregates Manager,,scraped,2026-09-17T19:45:43.460917,
72b3d7f72d75eb6a,https://nz.linkedin.com/jobs/view/night-auditor-at-ibis-4468367216,Night Auditor,IBIS,posted,2026-09-17T19:46:01.095072,885
aa5cf70efeffd638,https://nz.linkedin.com/jobs/view/digital-communications-specialist-at-moana-new-zealand-4468388951,Digital Communications Specialist,,scraped,2026-09-17T19:46:05.698861,
513f30f9c90ecca6,https://nz.linkedin.com/jobs/view/finance-business-partner-at-auckland-council-4466820948,Finance Business Partner,,scraped,2026-09-17T19:46:31.692991,
775905e1cb4ec319,https://nz.linkedin.com/jobs/view/customer-service-team-leader-at-bostik-4467166788,Customer Service Team Leader,Bostik,posted,2026-09-17T19:46:48.049875,969
1852e9820b3845b1,https://nz.linkedin.com/jobs/view/marketing-management-assistant-at-aia-nz-4468386515,Marketing Management Assistant.,,scraped,2026-09-17T19:46:58.760314,
ab2732978b84589d,https://nz.linkedin.com/jobs/view/senior-people-technology-analyst-workday-at-bank-of-new-zealand-4468354220,Senior People Technology Analyst (Workday),,scraped,2026-09-17T19:47:14.525178,
82061e348882ea38,https://nz.linkedin.com/jobs/view/cards-business-analyst-at-synechron-4467176047,Cards Business Analyst,Synechron,posted,2026-09-17T19:47:46.950853,971
966fa496775ce86d,https://nz.linkedin.com/jobs/view/creator-partnerships-influencer-marketing-executive-at-zuru-edge-4459638595,Creator Partnerships / Influencer Marketing Executive,ZURU Edge,posted,2026-09-17T19:48:05.653557,973
3a0c8dba3812a171,https://nz.linkedin.com/jobs/view/senior-advisor-operational-legal-services-at-ministry-of-business-innovation-and-employment-4467176253,Senior Advisor Operational Legal Services,,scraped,2026-09-17T19:48:16.313693,
2699f17a9e864a43,https://nz.linkedin.com/jobs/view/team-leader-investigations-at-ministry-of-business-innovation-and-employment-4467179187,Team Leader Investigations,,scraped,2026-09-17T19:48:24.876878,
2fccfd274a154b88,https://nz.linkedin.com/jobs/view/senior-customer-onboarding-manager-japanese-speaker-at-deel-4456508375,Senior Customer Onboarding Manager | Japanese speaker,Deel,posted,2026-09-17T19:48:43.745109,975
40c38ca4a08f8b06,https://nz.linkedin.com/jobs/view/resident-services-manager-at-oceania-4467545578,Resident Services Manager,,scraped,2026-09-17T19:48:50.444416,
a7f425db87e2fc1c,https://nz.linkedin.com/jobs/view/executive-manager-ai-data-at-iag-4468330365,"Executive Manager, AI & Data",IAG,posted,2026-09-17T19:49:11.637876,977
2edf6c11083c40df,https://nz.linkedin.com/jobs/view/transformation-design-delivery-expressions-of-interest-at-pwc-new-zealand-4467581673,Transformation Design & Delivery - Expressions of interest,,scraped,2026-09-17T19:49:36.331111,
abb965daea4e9801,https://nz.linkedin.com/jobs/view/greenkeeper-4468822145,Greenkeeper,The Bears Home Project Management Ltd,posted,2026-09-17T22:38:43.282824,979
b1d4f754d5435d29,https://nz.linkedin.com/jobs/view/mechanical-maintenance-engineer-4468322107,Mechanical Maintenance Engineer,Nutrizone Pharma,posted,2026-09-17T22:39:23.711958,981
e1a3144d5e78732a,https://nz.linkedin.com/jobs/view/assistant-accountant-at-babbage-consultants-limited-4467594567,Assistant Accountant,,scraped,2026-09-17T22:41:02.257608,
d367aaf4e7713780,https://nz.linkedin.com/jobs/view/architect-landscape-architect-at-suzanne-turley-landscapes-4468826351,Architect - Landscape Architect,,scraped,2026-09-17T22:42:36.900779,
772f670bb8a2c2ad,https://nz.linkedin.com/jobs/view/principal-engineer-cloud-devops-at-lab3-4467599733,Principal Engineer - Cloud & DevOps,,scraped,2026-09-17T22:46:01.757427,
823db8e717ef3b81,https://nz.linkedin.com/jobs/view/principal-engineer-cloud-devops-at-lab3-4467598705,Principal Engineer - Cloud & DevOps,,scraped,2026-09-17T22:46:32.262430,
21cb561e7c845eeb,https://nz.linkedin.com/jobs/view/pwc-graduate-programme-assurance-audit-hamilton-at-pwc-new-zealand-4466243913,PwC Graduate Programme - Assurance - Audit (Hamilton),,scraped,2026-09-17T22:47:20.512347,
bef2654221cb15de,https://nz.linkedin.com/jobs/view/risk-advisor-transport-and-logistics-practice-at-marsh-4459181291,Risk Advisor - Transport and Logistics Practice,Marsh,posted,2026-09-17T22:49:11.730751,983
7fbc2beb864b8f01,https://nz.linkedin.com/jobs/view/governance-risk-compliance-grc-manager-at-dawn-aerospace-4459304329,"Governance, Risk & Compliance (GRC) Manager",,scraped,2026-09-17T22:49:14.307832,
656bf367dc7ab008,https://nz.linkedin.com/jobs/view/workplace-administrator-waikato-hamilton-at-oranga-tamariki%E2%80%94ministry-for-children-4468396228,Workplace Administrator - Waikato/Hamilton,,scraped,2026-09-17T22:49:30.751793,
8848e6d3c353e220,https://nz.linkedin.com/jobs/view/business-development-manager-at-kordia-4467122528,Business Development Manager,,scraped,2026-09-17T22:49:44.282959,
9fd07fd0673d6d0b,https://nz.linkedin.com/jobs/view/general-manager-at-lawson-williams-4467164352,General Manager,,scraped,2026-09-17T22:50:00.825344,
05693163b6753252,https://nz.linkedin.com/jobs/view/innovation-projects-lead-at-the-heineken-company-4468371169,Innovation Projects Lead,The HEINEKEN Company,posted,2026-09-17T22:51:25.608973,985
91aed6b0078288e0,https://nz.linkedin.com/jobs/view/experienced-electronic-security-technician-4468337636,Experienced Electronic Security Technician,On Guard Security Solutions Ltd,posted,2026-09-17T22:52:28.730688,987
cb181e339f85c4e2,https://nz.linkedin.com/jobs/view/audit-senior-financial-services-at-bdo-in-new-zealand-4468819543,Audit Senior - Financial Services,,scraped,2026-09-17T22:52:39.335431,
e19481f135aa557a,https://nz.linkedin.com/jobs/view/private-banking-relationship-manager-at-asb-bank-4468358973,Private Banking Relationship Manager,,scraped,2026-09-17T22:52:55.761151,
de5d76b4c0bccc92,https://nz.linkedin.com/jobs/view/head-of-cyber-security-at-watercare-services-limited-4468828577,Head of Cyber Security,,scraped,2026-09-18T02:49:26.771875,
e0c6a8f399eb309a,https://nz.linkedin.com/jobs/view/room-attendant-at-sofitel-4468858669,Room Attendant,,scraped,2026-09-18T02:50:17.624142,
7fd5475cbf71ff96,https://nz.linkedin.com/jobs/view/intelligence-automation-engineer-at-southern-cross-health-insurance-4457729002,Intelligence & Automation Engineer,,scraped,2026-09-18T02:50:57.382566,
2f02effc9db79517,https://nz.linkedin.com/jobs/view/assistant-store-manager-cotton-on-manawa-bay-at-cotton-on-group-4448847134,Assistant Store Manager - Cotton On Manawa Bay,,scraped,2026-09-18T02:51:31.003558,
bf412636519212ce,https://nz.linkedin.com/jobs/view/technical-account-manager-at-trade-tools-4468867675,Technical Account Manager,,scraped,2026-09-18T02:53:07.713487,
77714487ae30efb8,https://nz.linkedin.com/jobs/view/power-bi-developer-microsoft-fabric-data-solution-architecture-at-litepro-4468868652,Power BI Developer | Microsoft Fabric | Data & Solution Architecture,,scraped,2026-09-18T02:53:15.113759,
798911629f4f6cc5,https://nz.linkedin.com/jobs/view/human-resources-business-partner-at-mercury-nz-4466617736,Human Resources Business Partner,,scraped,2026-09-18T02:54:20.133191,
8df325cb9918cdc7,https://nz.linkedin.com/jobs/view/intermediate-geotechnical-engineer-at-geosolve-ltd-4468833737,Intermediate Geotechnical Engineer,,scraped,2026-09-18T02:54:28.803853,
18b94ba83bdad6dd,https://nz.linkedin.com/jobs/view/senior-auditor-at-william-buck-new-zealand-4468344969,Senior Auditor,William Buck New Zealand,posted,2026-09-18T02:55:05.096854,989
14799767c178f91a,https://nz.linkedin.com/jobs/view/services-manager-at-southbase-group-4468854901,Services Manager,,scraped,2026-09-18T02:55:41.796353,
f896fa9ed854d9d1,https://nz.linkedin.com/jobs/view/lead-pmo-new-zealand-at-tomra-4466628889,"Lead, PMO New Zealand",TOMRA,posted,2026-09-18T02:56:09.842179,991
eb6ce7599a052d55,https://nz.linkedin.com/jobs/view/senior-engineer-firmware-at-resideo-4466386274,Senior Engineer - Firmware,Resideo,posted,2026-09-18T02:56:27.206321,993
d9469829137010a3,https://nz.linkedin.com/jobs/view/technician-heavy-vehicle-wiri-at-scania-new-zealand-4266357254,Technician - Heavy Vehicle Wiri,,scraped,2026-09-18T02:56:33.951944,
09eb2ca96962725a,https://nz.linkedin.com/jobs/view/project-manager-at-bgis-4467806754,Project Manager,,scraped,2026-09-18T02:57:07.751814,
957765ccf99c499e,https://nz.linkedin.com/jobs/view/senior-planner-at-consultanz-civil-engineering-construction-surveying-recruitment-4467135307,Senior Planner,,scraped,2026-09-18T02:57:23.684489,
3d984260bda83db3,https://nz.linkedin.com/jobs/view/class-5-drivers-timaru-at-visy-4466637340,Class 5 Drivers- Timaru,,scraped,2026-09-18T02:57:31.999580,
63c3792490cee9a8,https://nz.linkedin.com/jobs/view/senior-product-designer-at-vista-group-4468862515,Senior Product Designer,,scraped,2026-09-18T02:58:23.362942,
bbdc4d68d39e202e,https://nz.linkedin.com/jobs/view/talent-manager-executive-search-at-jacksonstone-partners-4468853140,Talent Manager | Executive Search,,scraped,2026-09-18T02:58:56.197320,
3606419af34041a7,https://nz.linkedin.com/jobs/view/construction-and-architectural-photographer-at-reevox-4468802347,Construction And Architectural Photographer,,scraped,2026-09-18T02:59:47.635507,
af289634596a0cc7,https://nz.linkedin.com/jobs/view/content-campaign-specialist-at-ashdown-people-4466634709,Content & Campaign Specialist,,scraped,2026-09-18T03:00:44.934963,
9df39e0b6793e178,https://nz.linkedin.com/jobs/view/senior-policy-analyst-pacific-health-at-ministry-of-health-new-zealand-4467818516,Senior Policy Analyst Pacific Health,,scraped,2026-09-18T03:01:02.084619,
98c99c38c91e306a,https://nz.linkedin.com/jobs/view/assistant-brand-manager-sports-nz-at-vitaco-group-4468826665,Assistant Brand Manager- Sports NZ,,scraped,2026-09-18T03:01:19.152956,
5f37dca7d6bb1801,https://nz.linkedin.com/jobs/view/eoi-data-centre-mission-critical-team-multiple-opportunities-at-ghd-4448913756,EOI - Data Centre Mission Critical Team - Multiple opportunities,,scraped,2026-09-18T03:02:09.551048,
118012464bdb50fc,https://nz.linkedin.com/jobs/view/customer-success-partner-at-a-p-moller-maersk-4461046380,Customer Success Partner,,scraped,2026-09-18T03:02:21.738475,
7ad5e28df45c1836,https://nz.linkedin.com/jobs/view/senior-claims-specialist-at-qbe-insurance-4458960453,Senior Claims Specialist,QBE Insurance,posted,2026-09-18T03:02:49.745189,995
58efad98cd496764,https://nz.linkedin.com/jobs/view/software-consultant-pega-lead-system-architect-at-asb-bank-4459296050,Software Consultant - Pega Lead System Architect,,scraped,2026-09-18T03:03:14.547308,
9da5233c06fa25fc,https://nz.linkedin.com/jobs/view/head-of-risk-and-compliance-at-mas-medical-assurance-society-4467802808,Head of Risk and Compliance,,scraped,2026-09-18T03:03:34.709203,
849f10b77f5a0f8a,https://nz.linkedin.com/jobs/view/ux-designer-2-at-pushpay-4458940294,UX Designer 2,Pushpay,posted,2026-09-18T03:04:06.446436,997
fd73832f82b0ef53,https://nz.linkedin.com/jobs/view/account-manager-repairer-at-partly-4458356237,"Account Manager, Repairer",Partly,posted,2026-09-18T03:04:17.568174,999
c244692f0528016b,https://nz.linkedin.com/jobs/view/veterinary-receptionist-client-care-advisor-at-vets-for-pets-4466537249,Veterinary Receptionist/ Client Care Advisor,,scraped,2026-09-18T03:04:34.240414,
fe1537ff9969419a,https://nz.linkedin.com/jobs/view/services-transition-manager-at-cubic-corporation-4468356467,Services Transition Manager,Cubic Corporation,posted,2026-09-18T03:05:03.389905,1001
073a641bb9d3f80e,https://nz.linkedin.com/jobs/view/executive-coordinator-at-ministry-for-primary-industries-mpi-4467141286,Executive Coordinator,,scraped,2026-09-18T03:05:23.999559,
a6151f9d570147e9,https://nz.linkedin.com/jobs/view/the-doctors-phoenix-general-practitioner-gp-nurse-practitioner-np-at-the-doctors-medical-centres-4466248318,The Doctors Phoenix - General Practitioner (GP) / Nurse Practitioner (NP),,scraped,2026-09-18T03:05:33.651092,
6e8a623851957cd5,https://nz.linkedin.com/jobs/view/data-engineer-at-fisher-paykel-appliances-4422668448,Data Engineer,,scraped,2026-09-18T03:05:43.328721,
b81ad94bff984c57,https://nz.linkedin.com/jobs/view/kaituitui-%E2%80%93-paerewa-ngaio-professional-standards-adviser-medical-council-of-new-zealand-at-mclaren-recruitment-4468318466,"Kaituitui – Paerewa Ngaio | Professional Standards Adviser, Medical Council of New Zealand",,scraped,2026-09-18T03:05:56.648965,
2e4969b518b65abc,https://nz.linkedin.com/jobs/view/it-analyst-at-mott-macdonald-4468835759,IT Analyst,Mott MacDonald,posted,2026-09-18T03:06:15.638853,1002
180b2e2319e850ce,https://nz.linkedin.com/jobs/view/health-and-safety-business-partner-at-phf-science-4467042106,Health and Safety Business Partner,,scraped,2026-09-18T03:06:18.345433,
05ee75e848334d3f,https://nz.linkedin.com/jobs/view/digital-and-generative-ai-communications-lead-at-university-of-auckland-4459682231,Digital and Generative AI Communications Lead,University of Auckland,posted,2026-09-18T03:06:34.074031,1004
0a8c85ed0d2ed504,https://nz.linkedin.com/jobs/view/business-development-representative-at-vontier-4466480609,Business Development Representative,Vontier,posted,2026-09-18T08:43:27.792511,1006
5f5aeede37c80465,https://nz.linkedin.com/jobs/view/performance-and-reward-advisor-at-skycity-entertainment-group-4466650739,Performance and Reward Advisor,,scraped,2026-09-18T08:44:02.416277,
406974f839cd7392,https://nz.linkedin.com/jobs/view/porter-at-m%C3%B6venpick-hotels-resorts-4468855711,Porter,,scraped,2026-09-18T08:44:38.427821,
853ba5caebabba02,https://nz.linkedin.com/jobs/view/senior-c%2B%2B-software-developer-at-catapult-software-4468846537,Senior C++ Software Developer,,scraped,2026-09-18T08:45:01.097967,
03899e4bb1c75c4e,https://nz.linkedin.com/jobs/view/senior-hr-advisor-at-tribe-group-4467180306,Senior HR Advisor,,scraped,2026-09-18T08:45:16.064781,
64b0b669bfeacf72,https://nz.linkedin.com/jobs/view/store-manager-at-pak-nsave-4468829240,Store Manager,PAK'nSAVE,posted,2026-09-18T08:45:29.777509,781
fade22a87d644fe3,https://nz.linkedin.com/jobs/view/senior-consultant-workday-adaptive-planning-at-fusion5-4468348921,Senior Consultant - Workday Adaptive Planning,,scraped,2026-09-18T08:45:44.425454,
ee4dae6faba759c7,https://nz.linkedin.com/jobs/view/head-of-sales-at-gallagher-4466653267,Head of Sales,,scraped,2026-09-18T08:46:04.354152,
fef4e477eb11388e,https://nz.linkedin.com/jobs/view/senior-software-engineer-at-everbridge-4466660379,Senior Software Engineer,Everbridge,posted,2026-09-18T08:46:23.701340,212
e1ba3c9fe999c64d,https://nz.linkedin.com/jobs/view/senior-endpoint-specialist-at-datacom-4469111580,Senior Endpoint Specialist,Datacom,posted,2026-09-18T08:47:29.948037,1008
ae6e8538b7360e0b,https://nz.linkedin.com/jobs/view/senior-activation-executive-at-zuru-edge-4469117567,Senior Activation Executive,ZURU Edge,posted,2026-09-18T08:47:43.892048,1010
1769f7fdc57be1d8,https://nz.linkedin.com/jobs/view/head-chef-at-star-group-4466527010,Head Chef,,scraped,2026-09-18T08:47:46.499629,
78a8cafb6a1c85a7,https://nz.linkedin.com/jobs/view/channel-business-development-manager-nz-at-softwareone-4466841708,Channel Business Development Manager NZ,SoftwareOne,posted,2026-09-18T08:48:02.317649,1012
4b9b6ab6c30e143b,https://nz.linkedin.com/jobs/view/compensation-benefits-analyst-at-fisher-paykel-healthcare-4467818585,Compensation & Benefits Analyst,,scraped,2026-09-18T08:48:04.944770,
188814d05d9dc557,https://nz.linkedin.com/jobs/view/plumbing-retail-assistant-full-time-at-mitre-10-new-zealand-limited-4468880922,Plumbing Retail Assistant - Full-time,,scraped,2026-09-18T08:48:17.084756,
c2dadc13cc8de297,https://nz.linkedin.com/jobs/view/data-scientist-at-tonkin-%2B-taylor-4466662266,Data Scientist,,scraped,2026-09-18T08:48:23.768225,
efdb90836f380f65,https://nz.linkedin.com/jobs/view/tax-director-at-pwc-new-zealand-4459687785,Tax Director,,scraped,2026-09-18T08:48:36.323311,
8e506dfe29122ac6,https://nz.linkedin.com/jobs/view/architectural-technician-at-archway-recruitment-4467981214,Architectural Technician,,scraped,2026-09-18T08:48:51.063177,
219291abb790909f,https://nz.linkedin.com/jobs/view/assistant-gardener-at-persol-4465995163,Assistant Gardener,,scraped,2026-09-18T08:48:58.754520,
0db9ca6be74be060,https://nz.linkedin.com/jobs/view/people-insights-analyst-at-mercury-nz-4466619580,People Insights Analyst,,scraped,2026-09-18T08:49:13.918374,
9c8dc62354fc13ca,https://nz.linkedin.com/jobs/view/head-of-engineering-and-asset-optimisation-at-vitaco-group-4468899314,Head of Engineering and Asset Optimisation,,scraped,2026-09-18T08:49:20.616298,
c1fe9ee4a0dd1288,https://nz.linkedin.com/jobs/view/intermediate-accountant-4468269994,Intermediate Accountant,Matheson Rae,posted,2026-09-18T08:49:40.747420,52
1b50d9b1f59a3972,https://nz.linkedin.com/jobs/view/marketing-manager-pepsico-at-suntory-oceania-4459076730,Marketing Manager - PepsiCo,,scraped,2026-09-18T08:50:03.431212,
413346940834e810,https://nz.linkedin.com/jobs/view/bartender-amano-at-savor-group-4466659205,Bartender | Amano,,scraped,2026-09-18T08:50:17.406520,
31f19184fadfdecf,https://nz.linkedin.com/jobs/view/fire-engineering-manager-at-babbage-consultants-limited-4467802699,Fire Engineering Manager,,scraped,2026-09-18T08:50:28.004889,
ccd31ab86656eba5,https://nz.linkedin.com/jobs/view/media-activation-specialist-at-zuru-edge-4468389615,Media Activation Specialist,ZURU Edge,posted,2026-09-18T08:50:54.647328,1014
3fdd25f856c8f039,https://nz.linkedin.com/jobs/view/financial-accountant-at-kiwirail-4467810174,Financial Accountant,,scraped,2026-09-18T08:50:59.197859,
287fbb8e3eb3919a,https://nz.linkedin.com/jobs/view/mnzas-audiologist-wellington-central-at-triton-hearing-4459102882,MNZAS Audiologist - Wellington Central,,scraped,2026-09-18T08:51:17.532573,
3bec49e7ff33d603,https://nz.linkedin.com/jobs/view/branch-sales-coordinator-at-plumbing-world-4468863235,Branch Sales Coordinator,,scraped,2026-09-18T08:51:27.614298,
5f74048b8344420b,https://nz.linkedin.com/jobs/view/customer-experience-technician-at-fisher-paykel-appliances-4468848951,Customer Experience Technician,,scraped,2026-09-18T08:51:47.580465,
47beba08487d00e5,https://nz.linkedin.com/jobs/view/manager-standards-at-civil-aviation-authority-of-new-zealand-4466656185,"Manager, Standards",,scraped,2026-09-18T08:52:00.851071,
d619e5e34306b64f,https://nz.linkedin.com/jobs/view/business-development-manager-at-catapult-software-4465391168,Business Development Manager,,scraped,2026-09-18T08:52:09.494781,
29bffe1b771ab6c0,https://nz.linkedin.com/jobs/view/oral-health-therapist-hygienist-lumino-symes-de-silva-at-abano-healthcare-group-4440389372,Oral Health Therapist/Hygienist | Lumino Symes de Silva,,scraped,2026-09-18T08:52:32.956637,
b11305ec3049606a,https://nz.linkedin.com/jobs/view/executive-assistant-at-hunter-campbell-4469100334,Executive Assistant,,scraped,2026-09-18T08:52:47.804336,
ca57f091a857b6cf,https://nz.linkedin.com/jobs/view/people-systems-analyst-at-southern-cross-health-insurance-4466675171,People Systems Analyst,,scraped,2026-09-18T08:53:05.186453,
b97510f8080d880b,https://nz.linkedin.com/jobs/view/food-beverage-supervisor-at-hilton-4468890999,Food & Beverage Supervisor,Hilton,posted,2026-09-18T08:53:19.271432,278
ced1498776ca6a3f,https://nz.linkedin.com/jobs/view/senior-digital-specialist-at-zuru-edge-4469116983,Senior Digital Specialist,ZURU Edge,posted,2026-09-18T08:53:31.473870,1016
ccd1b4c1fb3e75b1,https://nz.linkedin.com/jobs/view/principal-mechancial-data-centres-at-jacobs-4440389759,Principal - Mechancial (Data Centres),Jacobs,posted,2026-09-18T08:53:41.530584,1018
a164b38fc80183e2,https://nz.linkedin.com/jobs/view/senior-client-executive-employee-benefits-at-marsh-4459188072,"Senior Client Executive, Employee Benefits",Marsh,posted,2026-09-18T08:53:48.434815,917
37fb1468c34a0867,https://nz.linkedin.com/jobs/view/community-support-worker-residential-central-auckland-at-spectrum-care-4465990524,Community Support Worker - Residential - Central Auckland,,scraped,2026-09-18T08:53:52.962789,
543166c506f3c7ef,https://nz.linkedin.com/jobs/view/trade-operations-supervisor-mitre10-mega-wanaka-at-mitre-10-new-zealand-limited-4466272682,Trade Operations Supervisor - Mitre10 Mega Wanaka,,scraped,2026-09-18T08:54:13.279944,
f542d08104a6ed49,https://nz.linkedin.com/jobs/view/head-of-strategic-communications-at-careeraiforge-4466664049,Head of Strategic Communications,careerAIForge,posted,2026-09-18T08:54:30.929781,1020
ac9647f9d7272d51,https://nz.linkedin.com/jobs/view/unit-manager-hamilton-cpk-at-compass-group-new-zealand-4466629373,Unit Manager - Hamilton CPK,,scraped,2026-09-18T08:54:33.520522,
a533ef7ab7b73960,https://nz.linkedin.com/jobs/view/audit-senior-associate-hamilton-at-pwc-new-zealand-4467167859,Audit - Senior Associate - Hamilton,,scraped,2026-09-18T08:54:42.424906,
91149f1769eb7cef,https://nz.linkedin.com/jobs/view/kaitaki-whakawhanake-pakihi-whakahihiko-ev-k%C5%8Dtuitui-t%C5%ABmatanui-business-development-manager-ev-charging-public-network-at-z-energy-nz-4469114116,Kaitaki Whakawhanake Pakihi - Whakahihiko EV Kōtuitui Tūmatanui Business Development Manager - EV Charging Public Network,,scraped,2026-09-18T08:54:51.239123,
3e8306410e8c5cba,https://nz.linkedin.com/jobs/view/business-support-administrator-at-madison-recruitment-4468897152,Business Support Administrator,,scraped,2026-09-18T08:55:01.832972,
1208a5cd8a083634,https://nz.linkedin.com/jobs/view/asset-engineer-transportation-at-tauranga-city-council-4466631514,Asset Engineer: Transportation,,scraped,2026-09-18T08:55:15.012605,
5e09fa4e381dca5d,https://nz.linkedin.com/jobs/view/intermediate-auditor-at-william-buck-new-zealand-4468370073,Intermediate Auditor,William Buck New Zealand,posted,2026-09-18T08:55:48.763861,1022
51480ab06f60295f,https://nz.linkedin.com/jobs/view/navigation-safety-officer-at-environment-southland-4466640750,Navigation Safety Officer,Environment Southland,posted,2026-09-18T08:56:17.187619,1024
d10540a47075b186,https://nz.linkedin.com/jobs/view/operations-hub-coordinator-at-university-of-otago-4469113194,Operations Hub Coordinator,University of Otago,posted,2026-09-18T08:56:36.571912,1026
437820c2624e06a5,https://nz.linkedin.com/jobs/view/night-manager-at-pullman-hotels-resorts-4468869107,Night Manager,,scraped,2026-09-18T08:56:43.150350,
ca22ebdcaa9c0d62,https://nz.linkedin.com/jobs/view/social-media-specialist-paid-at-fisher-paykel-appliances-4440884687,Social Media Specialist (Paid),,scraped,2026-09-18T08:56:49.425353,
e79bb3fca04d80aa,https://nz.linkedin.com/jobs/view/sprinkler-minor-works-manager-at-argus-fire-systems-service-limited-4466651279,Sprinkler Minor Works Manager,,scraped,2026-09-18T08:56:58.684753,
862c5dd01f7a6d6a,https://nz.linkedin.com/jobs/view/research-development-specialist-at-halter-4467500467,Research & Development Specialist,,scraped,2026-09-18T08:57:05.970896,
bade17f23c61e416,https://nz.linkedin.com/jobs/view/warehouse-customer-service-at-persol-4469116024,Warehouse /Customer Service,,scraped,2026-09-18T08:57:12.175674,
d7d4d6fcf4a0eae1,https://nz.linkedin.com/jobs/view/head-of-risk-and-compliance-at-mas-medical-assurance-society-4468839380,Head of Risk and Compliance,,scraped,2026-09-18T08:57:21.628202,
183e0684a531c3da,https://nz.linkedin.com/jobs/view/brand-designer-at-first-focus-4469104899,Brand Designer,,scraped,2026-09-18T08:57:31.375981,
109b722d32204b34,https://nz.linkedin.com/jobs/view/assistant-learning-area-leader-english-permanent-full-time-at-school-jobs-4465282176,"Assistant Learning Area Leader English, Permanent, full-time",School Jobs,posted,2026-09-18T08:57:46.757425,1028
53bc12825f09927d,https://nz.linkedin.com/jobs/view/maintenance-electrician-at-silver-fern-farms-ltd-4468341325,Maintenance Electrician,,scraped,2026-09-18T08:57:51.368185,
6399b063edc79090,https://nz.linkedin.com/jobs/view/product-manager-at-csr-4469114087,Product Manager,,scraped,2026-09-18T08:57:59.541534,
61cd012705e41064,https://nz.linkedin.com/jobs/view/administration-support-officer-at-ministry-of-justice-new-zealand-4467455006,Administration Support Officer,,scraped,2026-09-18T08:58:08.609815,
a09ed1c8b9d7bb25,https://nz.linkedin.com/jobs/view/principal-advisor-transport-at-waikato-regional-council-4469113065,Principal Advisor - Transport,Waikato Regional Council,posted,2026-09-18T08:58:25.968667,1030
ebbed959aea46cb0,https://nz.linkedin.com/jobs/view/general-manager-regional-planning-at-environment-canterbury-4466662400,General Manager Regional Planning,,scraped,2026-09-18T08:58:28.707524,
862fb11c24d4d3cd,https://nz.linkedin.com/jobs/view/automation-ai-engineer-at-abano-healthcare-group-4469106320,Automation & AI Engineer,,scraped,2026-09-18T08:58:38.534338,
a07020eb614e55c2,https://nz.linkedin.com/jobs/view/business-partner-people-and-culture-at-downer-4467945069,Business Partner People and Culture,,scraped,2026-09-18T08:58:57.164404,
badd10e93b9c5522,https://nz.linkedin.com/jobs/view/facade-engineer-at-archway-recruitment-4469113762,Facade Engineer,,scraped,2026-09-18T08:59:44.425300,
e63d9ef41f07d22c,https://nz.linkedin.com/jobs/view/associate-ecology-at-aurecon-4458353226,"Associate, Ecology",,scraped,2026-09-18T09:00:10.248359,
2fd0cfa8dd9d719c,https://nz.linkedin.com/jobs/view/service-advisor-timaru-at-keith-andrews-4467542622,Service Advisor - Timaru,,scraped,2026-09-18T09:00:20.691559,
6d18c7fdbd47c27d,https://nz.linkedin.com/jobs/view/accenture-nz-%E2%80%93-data-ai-managers-at-accenture-new-zealand-4453242945,Accenture NZ – Data & AI Managers,,scraped,2026-09-18T09:00:40.294710,
53444a485e122678,https://nz.linkedin.com/jobs/view/mechatronics-and-electrical-team-lead-at-syos-aerospace-4466663231,Mechatronics and Electrical Team Lead,,scraped,2026-09-18T09:00:53.253804,
099daf6e7c169396,https://nz.linkedin.com/jobs/view/senior-personal-banker-at-anz-4466651318,Senior Personal Banker,,scraped,2026-09-18T09:01:07.325622,
ae933d9b87c3e3cd,https://nz.linkedin.com/jobs/view/marketing-lead-home-care-at-zuru-edge-4469131128,Marketing Lead - Home Care,ZURU Edge,posted,2026-09-18T09:01:57.879628,1032
59c8fb0ec026a638,https://nz.linkedin.com/jobs/view/graphic-designer-mandarin-speaking-at-global-wave-group-4469100291,Graphic Designer - Mandarin Speaking,Global Wave Group,posted,2026-09-18T09:02:14.167351,1034
2c387f4c2e1cf94d,https://nz.linkedin.com/jobs/view/licensed-cadastral-land-surveyor-at-npaworldwide-4467817342,Licensed Cadastral Land Surveyor,NPAworldwide,posted,2026-09-18T09:03:08.357578,1036
656bc3a915eda0bb,https://nz.linkedin.com/jobs/view/senior-planning-engineer-biosolids-at-watercare-services-limited-4468895399,Senior Planning Engineer - Biosolids,,scraped,2026-09-18T09:03:22.924293,
da975e95a3f7fc94,https://nz.linkedin.com/jobs/view/banking-adviser-blenheim-at-westpac-new-zealand-4466649546,Banking Adviser - Blenheim,Westpac New Zealand,posted,2026-09-18T09:03:39.734652,1038
b85afa2719900932,https://nz.linkedin.com/jobs/view/management-consulting-talent-organisation-at-accenture-new-zealand-4453248905,Management Consulting - Talent & Organisation,,scraped,2026-09-18T09:03:44.315257,
b74cc3fcf8fa74fa,https://nz.linkedin.com/jobs/view/sap-s-4hana-abap-developer-at-accenture-new-zealand-4453234987,SAP S/4HANA ABAP Developer,,scraped,2026-09-18T09:03:54.912232,
bd8281806ef82c7d,https://nz.linkedin.com/jobs/view/data-centre-delivery-coordinator-at-datacom-4468854353,Data Centre Delivery Coordinator,Datacom,posted,2026-09-18T09:04:12.971962,1040
cf7335baf5a21d08,https://nz.linkedin.com/jobs/view/data-centre-delivery-coordinator-at-datacom-4468846538,Data Centre Delivery Coordinator,Datacom,posted,2026-09-18T09:04:20.917435,1040
66621f505e076bad,https://nz.linkedin.com/jobs/view/performance-reward-consultant-18-month-fixed-term-at-asb-bank-4466648945,Performance & Reward Consultant (18-Month Fixed Term),,scraped,2026-09-18T09:04:27.583420,
6a625c16c415f57a,https://nz.linkedin.com/jobs/view/senior-consultant-technology-strategy-transformation-at-deloitte-4457048274,"Senior Consultant - Technology, Strategy & Transformation",Deloitte,posted,2026-09-18T09:04:56.477367,1042
67b56380e9760078,https://nz.linkedin.com/jobs/view/merchandiser-central-auckland-at-coca-cola-europacific-partners-4459699670,Merchandiser - Central Auckland,Coca-Cola Europacific Partners,posted,2026-09-18T14:05:01.229379,1044
f18165eccdd43c23,https://nz.linkedin.com/jobs/view/gardener-at-green-by-nature-4466647715,Gardener,Green by Nature,posted,2026-09-18T14:05:38.071098,581
2367d8359b9de917,https://nz.linkedin.com/jobs/view/staff-engineer-ai-at-future-secure-ai-4450205177,Staff Engineer AI,Future Secure AI,posted,2026-09-18T14:05:57.170579,1046
1edd6de744c3dd51,https://nz.linkedin.com/jobs/view/staff-engineer-ai-at-future-secure-ai-4449992298,Staff Engineer AI,Future Secure AI,scraped,2026-09-18T14:06:01.402843,
fc45b2015536271d,https://nz.linkedin.com/jobs/view/legal-editor-cases-at-thomson-reuters-4449385159,Legal Editor - Cases,,scraped,2026-09-18T14:06:12.011697,
d5d1be68c9db55f4,https://nz.linkedin.com/jobs/view/senior-consultant-tax-at-deloitte-4441454923,Senior Consultant - Tax,Deloitte,posted,2026-09-18T14:06:42.861867,1048
d28073d763e01ac6,https://nz.linkedin.com/jobs/view/ict-risk-and-assurance-manager-at-transpower-new-zealand-4466675221,ICT Risk and Assurance Manager,,scraped,2026-09-18T14:06:49.456909,
860248cd9df18ce5,https://nz.linkedin.com/jobs/view/trade-sales-assistant-queenstown-at-nz-safety-blackwoods-4435504325,Trade Sales Assistant (Queenstown),NZ Safety Blackwoods,posted,2026-09-18T14:07:18.423147,1050
4ebc4043e8aeaf8f,https://nz.linkedin.com/jobs/view/demi-chef-at-pullman-hotels-resorts-4467837637,Demi Chef,,scraped,2026-09-18T14:07:32.973623,
d682d7e108a2008c,https://nz.linkedin.com/jobs/view/waiter-bivacco-at-savor-group-4466653281,Waiter | Bivacco,,scraped,2026-09-18T14:08:19.951960,
0b476f9a957815b7,https://nz.linkedin.com/jobs/view/sales-at-zato-4469115967,Sales,,scraped,2026-09-18T14:08:27.122716,
c0a0a268953dd421,https://nz.linkedin.com/jobs/view/principal-software-engineer-ai-at-future-secure-ai-4450206157,Principal Software Engineer (AI),Future Secure AI,posted,2026-09-18T14:08:52.328609,1052
ed0b8d305ceda25f,https://nz.linkedin.com/jobs/view/senior-security-engineer-defence-at-xero-4458915996,Senior Security Engineer - Defence,,scraped,2026-09-18T14:08:56.967345,
f9cdde83c25cc2fc,https://nz.linkedin.com/jobs/view/motion-designer-at-skycity-entertainment-group-4466665353,Motion Designer,,scraped,2026-09-18T14:09:15.918534,
488ac75ea77fc07b,https://nz.linkedin.com/jobs/view/business-development-manager-drive-growth-in-christchurch-nz-at-thryv-australia-new-zealand-4410510354,Business Development Manager | Drive Growth in Christchurch NZ,Thryv Australia & New Zealand,posted,2026-09-18T14:10:16.669437,1054
fb97b4725de42db1,https://nz.linkedin.com/jobs/view/chef-de-partie-at-hilton-4460123733,Chef de Partie,Hilton,posted,2026-09-18T14:10:28.207617,1056
c16876f9909357a6,https://nz.linkedin.com/jobs/view/head-of-technology-architecture-at-auckland-council-4467842041,Head of Technology Architecture,Auckland Council,posted,2026-09-18T14:10:49.429312,1057
41f70099cd17904a,https://nz.linkedin.com/jobs/view/internal-phone-account-manager-at-nz-safety-blackwoods-4450643932,Internal Phone Account Manager,NZ Safety Blackwoods,posted,2026-09-18T14:11:15.777091,1059
9687e48fd9c6ee7f,https://nz.linkedin.com/jobs/view/solutions-architect-at-databricks-4437632408,Solutions Architect,Databricks,posted,2026-09-18T14:11:34.296773,1061
ecc6f4547ef7e7c5,https://nz.linkedin.com/jobs/view/adviser-support-at-generate-kiwisaver-scheme-4459399661,Adviser Support,,scraped,2026-09-18T14:11:39.058640,
a3c18b80f18a47c6,https://nz.linkedin.com/jobs/view/marketing-manager-at-australian-venue-co-4467840166,Marketing Manager,,scraped,2026-09-18T14:12:13.935698,
cf4147d4475f3a7c,https://nz.linkedin.com/jobs/view/production-engineer-at-syos-aerospace-4466644580,Production Engineer,,scraped,2026-09-18T14:12:24.471515,
ee800454200ea074,https://nz.linkedin.com/jobs/view/senior-principal-network-planning-engineer-at-vector-limited-4468830690,Senior/Principal Network Planning Engineer,,scraped,2026-09-18T14:13:12.753123,
8cdef5c1fe01ed48,https://nz.linkedin.com/jobs/view/key-account-manager-at-coca-cola-europacific-partners-4469155233,Key Account Manager,Coca-Cola Europacific Partners,posted,2026-09-18T14:13:34.394021,1063
9676294e93a6f749,https://nz.linkedin.com/jobs/view/full-stack-engineer-at-global-wave-group-4469116012,Full Stack Engineer,Global Wave Group,posted,2026-09-18T14:13:46.961325,1065
da00693b31951ae7,https://nz.linkedin.com/jobs/view/bas-senior-accountant-at-bdo-in-new-zealand-4467853672,BAS Senior Accountant,,scraped,2026-09-18T14:13:49.575528,
b29bfaf954344f9f,https://nz.linkedin.com/jobs/view/art-director-studio-manager-at-careeraiforge-4466642565,Art Director/Studio Manager,careerAIForge,posted,2026-09-18T14:14:08.506645,1067
3be13c6a57d31b45,https://nz.linkedin.com/jobs/view/business-development-specialist-full-time-new-plymouth-at-nz-safety-blackwoods-4401018758,Business Development Specialist (Full Time - New Plymouth),NZ Safety Blackwoods,posted,2026-09-18T14:14:47.941820,1069
d61ac9621659dcf9,https://nz.linkedin.com/jobs/view/online-assistant-at-candid-jobs-4467840393,Online Assistant,Candid Jobs,posted,2026-09-18T14:15:13.870690,543
ac085c0b992b701b,https://nz.linkedin.com/jobs/view/employment-relations-manager-at-university-of-auckland-4469106850,Employment Relations Manager,University of Auckland,posted,2026-09-18T14:15:26.318135,1071
3c8e95acfabb21ea,https://nz.linkedin.com/jobs/view/brand-designer-at-first-focus-4469104901,Brand Designer,,scraped,2026-09-18T14:15:30.972485,
7ba9ba1aa50ecfd9,https://nz.linkedin.com/jobs/view/backend-developer-conversational-ai-at-probe-cx-4467845341,Backend Developer - Conversational AI,,scraped,2026-09-18T14:15:42.064418,
238a3908300cc9fd,https://nz.linkedin.com/jobs/view/bas-intermediate-accountant-at-bdo-in-new-zealand-4467849762,BAS Intermediate Accountant,,scraped,2026-09-18T14:16:26.872285,
210d98cb8849e7ff,https://nz.linkedin.com/jobs/view/engagement-manager-at-sailpoint-4460307416,Engagement Manager,SailPoint,posted,2026-09-18T14:16:43.147830,1073
9fee31d9cd39c6fa,https://nz.linkedin.com/jobs/view/structural-engineer-at-archway-recruitment-4460166111,Structural Engineer,,scraped,2026-09-18T14:16:57.799816,
1f5affeea1da3940,https://nz.linkedin.com/jobs/view/security-training-manager-at-first-security-4468848603,Security Training Manager,,scraped,2026-09-18T14:18:05.700277,
d0e8a810c4f5b3e7,https://nz.linkedin.com/jobs/view/area-sales-manager-at-suntory-oceania-4469104795,Area Sales Manager,,scraped,2026-09-18T14:18:40.982629,
f7aed2ae121fd7b9,https://nz.linkedin.com/jobs/view/tax-manager-associate-director-at-deloitte-4441460674,Tax Manager/Associate Director,Deloitte,posted,2026-09-18T14:19:04.860464,1075
48890f853c20c848,https://nz.linkedin.com/jobs/view/land-surveyor-at-archway-recruitment-4469117296,Land Surveyor,,scraped,2026-09-18T14:19:33.612008,
04cc1bd38580b307,https://nz.linkedin.com/jobs/view/category-assistant-pantry-at-woolworths-group-4466655568,Category Assistant - Pantry,,scraped,2026-09-18T14:20:25.471694,
e927146bf976e1cd,https://nz.linkedin.com/jobs/view/senior-structural-engineer-at-ptl-structural-fire-4464914594,Senior Structural Engineer,,scraped,2026-09-18T14:20:34.701418,
a25fb12b9325eab4,https://nz.linkedin.com/jobs/view/bas-manager-at-baker-tilly-staples-rodway-4454395289,BAS Manager,,scraped,2026-09-18T14:21:02.359373,
ff1d022441f6d769,https://nz.linkedin.com/jobs/view/finance-manager-at-hunter-campbell-4458353258,Finance Manager,,scraped,2026-09-18T14:21:22.176499,
ac858971b755488d,https://nz.linkedin.com/jobs/view/obstetrics-and-gynaecology-house-officer-canterbury-district-at-careeraiforge-4466661154,Obstetrics and Gynaecology House Officer | Canterbury District,careerAIForge,posted,2026-09-18T14:21:56.443695,1077
ee0665133170aa12,https://nz.linkedin.com/jobs/view/platypus-store-manager-richmond-mall-at-platypus-shoes-4469109116,Platypus Store Manager - Richmond Mall,,scraped,2026-09-18T14:22:17.114797,
439a55e32bffa9e7,https://nz.linkedin.com/jobs/view/renewable-energy-analyst-graduate-at-renewable-careers-4469137878,Renewable Energy Analyst (Graduate),,scraped,2026-09-18T14:22:31.673886,
1aacd99680adab41,https://nz.linkedin.com/jobs/view/postdoctoral-fellow-in-experimental-physics-at-university-of-otago-4469115183,Postdoctoral Fellow in Experimental Physics,University of Otago,posted,2026-09-18T14:22:49.746749,1079
583dc270613814b8,https://nz.linkedin.com/jobs/view/senior-digital-solution-specialist-ai-business-process-new-zealand-at-microsoft-4469150504,"Senior Digital Solution Specialist, AI Business Process - New Zealand",Microsoft,posted,2026-09-18T14:22:59.034872,1081
9370efb90a86d5ad,https://nz.linkedin.com/jobs/view/hris-data-analyst-at-pwc-new-zealand-4469107543,HRIS & Data Analyst,,scraped,2026-09-18T14:23:33.747601,
ee83046274bd347c,https://nz.linkedin.com/jobs/view/tax-manager-associate-director-at-deloitte-4441462589,Tax Manager/Associate Director,Deloitte,posted,2026-09-18T14:23:50.540133,1075
d06bcf849f6435fd,https://nz.linkedin.com/jobs/view/phocas-2026-graduate-programme-software-engineers-at-phocas-software-4427320166,Phocas 2026 Graduate Programme - Software Engineers,,scraped,2026-09-18T18:52:06.939748,
aa888c30986ab91a,https://nz.linkedin.com/jobs/view/senior-product-manager-at-lightspeed-commerce-4460162185,Senior Product Manager,,scraped,2026-09-18T18:52:17.340195,
82c05761f7c93377,https://nz.linkedin.com/jobs/view/hr-business-partner-at-mccain-foods-4460302501,HR Business Partner,,scraped,2026-09-18T18:52:31.563635,
d2c614a83ae276c8,https://nz.linkedin.com/jobs/view/engineering-lead-at-zuru-4469183310,Engineering Lead,,scraped,2026-09-18T18:53:32.068507,
a9382bcd0e232868,https://nz.linkedin.com/jobs/view/product-solutions-marketing-manager-at-gallagher-4467839069,Product/Solutions Marketing Manager,,scraped,2026-09-18T18:53:39.909504,
87a1a3f1b2767d15,https://nz.linkedin.com/jobs/view/solution-architect-at-sailpoint-4460304471,Solution Architect,SailPoint,posted,2026-09-18T18:54:00.145483,1083
322ca134a44f008a,https://nz.linkedin.com/jobs/view/senior-director-of-engineering-at-gentrack-ltd-global-4450211433,Senior Director of Engineering,,scraped,2026-09-18T18:54:02.812678,
fcc315ce89fda017,https://nz.linkedin.com/jobs/view/administrator-at-acrow-ltd-4468008393,Administrator,,scraped,2026-09-18T18:54:18.430600,
59e3af1632b20c9c,https://nz.linkedin.com/jobs/view/entertainment-media-coordinator-at-jb-hi-fi-4465955745,Entertainment & Media Coordinator,,scraped,2026-09-18T18:54:28.479280,
32f016c7f8663a68,https://nz.linkedin.com/jobs/view/senior-security-engineer-cloud-platform-at-xero-4457681413,Senior Security Engineer - Cloud Platform,,scraped,2026-09-18T18:54:55.113707,
9789f7f4f0ee8643,https://nz.linkedin.com/jobs/view/senior-security-engineer-defence-at-xero-4458923237,Senior Security Engineer - Defence,,scraped,2026-09-18T18:55:03.713525,
b5c2e4211474afc5,https://nz.linkedin.com/jobs/view/structural-engineer-at-archway-recruitment-4458331334,Structural Engineer,,scraped,2026-09-18T18:55:24.059269,
ee3cca72e9cc30a3,https://nz.linkedin.com/jobs/view/sales-operation-analyst-at-team-global-express-4468897715,Sales Operation Analyst,,scraped,2026-09-18T18:55:53.720799,
f12ee03bbcb55f27,https://nz.linkedin.com/jobs/view/senior-golang-engineer-at-tata-consultancy-services-4467837628,Senior Golang Engineer,Tata Consultancy Services,posted,2026-09-18T18:56:21.200665,1085
bdeb4405aee4b7e0,https://nz.linkedin.com/jobs/view/dynamics-365-f-o-finance-lead-consultant-at-capgemini-4457767299,Dynamics 365 F&O Finance Lead Consultant,,scraped,2026-09-18T18:56:23.876552,
d310847335f553ba,https://nz.linkedin.com/jobs/view/manager-senior-manager-transfer-pricing-at-kpmg-new-zealand-4460143989,Manager / Senior Manager - Transfer Pricing,KPMG New Zealand,posted,2026-09-18T18:56:59.509956,1087
a301af347cab398c,https://nz.linkedin.com/jobs/view/class-2-driver-at-persol-4467177377,Class 2 Driver,,scraped,2026-09-18T18:57:06.133308,
08a199b2befe15e2,https://nz.linkedin.com/jobs/view/trade-account-manager-mitre10-mega-wanaka-at-mitre-10-new-zealand-limited-4466671527,Trade Account Manager - Mitre10 Mega Wanaka,,scraped,2026-09-18T18:57:13.644386,
2a3b6388ae1af0c9,https://nz.linkedin.com/jobs/view/hr-business-partner-at-tribe-group-4450011825,HR Business Partner,,scraped,2026-09-18T18:57:26.345382,
389a211b6ced78dd,https://nz.linkedin.com/jobs/view/desk-assistant-nzd-fx-at-icap-4438727000,Desk Assistant- NZD FX,,scraped,2026-09-18T18:57:32.902731,
0601f47a9fe91be2,https://nz.linkedin.com/jobs/view/head-of-digital-product-engineering-at-fisher-paykel-appliances-4458920299,Head of Digital Product Engineering,,scraped,2026-09-18T18:58:58.482239,
e555086faa321049,https://nz.linkedin.com/jobs/view/inbound-sales-team-leader-at-nz-safety-blackwoods-4449088405,Inbound Sales Team Leader,NZ Safety Blackwoods,posted,2026-09-18T18:59:48.567761,1089
8f9f4fa852229ab3,https://nz.linkedin.com/jobs/view/sales-executive-at-skyrunner-drone-light-shows-llc-4465542939,SALES EXECUTIVE,Skyrunner Drone Light Shows LLC,posted,2026-09-18T19:00:00.845611,1091
7d1d248bbe7a134c,https://nz.linkedin.com/jobs/view/trade-operations-supervisor-mitre10-mega-wanaka-at-mitre-10-new-zealand-limited-4466695768,Trade Operations Supervisor - Mitre10 Mega Wanaka,,scraped,2026-09-18T19:00:39.463967,
138d7c8fb3fb932a,https://nz.linkedin.com/jobs/view/senior-policy-analyst-aquaculture-policy-at-ministry-for-primary-industries-mpi-4467837694,Senior Policy Analyst (Aquaculture Policy),,scraped,2026-09-18T19:01:05.127558,
65c6b7bdb5e494f3,https://nz.linkedin.com/jobs/view/senior-spectrum-planning-analyst-at-ministry-of-business-innovation-and-employment-4460318830,Senior Spectrum Planning Analyst,,scraped,2026-09-18T19:03:13.682712,
6378be5bd06ad2c6,https://nz.linkedin.com/jobs/view/soc-manager-security-operations-centre-cyber-security-at-ey-4420186968,SOC Manager -Security Operations Centre - Cyber Security,EY,posted,2026-09-18T19:03:40.538637,1093
b6470a946cceeac6,https://nz.linkedin.com/jobs/view/power-platform-functional-architect-at-ey-4412623404,Power Platform Functional Architect,EY,posted,2026-09-18T19:04:15.526153,1095
3b18ef938803b462,https://nz.linkedin.com/jobs/view/barista-cafe-assistant-at-ryman-healthcare-4458058964,Barista/Cafe Assistant,,scraped,2026-09-18T19:04:30.103533,
9e571db86a79d972,https://nz.linkedin.com/jobs/view/occupational-therapist-senior-occupational-therapist-at-rainbow-centre-4469149475,Occupational Therapist / Senior Occupational Therapist,,scraped,2026-09-18T19:04:38.315748,
206212b48a75e790,https://nz.linkedin.com/jobs/view/electricien-f-h-at-vinci-energies-4469168987,Electricien F/H,,scraped,2026-09-18T19:04:52.158135,
3307e6f34c7d61bb,https://nz.linkedin.com/jobs/view/dealer-principal-general-manager-wellington-at-stellar-recruitment-4458322324,Dealer Principal / General Manager - Wellington,,scraped,2026-09-18T19:05:18.817655,
81a4a18b855420f7,https://nz.linkedin.com/jobs/view/functional-leader-at-fisher-paykel-appliances-4459889778,Functional Leader,,scraped,2026-09-18T19:05:31.332029,
6bd3ef102d93e44d,https://nz.linkedin.com/jobs/view/aerodynamics-analyst-at-rocket-lab-4466622514,Aerodynamics Analyst,Rocket Lab,posted,2026-09-18T19:05:51.104759,559
876190272a767b28,https://nz.linkedin.com/jobs/view/capital-portfolio-manager-at-watercare-services-limited-4462478978,Capital Portfolio Manager,,scraped,2026-09-18T19:06:09.753521,
d5d16b813f89296a,https://nz.linkedin.com/jobs/view/commercial-finance-manager-business-controller-at-tetra-pak-4405804800,Commercial Finance Manager/ Business Controller,Tetra Pak,posted,2026-09-18T19:06:35.987907,1097
a61689ef614f63d2,https://nz.linkedin.com/jobs/view/technician-palmerston-north-at-scania-new-zealand-4469118148,Technician - Palmerston North,,scraped,2026-09-18T19:06:40.553793,
1a709faf50229a73,https://nz.linkedin.com/jobs/view/senior-civil-%2B-environmental-engineer-at-studio-wainui-4468836956,Senior Civil + Environmental Engineer,,scraped,2026-09-18T19:06:48.236941,
7acf3a5a64a49007,https://nz.linkedin.com/jobs/view/competitive-programme-manager-gymnastics-at-hamilton-city-gymnastics-4468863241,Competitive Programme Manager - Gymnastics,,scraped,2026-09-18T19:06:54.065502,
eaff6ef2f7fd3b2c,https://nz.linkedin.com/jobs/view/building-surveyor-senior-building-surveyor-at-rebbeck-dunn-watters-4468372055,Building Surveyor / Senior Building Surveyor,,scraped,2026-09-18T19:07:16.654372,
6d94bcca886484ee,https://nz.linkedin.com/jobs/view/automotive-technician-4468621391,Automotive Technician,Tauranga Motor Group Limited,posted,2026-09-18T19:07:55.162180,1099
0fecc0fc74a6a7b5,https://nz.linkedin.com/jobs/view/lead-and-principal-power-systems-engineer-anz-at-worley-4428677885,Lead and Principal Power Systems Engineer - ANZ,Worley,posted,2026-09-18T19:08:37.400300,1101
5f0bd9ab1d0a4d7a,https://nz.linkedin.com/jobs/view/lead-and-principal-power-systems-engineer-anz-at-worley-4428665977,Lead and Principal Power Systems Engineer - ANZ,Worley,posted,2026-09-18T19:08:43.431607,1101
e2c8b95e1d544156,https://nz.linkedin.com/jobs/view/senior-resource-consents-planner-at-napier-city-council-4467852990,Senior Resource Consents Planner,,scraped,2026-09-18T22:14:19.445661,
45a0f890146f22a1,https://nz.linkedin.com/jobs/view/technical-director-aviation-at-wsp-in-canada-4430898751,Technical Director Aviation,WSP in Canada,posted,2026-09-18T22:17:14.883162,813
9a66f637c17fe48f,https://nz.linkedin.com/jobs/view/stms-at-higgins-4457753101,STMS,,scraped,2026-09-18T22:17:33.536533,
bca70f9c289c6020,https://nz.linkedin.com/jobs/view/stock-supervisor-at-calvin-klein-4448732124,Stock Supervisor,Calvin Klein,posted,2026-09-18T22:18:09.414367,1103
e1243fb8a5995e0a,https://nz.linkedin.com/jobs/view/cyber-risk-and-resilience-senior-consultant-cybersecurity-at-ey-4429841789,Cyber Risk and Resilience - Senior Consultant - Cybersecurity,EY,posted,2026-09-18T22:18:25.923133,1105
e722bb0aef162986,https://nz.linkedin.com/jobs/view/tax-manager-associate-director-at-deloitte-4441475040,Tax Manager/Associate Director,Deloitte,posted,2026-09-18T22:19:37.216859,1075
dd4724eacd7c0666,https://nz.linkedin.com/jobs/view/marketing-and-events-specialist-at-gallagher-4458942365,Marketing and Events Specialist,,scraped,2026-09-18T22:19:53.812906,
5eb656b3d56a25f1,https://nz.linkedin.com/jobs/view/cloud-data-platform-engineer-at-meridian-energy-4468894076,Cloud Data Platform Engineer,,scraped,2026-09-18T22:20:01.529198,
514eba94184993a2,https://nz.linkedin.com/jobs/view/plumbing-and-drainage-inspections-lead-at-napier-city-council-4467869013,Plumbing and Drainage Inspections Lead,,scraped,2026-09-18T22:20:24.539042,
926bca321f82776c,https://nz.linkedin.com/jobs/view/senior-media-buyer-ecommerce-growth-specialist-at-ecomm-growth-collective-4469186865,Senior Media Buyer & Ecommerce Growth Specialist,Ecomm Growth Collective,posted,2026-09-18T22:20:38.187434,1107
1d9047056e36bd33,https://nz.linkedin.com/jobs/view/luge-operator-at-skyline-enterprises-4466681917,Luge Operator,,scraped,2026-09-18T22:21:14.877256,
48f4cd002b154bab,https://nz.linkedin.com/jobs/view/duty-manager-at-star-group-4467867106,Duty Manager,,scraped,2026-09-18T22:21:30.686350,
18667ad78f1c48dc,https://nz.linkedin.com/jobs/view/flight-dynamics-design-engineer-at-syos-aerospace-4466651422,Flight Dynamics Design Engineer,,scraped,2026-09-18T22:22:11.332402,
09c840fcc8b7a885,https://nz.linkedin.com/jobs/view/kitchen-hand-at-skyline-enterprises-4466679924,Kitchen Hand,,scraped,2026-09-18T22:22:36.486800,
8b982259c5772fec,https://nz.linkedin.com/jobs/view/animal-genomics-research-associate-at-agresearch-4469130021,Animal Genomics Research Associate,,scraped,2026-09-18T22:22:44.659758,
723ede5fe1f9b45b,https://nz.linkedin.com/jobs/view/analyst-senior-analyst-at-the-treasury-new-zealand-4467848317,Analyst/Senior Analyst,,scraped,2026-09-18T22:22:51.881941,
126a75dda9adcc05,https://nz.linkedin.com/jobs/view/senior-vendor-business-manager-at-ingram-micro-4450007539,Senior Vendor Business Manager,Ingram Micro,posted,2026-09-18T22:23:11.623079,1109
cb7add5d67434da0,https://nz.linkedin.com/jobs/view/art-director-studio-manager-at-skycity-entertainment-group-4466646810,Art Director/Studio Manager,,scraped,2026-09-18T22:23:30.195095,
8c09e5230971502c,https://nz.linkedin.com/jobs/view/sprinkler-service-supervisor-at-argus-fire-systems-service-limited-4466663087,Sprinkler Service Supervisor,,scraped,2026-09-18T22:23:37.996000,
e6e48bf3daa5d858,https://nz.linkedin.com/jobs/view/maintenance-technician-wellington-at-veolia-australia-new-zealand-4467950360,Maintenance Technician - Wellington,,scraped,2026-09-18T22:24:02.683933,
9c055b4f3ae4f301,https://nz.linkedin.com/jobs/view/senior-associate-%E2%80%93-technology-media-and-telecommunications-at-buddle-findlay-4458926188,"Senior Associate – Technology, Media and Telecommunications",,scraped,2026-09-18T22:24:24.273099,
c1a137af515bb4de,https://nz.linkedin.com/jobs/view/new-zealand-business-development-leader-at-ey-4429842196,New Zealand Business Development Leader,EY,posted,2026-09-18T22:25:37.212160,1111
693b64ebb4ccd024,https://nz.linkedin.com/jobs/view/mechanical-engineer-water-expression-of-interest-at-ghd-4327632979,"Mechanical Engineer - Water, Expression of Interest",,scraped,2026-09-18T22:25:39.804527,
26048dbdb6ec12c5,https://nz.linkedin.com/jobs/view/lead-and-principal-power-systems-engineer-anz-at-worley-4428680864,Lead and Principal Power Systems Engineer - ANZ,Worley,posted,2026-09-18T22:25:55.416565,1101
fb3738fc5c7369fd,https://nz.linkedin.com/jobs/view/bi-analytics-engineer-at-meridian-energy-4468881880,BI Analytics Engineer,,scraped,2026-09-18T22:26:05.977091,
d28445e373304846,https://nz.linkedin.com/jobs/view/showroom-team-member-morrinsville-at-placemakers-christchurch-4469196874,Showroom Team Member - Morrinsville,PlaceMakers Christchurch,posted,2026-09-18T22:26:28.223361,1113
e028ef7b0539b801,https://nz.linkedin.com/jobs/view/broadcast-engineering-manager-at-stuff-4468897889,Broadcast Engineering Manager,,scraped,2026-09-18T22:26:36.955160,
f324d487bc0a700a,https://nz.linkedin.com/jobs/view/senior-consultant-business-transformation-business-consulting-at-ey-4458062496,Senior Consultant - Business Transformation - Business Consulting,EY,posted,2026-09-18T22:26:53.240499,1115
edf165e621a01933,https://nz.linkedin.com/jobs/view/brand-designer-at-first-focus-4469107743,Brand Designer,,scraped,2026-09-18T22:27:05.951257,
e0829f7789f86dc2,https://nz.linkedin.com/jobs/view/cadre-%C3%A9tude-de-prix-f-h-at-vinci-energies-4469167909,Cadre étude de prix F/H,,scraped,2026-09-18T22:27:18.555044,
cc7dbbc5e3e6e578,https://nz.linkedin.com/jobs/view/buyer-at-hellofresh-4460188714,Buyer,,scraped,2026-09-18T22:27:26.006495,
8627a5854b4508d8,https://nz.linkedin.com/jobs/view/service-desk-analyst-at-infosys-4466669717,Service Desk Analyst,Infosys,posted,2026-09-18T22:27:58.894726,1117
b86b6a9643186307,https://nz.linkedin.com/jobs/view/senior-product-designer-at-vista-4468853488,Senior Product Designer,,scraped,2026-09-18T22:28:13.419304,
290123c10da1309f,https://nz.linkedin.com/jobs/view/underwriting-associate-at-aig-4466650342,Underwriting Associate,AIG,posted,2026-09-18T22:28:26.351474,1119
6a5cd2879ab5395a,https://nz.linkedin.com/jobs/view/business-analyst-ai-insights-at-deloitte-4441462592,Business Analyst AI Insights,Deloitte,posted,2026-09-18T22:28:35.125586,1121
5a68bd30205a9c24,https://nz.linkedin.com/jobs/view/convai-software-engineer-at-probe-cx-4449370685,Convai Software Engineer,,scraped,2026-09-18T22:29:09.683865,
28b61187a2ce3751,https://nz.linkedin.com/jobs/view/senior-project-manager-at-unisys-4460304091,Senior Project Manager,Unisys,posted,2026-09-18T22:29:46.716578,341
5241b9db99497559,https://nz.linkedin.com/jobs/view/systems-engineer-at-beca-4460194610,Systems Engineer,,scraped,2026-09-18T22:29:51.388441,
325b436ec061e27d,https://nz.linkedin.com/jobs/view/assistant-store-manager-macpac-napier-at-macpac-ltd-4458053437,Assistant Store Manager - Macpac Napier,,scraped,2026-09-19T02:48:13.509418,
70b3a2e2fea96218,https://nz.linkedin.com/jobs/view/full-time-retail-assistant-repco-petone-at-repco-4468826974,Full Time Retail Assistant | Repco Petone,Repco,posted,2026-09-19T02:48:45.601648,1123
02f01fbaf2ae9418,https://nz.linkedin.com/jobs/view/fmis-accountant-at-jacksonstone-partners-4466797981,FMIS Accountant,,scraped,2026-09-19T02:48:48.177749,
b4980c8a80c14793,https://nz.linkedin.com/jobs/view/head-of-applications-at-kpmg-new-zealand-4466825303,Head of Applications,KPMG New Zealand,posted,2026-09-19T02:50:27.249640,1125
442428dffdf38f26,https://nz.linkedin.com/jobs/view/landscapers-%E2%80%93-far-north-branch-at-northscape-4469265749,Landscapers – Far North Branch,,scraped,2026-09-19T02:52:25.848547,
ff479c3dff96f0bb,https://nz.linkedin.com/jobs/view/head-of-technology-healthy-behaviours-at-southern-cross-health-insurance-4466666419,Head of Technology - Healthy Behaviours,,scraped,2026-09-19T02:52:50.489418,
f5cb9c2b17a5cc3c,https://nz.linkedin.com/jobs/view/senior-groundwater-modeller-at-ghd-4467836897,Senior Groundwater Modeller,,scraped,2026-09-19T02:53:34.137591,
ba6ed63231d96750,https://nz.linkedin.com/jobs/view/cnc-operator-at-rocket-lab-4423320816,CNC Operator,Rocket Lab,posted,2026-09-19T02:54:26.693122,1127
c26db42372680d08,https://nz.linkedin.com/jobs/view/general-manager-at-oceania-4467846921,General Manager,,scraped,2026-09-19T02:54:45.276323,
aeb243d77ac37d3d,https://nz.linkedin.com/jobs/view/site-reliability-engineer-at-zuru-4469177460,Site Reliability Engineer,,scraped,2026-09-19T02:54:57.867510,
26e1b95c08bf2d86,https://nz.linkedin.com/jobs/view/architecture-practice-lead-at-the-university-of-waikato-4459892396,Architecture Practice Lead,The University of Waikato,posted,2026-09-19T02:55:29.529485,1129
8076a387b150fe3a,https://nz.linkedin.com/jobs/view/portfolio-specialist-at-suncorp-group-4467166278,Portfolio Specialist,,scraped,2026-09-19T02:56:30.087147,
6b7ed92ba7acedc8,https://nz.linkedin.com/jobs/view/design-technology-teacher-at-school-jobs-4466611944,Design Technology Teacher,School Jobs,posted,2026-09-19T02:57:18.529907,1131
cc591826b2d262b5,https://nz.linkedin.com/jobs/view/customer-relations-representative-at-idexx-4449473741,Customer Relations Representative,IDEXX,posted,2026-09-19T02:57:28.752157,1133
c1503b8951416820,https://nz.linkedin.com/jobs/view/research-development-specialist-at-halter-4467192614,Research & Development Specialist,,scraped,2026-09-19T02:58:09.302749,
594ebde7ad875ba4,https://nz.linkedin.com/jobs/view/project-manager-at-electro-optic-systems-4450074447,Project Manager,,scraped,2026-09-19T02:58:31.534745,
a3267d9c01e48767,https://nz.linkedin.com/jobs/view/vendor-marketing-manager-at-ingram-micro-4458926725,Vendor Marketing Manager,Ingram Micro,posted,2026-09-19T02:59:11.292307,1135
8fe1d4622eeeeb7d,https://nz.linkedin.com/jobs/view/plastics-injection-molding-die-setter-at-gallagher-4458926756,Plastics Injection Molding Die Setter,,scraped,2026-09-19T03:01:25.912759,
4b807555fcab936d,https://nz.linkedin.com/jobs/view/barista-at-cobra-coffee-4468034946,Barista,,scraped,2026-09-19T03:02:25.216985,
cc6b99f2422959a5,https://nz.linkedin.com/jobs/view/social-worker-in-schools-at-presbyterian-support-northern-4467853908,Social Worker in Schools,,scraped,2026-09-19T03:02:43.617209,
1213c1d2f6a0dded,https://nz.linkedin.com/jobs/view/accenture-nz-%E2%80%93-data-ai-consultants-at-accenture-new-zealand-4453257910,Accenture NZ – Data & AI Consultants,,scraped,2026-09-19T03:03:28.072503,
faf2fe82ff310e0d,https://nz.linkedin.com/jobs/view/senior-site-reliability-engineer-anz-at-partly-4458931418,"Senior Site Reliability Engineer, ANZ",Partly,posted,2026-09-19T08:35:21.355898,1137
25947f6a02f940d0,https://nz.linkedin.com/jobs/view/academic-operations-manager-at-careeraiforge-4469294514,Academic Operations Manager,careerAIForge,posted,2026-09-19T08:40:03.354298,1139
d3c4519e0fd22999,https://nz.linkedin.com/jobs/view/process-operator-at-open-country-dairy-ltd-4466642086,Process Operator,Open Country Dairy Ltd,posted,2026-09-19T08:43:23.579088,1141
171add54c433a495,https://nz.linkedin.com/jobs/view/business-development-manager-at-absolute-it-4467295788,Business Development Manager,,scraped,2026-09-19T13:41:38.473212,
c9e05365749f5290,https://nz.linkedin.com/jobs/view/die-setter-at-newell-brands-4467167887,Die Setter,Newell Brands,posted,2026-09-19T13:42:12.446380,1143
4b2c5f31afda5062,https://nz.linkedin.com/jobs/view/plumbing-retail-assistant-full-time-at-mitre-10-new-zealand-limited-4468890702,Plumbing Retail Assistant - Full-time,Mitre 10 (New Zealand) Limited,posted,2026-09-19T13:45:20.881048,1145
23ff9d90b56a653f,https://nz.linkedin.com/jobs/view/trade-centre-supervisor-avondale-at-nz-safety-blackwoods-4455255846,Trade Centre Supervisor (Avondale),NZ Safety Blackwoods,posted,2026-09-19T13:45:32.679985,1147
818fde9c17c81bc9,https://nz.linkedin.com/jobs/view/tax-manager-associate-director-at-deloitte-4441467414,Tax Manager/Associate Director,Deloitte,posted,2026-09-19T13:45:59.470238,1075
1761c7e7aaefa168,https://nz.linkedin.com/jobs/view/business-development-manager-at-argus-fire-systems-service-limited-4469286757,Business Development Manager,,scraped,2026-09-19T13:46:46.120078,
61bd89acb12a8b12,https://nz.linkedin.com/jobs/view/dynamics-365-f-o-finance-lead-at-capgemini-4457767299,Dynamics 365 F&O Finance Lead,,scraped,2026-09-19T13:46:53.713702,
75435f3fe2af4cab,https://nz.linkedin.com/jobs/view/chef-de-partie-at-skyline-enterprises-4466975681,Chef de Partie,,scraped,2026-09-19T13:47:45.970520,
2b21823a2dd6c8d6,https://nz.linkedin.com/jobs/view/neutron-composite-technician-at-rocket-lab-4191880640,Neutron Composite Technician,Rocket Lab,posted,2026-09-19T13:48:58.780057,1149
f7ff3f306f7afe3f,https://nz.linkedin.com/jobs/view/technical-program-manager-at-databricks-4423325840,Technical Program Manager,Databricks,posted,2026-09-19T13:49:37.028784,1151
89631c70fd02d992,https://nz.linkedin.com/jobs/view/lead-and-principal-power-systems-engineer-anz-at-worley-4428678893,Lead and Principal Power Systems Engineer - ANZ,Worley,posted,2026-09-19T13:51:27.383295,1101
2ca9bc4eca83c45d,https://nz.linkedin.com/jobs/view/oracle-cloud-hcm-functional-lead-at-deloitte-4441467411,Oracle Cloud HCM Functional Lead,Deloitte,posted,2026-09-19T13:52:24.036803,1153
a163d6b2ad66e665,https://nz.linkedin.com/jobs/view/oracle-cloud-hcm-functional-lead-at-deloitte-4441470331,Oracle Cloud HCM Functional Lead,Deloitte,posted,2026-09-19T13:53:30.978044,1153
a13f62ee33e6460e,https://nz.linkedin.com/jobs/view/tax-specialist-at-anz-4467974807,Tax Specialist,,scraped,2026-09-19T17:01:40.035608,
8c8cea9186a6eef9,https://nz.linkedin.com/jobs/view/senior-staff-product-manager-nz-infrastructure-apis-developer-ecosystem-at-partly-4392484310,"Senior/Staff Product Manager, NZ, Infrastructure APIs & Developer Ecosystem",Partly,posted,2026-09-19T17:03:41.290150,1155
1cb3a26d0165bacb,https://nz.linkedin.com/jobs/view/lead-ai-generative-designer-at-jobgether-4467860474,Lead AI Generative Designer,,scraped,2026-09-19T17:14:06.054831,
72cf3342838a052f,https://nz.linkedin.com/jobs/view/senior-planning-engineer-biosolids-at-watercare-services-limited-4469100270,Senior Planning Engineer - Biosolids,,scraped,2026-09-19T17:14:14.474981,
691bb4a1c6daaf3d,https://nz.linkedin.com/jobs/view/lead-engineer-%E2%80%93-water-infrastructure-strategic-planning-at-ghd-4429613603,Lead Engineer – Water Infrastructure Strategic Planning,,scraped,2026-09-19T17:14:43.257000,
008fd013d9fd66f0,https://nz.linkedin.com/jobs/view/software-support-specialist-at-objective-corporation-4423358213,Software Support Specialist,,scraped,2026-09-19T20:02:27.038586,
0e3ed2037fd380a1,https://nz.linkedin.com/jobs/view/senior-associates-audit-auckland-at-ey-4438767472,Senior Associates - Audit - Auckland,EY,posted,2026-09-19T20:05:05.118667,1157
e48328f76e8b9b6c,https://nz.linkedin.com/jobs/view/senior-principal-forward-deployed-engineer-at-salesforce-4441939641,Senior/Principal Forward Deployed Engineer,Salesforce,posted,2026-09-19T20:09:20.520460,1159
7253cde8a55d9243,https://nz.linkedin.com/jobs/view/plumbing-retail-assistant-full-time-at-mitre-10-new-zealand-limited-4466999321,Plumbing Retail Assistant - Full-time,Mitre 10 (New Zealand) Limited,posted,2026-09-19T22:16:14.194086,1145
f3a113a17922c9ca,https://nz.linkedin.com/jobs/view/technical-lead-software-engineer-at-idexx-4393205548,Technical Lead Software Engineer,IDEXX,posted,2026-09-20T03:02:37.804826,1161
dd31e97053003511,https://nz.linkedin.com/jobs/view/cost-manager-senior-cost-manager-data-centre-at-turner-townsend-4414458685,Cost Manager/Senior Cost Manager - Data Centre,,scraped,2026-09-20T03:04:18.520398,
fbcbc3b39d9d4776,https://nz.linkedin.com/jobs/view/forklift-technician-at-careeraiforge-4469299361,Forklift Technician,careerAIForge,posted,2026-09-20T03:11:09.341462,1163
cb3fc0e32fef711c,https://nz.linkedin.com/jobs/view/software-engineer-nz-at-partly-4432115347,"Software Engineer, NZ",Partly,posted,2026-09-20T13:56:31.222390,1165
78b118c56bcdf9b7,https://nz.linkedin.com/jobs/view/resource-consent-planners-intermediates-seniors-expressions-of-interest-at-auckland-council-4321422820,"Resource Consent Planners, Intermediates & Seniors | Expressions of Interest",Auckland Council,posted,2026-09-20T13:57:23.577193,1167
14e78efc8aff4bbb,https://nz.linkedin.com/jobs/view/smb-growth-account-executive-at-salesforce-4411306029,SMB & Growth Account Executive,Salesforce,posted,2026-09-20T13:57:48.104473,1169
d2a51e43de961632,https://nz.linkedin.com/jobs/view/financial-controller-at-mh-money-express-4469513692,Financial Controller,,scraped,2026-09-20T14:00:34.801041,
88e5a6b5ac13df12,https://nz.linkedin.com/jobs/view/local-seo-account-manager-4468461345,Local SEO Account Manager,Opt Digital,posted,2026-09-20T14:01:18.887518,1171
b98a82c98fe42f89,https://nz.linkedin.com/jobs/view/mecca-cosmetica-takapuna-2ic-at-mecca-brands-4414946416,MECCA Cosmetica Takapuna - 2IC,,scraped,2026-09-20T14:02:23.538681,
19748fb969b63108,https://nz.linkedin.com/jobs/view/senior-consultant-tax-at-deloitte-4441468372,Senior Consultant - Tax,Deloitte,posted,2026-09-20T14:03:05.659217,1048
96919279cb17df87,https://nz.linkedin.com/jobs/view/parts-advisor-at-gary-cockram-limited-4469296437,Parts Advisor,,scraped,2026-09-20T14:03:18.248051,
de9109576ab5f2cb,https://nz.linkedin.com/jobs/view/mechanical-engineer-water-expression-of-interest-at-ghd-4327712844,"Mechanical Engineer - Water, Expression of Interest",,scraped,2026-09-20T14:03:43.937950,
fe5d1e4acac27e61,https://nz.linkedin.com/jobs/view/trade-operations-supervisor-mitre10-mega-wanaka-at-mitre-10-new-zealand-limited-4467320761,Trade Operations Supervisor - Mitre10 Mega Wanaka,,scraped,2026-09-20T14:03:57.178188,
f0aae302e744adda,https://nz.linkedin.com/jobs/view/customer-account-manager-northland-at-motion-asia-pacific-4453069405,Customer Account Manager | Northland,,scraped,2026-09-20T14:04:45.819798,
e63b2ae78b719c75,https://nz.linkedin.com/jobs/view/mechanical-engineer-water-expression-of-interest-at-ghd-4327850002,"Mechanical Engineer - Water, Expression of Interest",,scraped,2026-09-20T14:06:22.781176,
5aa72161e016d9de,https://nz.linkedin.com/jobs/view/employee-benefits-team-lead-at-marsh-4459187231,Employee Benefits Team Lead,Marsh,posted,2026-09-20T14:06:38.093769,1173
144eb1327606738e,https://nz.linkedin.com/jobs/view/new-store-store-manager-cotton-on-body-newmarket-at-cotton-on-group-4450099090,NEW STORE - Store Manager - Cotton On Body Newmarket,,scraped,2026-09-20T14:07:22.701102,
4d1eb8291c44baee,https://nz.linkedin.com/jobs/view/maintenance-engineer-christchurch-at-nz-post-4468065203,Maintenance Engineer - Christchurch,,scraped,2026-09-20T17:17:53.434058,
34f2281b46f1fb4f,https://nz.linkedin.com/jobs/view/store-manager-at-mountain-warehouse-4424463321,Store Manager,,scraped,2026-09-20T17:18:18.729835,
7bf8e4c1dc36d29a,https://nz.linkedin.com/jobs/view/new-store-store-manager-cotton-on-kids-sylvia-park-at-cotton-on-group-4441914623,NEW STORE - Store Manager - Cotton On Kids Sylvia Park,,scraped,2026-09-20T17:18:45.604766,
54d4f403a3909730,https://nz.linkedin.com/jobs/view/head-of-sales-at-gallagher-animal-management-4467819862,Head of Sales,,scraped,2026-09-20T17:19:28.131256,
fcc37834c75c40f2,https://nz.linkedin.com/jobs/view/chef-de-partie-at-hilton-4450310106,Chef de Partie,Hilton,posted,2026-09-20T17:19:41.515060,1056
2503747bb66cb946,https://nz.linkedin.com/jobs/view/occupational-therapist-at-apm-new-zealand-4331406392,Occupational Therapist,,scraped,2026-09-20T17:20:20.146395,
29cc209c1ee7f4b9,https://nz.linkedin.com/jobs/view/sales-executive-at-skyrunner-drone-light-shows-llc-4467325913,SALES EXECUTIVE,Skyrunner Drone Light Shows LLC,posted,2026-09-20T17:21:50.079022,1091
4e570457c8b1422f,https://nz.linkedin.com/jobs/view/audit-manager-at-deloitte-4441454926,Audit Manager,Deloitte,posted,2026-09-20T17:21:59.103500,1175
492e1bf556ebb236,https://nz.linkedin.com/jobs/view/corporate-sales-manager-enterprise-nz-at-halter-4392149354,"Corporate Sales Manager (Enterprise, NZ)",,scraped,2026-09-20T17:23:31.830009,
7660b8a5fa7199a8,https://nz.linkedin.com/jobs/view/global-category-manager-direct-procurement-at-fisher-paykel-appliances-4441950264,Global Category Manager - Direct Procurement,,scraped,2026-09-20T17:26:18.158073,
999d6620734f33ca,https://nz.linkedin.com/jobs/view/manager-senior-manager-m-a-tax-transactions-tax-at-kpmg-new-zealand-4459156208,Manager / Senior Manager - M&A Tax (Transactions Tax),KPMG New Zealand,posted,2026-09-20T17:30:12.459181,1177
43c4c88751488621,https://nz.linkedin.com/jobs/view/assistant-centre-manager-wellington-thorndon-at-kennards-self-storage-4467346246,Assistant Centre Manager Wellington - Thorndon,Kennards Self Storage,posted,2026-09-20T20:17:47.561352,1179
f9e92639c01387ca,https://nz.linkedin.com/jobs/view/senior-service-desk-analyst-at-datacom-4424103812,Senior Service Desk Analyst,Datacom,posted,2026-09-20T20:23:52.950624,1181
2505fa00f9b15e12,https://nz.linkedin.com/jobs/view/digital-design-lead-water-at-wsp-in-canada-4432961227,Digital Design Lead - Water,WSP in Canada,posted,2026-09-20T20:27:25.987768,1183
5372c9d2cbbd4a66,https://nz.linkedin.com/jobs/view/strategic-px-business-partner-at-ministry-of-justice-new-zealand-4469811789,Strategic PX Business Partner,,scraped,2026-09-20T23:51:16.201112,
c47230645af5e34f,https://nz.linkedin.com/jobs/view/mechanical-fitter-at-sgs-4464778197,Mechanical Fitter,,scraped,2026-09-20T23:52:37.212104,
f6e2197598a8248b,https://nz.linkedin.com/jobs/view/lead-pmo-new-zealand-at-tomra-4469832056,"Lead, PMO New Zealand",TOMRA,posted,2026-09-20T23:55:24.887915,991
6fc7ef5aea05158c,https://nz.linkedin.com/jobs/view/youth-peer-support-workers-%E2%80%93-multiple-opportunities-at-ka-puta-ka-ora-emerge-aotearoa-4469810848,Youth & Peer Support Workers – Multiple Opportunities,,scraped,2026-09-20T23:57:29.465606,
451d1ffd690e5cf8,https://nz.linkedin.com/jobs/view/dentist-lumino-nelson-at-abano-healthcare-group-4469822575,Dentist | Lumino Nelson,,scraped,2026-09-20T23:59:07.198979,
5fb058765f70bce8,https://nz.linkedin.com/jobs/view/marketing-assistant-at-allproof-industries-4466787550,Marketing Assistant,,scraped,2026-09-20T23:59:32.629831,
79240aa16059e823,https://nz.linkedin.com/jobs/view/junior-project-manager-at-tomra-4469816745,Junior Project Manager,TOMRA,posted,2026-09-21T00:00:05.166607,1185
fec4e8489a538d07,https://nz.linkedin.com/jobs/view/underwriter-at-360-underwriting-solutions-new-zealand-4469815932,Underwriter,,scraped,2026-09-21T00:01:15.778750,
ad3355816b69b023,https://nz.linkedin.com/jobs/view/class-5-driver-general-cartage-at-hw-richardson-group-4469597746,Class 5 Driver - General Cartage,,scraped,2026-09-21T00:01:35.177120,
1828abf397c4a62c,https://nz.linkedin.com/jobs/view/hcm-functional-consultant-senior-consultant-at-deloitte-4441474084,HCM Functional Consultant /Senior Consultant,Deloitte,posted,2026-09-21T00:02:34.968127,1187
b3d4d6856a9dfb48,https://nz.linkedin.com/jobs/view/jr-r-d-technologist-at-kraft-heinz-4424288989,Jr R&D Technologist,Kraft Heinz,posted,2026-09-21T00:03:58.048787,1189
96bda76f38b0fd46,https://nz.linkedin.com/jobs/view/geotechnical-engineer-at-delve-underground-4468470733,Geotechnical Engineer,Delve Underground,posted,2026-09-21T00:04:22.325132,1191
5d9bcdfd1a8e3179,https://nz.linkedin.com/jobs/view/finance-business-partners-farm-source-at-fonterra-4469829313,Finance Business Partners - Farm Source,,scraped,2026-09-21T00:04:30.896719,
77ebadb7aba34e52,https://nz.linkedin.com/jobs/view/junior-recruitment-consultant-at-robert-walters-4469821945,Junior Recruitment Consultant,Robert Walters,posted,2026-09-21T02:57:58.279875,1193
a70e27b18d3e96ea,https://nz.linkedin.com/jobs/view/general-grounds-maintenance-at-skyline-enterprises-4467354281,General Grounds Maintenance,,scraped,2026-09-21T02:59:11.011903,
7ca19b14f751097b,https://nz.linkedin.com/jobs/view/labourer-at-qube-4467342805,Labourer,Qube,posted,2026-09-21T03:00:10.131236,1195
c1af5c35e08a63d6,https://nz.linkedin.com/jobs/view/category-assistant-%E2%80%93-butchery-at-foodstuffs-north-island-limited-4468488627,Category Assistant – Butchery,,scraped,2026-09-21T03:00:18.767818,
9ff64b3c03ee0902,https://nz.linkedin.com/jobs/view/pmo-lead-new-zealand-at-tomra-4469828577,"PMO Lead, New Zealand",TOMRA,posted,2026-09-21T03:01:45.217099,1197
9531af658482beb7,https://nz.linkedin.com/jobs/view/landscapers-%E2%80%93-far-north-branch-at-northscape-4469836095,Landscapers – Far North Branch,,scraped,2026-09-21T03:02:03.746365,
a0499d397a008a51,https://nz.linkedin.com/jobs/view/data-engineer-at-allrecruits-4469817483,Data Engineer,,scraped,2026-09-21T03:02:28.260111,
952dfb1e55ac9e74,https://nz.linkedin.com/jobs/view/business-manager-at-mbm-4468498064,Business Manager,,scraped,2026-09-21T03:03:01.841714,
e06afa332f9de531,https://nz.linkedin.com/jobs/view/installation-specialist-noel-leeming-queenstown-at-noel-leeming-4469818837,"Installation Specialist - Noel Leeming, Queenstown",Noel Leeming,posted,2026-09-21T03:04:03.871176,134
f7b087c56a93f053,https://nz.linkedin.com/jobs/view/senior-physiotherapist-pain-management-at-habit-health-4468494130,Senior Physiotherapist - Pain Management,,scraped,2026-09-21T03:04:12.426023,
bbb693be719c9783,https://nz.linkedin.com/jobs/view/net-developer-transformation-venture-studio-at-deloitte-4441456820,.Net Developer - Transformation Venture Studio,Deloitte,posted,2026-09-21T03:05:53.124012,1199
425cedbc8a3eb1c5,https://nz.linkedin.com/jobs/view/solution-architect-cards-at-synechron-4466977763,Solution Architect - Cards,Synechron,posted,2026-09-21T03:06:03.546725,1201
79d3540545793dfc,https://nz.linkedin.com/jobs/view/senior-engineers-product-engineering-at-halter-4408648277,Senior Engineers - Product & Engineering,,scraped,2026-09-21T03:06:18.152172,
a27c88fbbecf0923,https://nz.linkedin.com/jobs/view/gondola-operator-at-skyline-enterprises-4466980593,Gondola Operator,,scraped,2026-09-21T03:07:06.282085,
4e579164d10cb7d9,https://nz.linkedin.com/jobs/view/senior-service-electrician-at-aotea-group-4468492026,Senior Service Electrician,,scraped,2026-09-21T03:07:16.517044,
bde5dce674f822a0,https://nz.linkedin.com/jobs/view/practice-manager-people-lead-at-bdo-in-new-zealand-4469820669,Practice Manager & People Lead,,scraped,2026-09-21T03:07:41.657796,
19d0e6fc4235f9d4,https://nz.linkedin.com/jobs/view/commercial-planning-supply-chain-analyst%0Anew-at-les-mills-brasil-%F0%9F%87%A7%F0%9F%87%B7-4468488745,"Commercial Planning & Supply Chain Analyst
New",,scraped,2026-09-21T03:09:44.687893,
6398097b42deda77,https://nz.linkedin.com/jobs/view/policy-analyst-ope-takaiapu-at-ministry-of-health-new-zealand-4468471828,Policy Analyst Ope Takaiapu,,scraped,2026-09-21T03:10:53.416273,
e8e9797bd5313f2f,https://nz.linkedin.com/jobs/view/associate-professor-nursing-at-massey-university-te-kunenga-ki-p%C5%ABrehuroa-4469839287,Associate Professor - Nursing,Massey University - Te Kunenga ki Pūrehuroa,posted,2026-09-21T03:11:23.304952,1203
15c48252abd2b72c,https://nz.linkedin.com/jobs/view/account-manager-medical-imaging-nz-at-philips-4429666227,Account Manager - Medical Imaging NZ,,scraped,2026-09-21T03:11:57.934101,
d19afad6caef9cd3,https://nz.linkedin.com/jobs/view/servicenow-consultant-technology-consulting-at-ey-4437662268,ServiceNow Consultant- Technology Consulting,EY,posted,2026-09-21T03:12:48.898524,737
e025e0e217042a0a,https://nz.linkedin.com/jobs/view/manager-customer-relations-at-nz-transport-agency-waka-kotahi-4467138235,Manager Customer Relations,NZ Transport Agency Waka Kotahi,posted,2026-09-21T03:13:01.985113,1205
0362078d2ec8f62a,https://nz.linkedin.com/jobs/view/social-media-coordinator-savor-group-amano-azabu-bivacco-at-savor-group-4469840539,"Social Media Coordinator | Savor Group (Amano, Azabu, Bivacco)",,scraped,2026-09-21T09:34:07.063666,
fd606a7ac8034e45,https://nz.linkedin.com/jobs/view/operator-at-higgins-4467376003,Operator,,scraped,2026-09-21T09:34:21.866832,
d009382615416225,https://nz.linkedin.com/jobs/view/guidewire-developer-at-iag-4469838866,Guidewire Developer,IAG,posted,2026-09-21T09:35:03.783431,1207
71235ee05706e585,https://nz.linkedin.com/jobs/view/account-manager-at-passionfruit-creative-agency-4467360209,Account Manager,Passionfruit Creative Agency,posted,2026-09-21T09:35:10.543332,156
cc0b986122a55724,https://nz.linkedin.com/jobs/view/credit-claims-administrator-at-the-comfort-group-asia-pacific-4467377362,Credit Claims Administrator,,scraped,2026-09-21T09:35:13.154028,
672316d5967523b7,https://nz.linkedin.com/jobs/view/guidewire-developer-at-iag-4469840768,Guidewire Developer,IAG,posted,2026-09-21T09:35:37.362939,1207
4ceaa976d22b0a8d,https://nz.linkedin.com/jobs/view/manawa-bay-dr-martens-assistant-store-manager-at-dr-martens-australia-new-zealand-4469832689,Manawa Bay - Dr Martens Assistant Store Manager,,scraped,2026-09-21T09:35:39.934035,
7dceb558a5db7817,https://nz.linkedin.com/jobs/view/chef-at-atomic-coffee-roasters-4467371159,Chef,Atomic Coffee Roasters,posted,2026-09-21T09:35:54.872998,1209
6402eb5d75d08772,https://nz.linkedin.com/jobs/view/senior-cyber-assurance-advisor-at-westpac-new-zealand-4466629272,Senior Cyber Assurance Advisor,Westpac New Zealand,posted,2026-09-21T09:36:10.291583,1211
24fd12b33743cf4f,https://nz.linkedin.com/jobs/view/ict-risk-and-assurance-manager-at-transpower-new-zealand-4466682126,ICT Risk and Assurance Manager,,scraped,2026-09-21T09:36:12.932603,
dd2334d871d8cf38,https://nz.linkedin.com/jobs/view/product-manager-nz-at-partly-4382248578,"Product Manager, NZ",Partly,posted,2026-09-21T09:36:39.454739,1213
b2aaee4af201a6bc,https://nz.linkedin.com/jobs/view/baker-at-woolworths-group-4469830960,Baker,,scraped,2026-09-21T09:36:42.090552,
962b4dba11449720,https://nz.linkedin.com/jobs/view/senior-product-owner-at-tower-insurance-4468893224,Senior Product Owner,,scraped,2026-09-21T09:36:48.967660,
f8a5c7df3d411c6c,https://nz.linkedin.com/jobs/view/employment-relations-specialist-legal-auckland-wellington-at-kiwirail-4468484874,Employment Relations Specialist - Legal  Auckland | Wellington,,scraped,2026-09-21T09:37:09.687460,
f37b68a089a37e58,https://nz.linkedin.com/jobs/view/bitumen-sprayer-operator-at-higgins-4467358313,Bitumen Sprayer Operator,,scraped,2026-09-21T09:38:33.555554,
f4b7d9af2a2f07b4,https://nz.linkedin.com/jobs/view/technology-team-member-warehouse-stationery-riccarton-at-warehouse-stationery-4469832895,"Technology Team Member - Warehouse Stationery, Riccarton",,scraped,2026-09-21T09:39:10.329713,
0d0e2ce0b8112bd9,https://nz.linkedin.com/jobs/view/android-developer-at-synechron-4467352675,Android Developer,Synechron,posted,2026-09-21T09:39:56.526682,1215
6c1c2eb5fcd2c6bc,https://nz.linkedin.com/jobs/view/pharmacist-%E2%80%93-waipawa-pharmacy-4469130124,Pharmacist – Waipawa Pharmacy,Pillcart Central Hawkes Bay Limited,posted,2026-09-21T09:40:40.995738,1217
d1639f968b248c1a,https://nz.linkedin.com/jobs/view/structural-team-leader-at-hays-4468493061,Structural Team Leader,,scraped,2026-09-21T09:41:09.643789,
691781b8a660c189,https://nz.linkedin.com/jobs/view/r-d-associate-engineer-at-abb-4469848174,R&D Associate Engineer,,scraped,2026-09-21T09:41:56.945212,
b4990c35579f4c87,https://nz.linkedin.com/jobs/view/major-fill-operations-specialist-at-woolworths-group-4469830974,Major Fill Operations Specialist,,scraped,2026-09-21T09:42:16.069007,
75581f1b5d4cc8bd,https://nz.linkedin.com/jobs/view/general-manager-finance-at-he-herenga-kura-4469832741,General Manager Finance,He Herenga Kura,posted,2026-09-21T09:43:27.911798,1219
8d0662655981edd6,https://nz.linkedin.com/jobs/view/account-executive-sme-growth-at-airwallex-4467378354,"Account Executive, SME & Growth",,scraped,2026-09-21T09:44:08.603508,
0177d6ce98bed820,https://nz.linkedin.com/jobs/view/commercial-planning-supply-chain-analyst-at-les-mills-international-4469833551,Commercial Planning & Supply Chain Analyst,,scraped,2026-09-21T09:44:29.478950,
575ed2bc55d2cb80,https://nz.linkedin.com/jobs/view/regulatory-manager-at-open-country-dairy-ltd-4468703697,Regulatory Manager,Open Country Dairy Ltd,posted,2026-09-21T09:45:04.684828,1221
bdffe9084fa9ac81,https://nz.linkedin.com/jobs/view/ttm-worker-at-higgins-4467367164,TTM Worker,,scraped,2026-09-21T09:45:55.369022,
bbb73514afe6497d,https://nz.linkedin.com/jobs/view/sales-engineer-geared-motor-tauranga-at-motion-asia-pacific-4404988391,Sales Engineer - Geared Motor | Tauranga,,scraped,2026-09-21T09:46:44.574441,
8034e8f3b9900576,https://nz.linkedin.com/jobs/view/senior-associate-private-business-at-pwc-new-zealand-4469836782,Senior Associate - Private Business,,scraped,2026-09-21T09:47:09.249383,
09ca019d461254d2,https://nz.linkedin.com/jobs/view/practice-manager-people-lead-at-bdo-in-new-zealand-4468709025,Practice Manager & People Lead,,scraped,2026-09-21T09:47:18.302959,
79f1318a645846eb,https://nz.linkedin.com/jobs/view/unit-coordinator-serviced-apartment-at-ryman-healthcare-4465941278,Unit Coordinator - Serviced Apartment,,scraped,2026-09-21T09:47:30.554598,
433a6bed00e5ccad,https://nz.linkedin.com/jobs/view/crypto-operations-associate-apac-at-alpaca-4437426519,Crypto Operations Associate - APAC,Alpaca,posted,2026-09-21T09:47:44.928648,1223
9a8bbf29ac4d8b7c,https://nz.linkedin.com/jobs/view/product-purchaser-at-whites-powersports-4469827307,Product Purchaser,,scraped,2026-09-21T09:48:05.649728,
75732ff6bb831e73,https://nz.linkedin.com/jobs/view/senior-manager-subsurface-at-mb-century-ltd-4467351278,Senior Manager - Subsurface,,scraped,2026-09-21T09:48:12.357106,
45b68cd95de31c4c,https://nz.linkedin.com/jobs/view/maintenance-engineer-at-tetra-pak-4469832738,Maintenance Engineer,Tetra Pak,posted,2026-09-21T09:48:30.369578,274
c772871597954683,https://nz.linkedin.com/jobs/view/reception-administration-at-talentlab-recruitment-auckland-4469831207,Reception Administration,Talentlab Recruitment - Auckland,posted,2026-09-21T09:49:29.241511,1225
b4411e4424361a55,https://nz.linkedin.com/jobs/view/lead-and-principal-power-systems-engineer-anz-at-worley-4428671936,Lead and Principal Power Systems Engineer - ANZ,Worley,posted,2026-09-21T09:49:39.518315,1101
989fc71e631a2047,https://nz.linkedin.com/jobs/view/software-firmware-architect-at-vontier-4469845957,Software Firmware Architect,Vontier,posted,2026-09-21T09:50:10.830875,1227
3a0a39cdfcb21bc1,https://nz.linkedin.com/jobs/view/technical-director-structural-engineering-at-mekano-talent-4468473909,Technical Director - Structural Engineering,,scraped,2026-09-21T09:50:13.377453,
572c1d44882b3aa5,https://nz.linkedin.com/jobs/view/project-engineer-at-higgins-4458859500,Project Engineer,,scraped,2026-09-21T09:50:24.799837,
56acd60de56dcd33,https://nz.linkedin.com/jobs/view/unit-coordinator-serviced-apartments-at-candid-jobs-4468714577,Unit Coordinator - Serviced Apartments,,scraped,2026-09-21T09:50:41.186339,
4542c9e576147cab,https://nz.linkedin.com/jobs/view/reach-driver-at-stanley-black-decker-inc-4469852154,Reach Driver,"Stanley Black &amp; Decker, Inc.",posted,2026-09-21T09:51:04.052134,1229
de779f8f31dc5d95,https://nz.linkedin.com/jobs/view/regional-manager-vehicle-compliance-at-nz-transport-agency-waka-kotahi-4467815942,Regional Manager - Vehicle Compliance,,scraped,2026-09-21T09:51:12.623848,
9fd89f9daa0ead7d,https://nz.linkedin.com/jobs/view/client-billing-administrator-12-months-at-apex-group-ltd-4467343820,Client Billing Administrator - 12 Months,,scraped,2026-09-21T09:51:23.376054,
3f3c7df863563987,https://nz.linkedin.com/jobs/view/senior-artificial-intelligence-developer-at-beca-4415314428,Senior Artificial Intelligence Developer,,scraped,2026-09-21T09:51:30.022617,
6fff289852322575,https://nz.linkedin.com/jobs/view/territory-manager-consumables-wellington-based-at-heng-hurst-4469824775,Territory Manager | Consumables - Wellington Based,,scraped,2026-09-21T09:51:37.720198,
6c267e8ace31044f,https://nz.linkedin.com/jobs/view/executive-assistant-to-gm-product-coe-personal-banking-nfr-and-gm-digital-strategy-execution-at-anz-4467962989,"Executive Assistant to GM Product CoE & Personal Banking NFR and GM Digital, Strategy & Execution",,scraped,2026-09-21T09:51:45.931765,
19eb3555377060da,https://nz.linkedin.com/jobs/view/technical-sales-representative-at-akzonobel-4458593145,Technical Sales Representative,,scraped,2026-09-21T09:51:52.527489,
481286c03662103b,https://nz.linkedin.com/jobs/view/workforce-coordinator-at-swissport-4457450781,Workforce Coordinator,,scraped,2026-09-21T16:11:59.550496,
897fce8377815472,https://nz.linkedin.com/jobs/view/payroll-administrator-at-gallagher-4459760720,Payroll Administrator,,scraped,2026-09-21T16:12:27.159516,
66f1af30bd65d139,https://nz.linkedin.com/jobs/view/complex-claims-advisor-at-suncorp-group-4467376790,Complex Claims Advisor,,scraped,2026-09-21T16:13:28.509299,
1d25f87f801dff48,https://nz.linkedin.com/jobs/view/licensing-manager-at-le-cordon-bleu-international-4467182197,Licensing Manager,,scraped,2026-09-21T16:13:57.429773,
64341c1c3f4275ec,https://nz.linkedin.com/jobs/view/construction-senior-associate-at-legalvision-4451110004,Construction Senior Associate,LegalVision,posted,2026-09-21T16:14:20.991085,1231
299b13dee2a25bca,https://nz.linkedin.com/jobs/view/parks-maintenance-officer-at-hamilton-city-council-4467775756,Parks Maintenance Officer,Hamilton City Council,posted,2026-09-21T16:14:55.635440,1233
f5617ac325a3b189,https://nz.linkedin.com/jobs/view/senior-developer-experience-engineer-at-idexx-4414657012,Senior Developer Experience Engineer,IDEXX,posted,2026-09-21T16:15:05.462096,1235
45faca076e5a73fb,https://nz.linkedin.com/jobs/view/head-of-product-at-heropa-4468707791,Head of Product,Heropa,posted,2026-09-21T16:15:28.497405,1237
89e10192c9d7e267,https://nz.linkedin.com/jobs/view/hod-mathematics-at-school-jobs-4469924308,HOD Mathematics,School Jobs,posted,2026-09-21T16:15:56.126879,1239
b595f89a6cb78361,https://nz.linkedin.com/jobs/view/commis-chef-at-star-group-4466863258,Commis Chef,,scraped,2026-09-21T16:15:59.147107,
175e9b9db64b321d,https://nz.linkedin.com/jobs/view/senior-financial-accountant-at-archway-recruitment-4461061733,Senior Financial Accountant,,scraped,2026-09-21T16:16:34.124573,
3ded6269073c85ab,https://nz.linkedin.com/jobs/view/customer-success-account-manager-new-zealand-at-microsoft-4469880455,Customer Success Account Manager - New Zealand,Microsoft,posted,2026-09-21T16:17:05.339578,1241
b900cbc23f29e67c,https://nz.linkedin.com/jobs/view/data-ai-engineer-at-zuru-4469853640,Data & AI Engineer,,scraped,2026-09-21T16:18:00.338191,
dc2215b7e448d482,https://nz.linkedin.com/jobs/view/finance-economics-and-analytics-%E2%80%93-associate-director-at-pwc-new-zealand-4461025870,"Finance, Economics and Analytics – Associate Director",,scraped,2026-09-21T16:18:35.794283,
466ac5ab64dad961,https://nz.linkedin.com/jobs/view/senior-manager-technology-digital-risk-at-kiwibank-4468713275,"Senior Manager, Technology & Digital Risk",Kiwibank,posted,2026-09-21T16:19:39.975181,1243
8585d0b84aced9b8,https://nz.linkedin.com/jobs/view/account-executive-service-cloud-at-salesforce-4469881637,Account Executive - Service Cloud,Salesforce,posted,2026-09-21T16:19:51.418978,1245
83397ebf9172aa8a,https://nz.linkedin.com/jobs/view/trade-customer-service-mitre10-mega-wanaka-at-mitre-10-new-zealand-limited-4467340935,Trade Customer Service - Mitre10 Mega Wanaka,,scraped,2026-09-21T16:20:18.021548,
d5ed8a9c780887d5,https://nz.linkedin.com/jobs/view/team-experience-leader-at-woolworths-group-4469871630,Team Experience Leader,,scraped,2026-09-21T16:20:59.034800,
d3458f43386fa961,https://nz.linkedin.com/jobs/view/general-manager-corporate-services-at-tribe-group-4469840422,General Manager Corporate Services,,scraped,2026-09-21T16:21:14.393550,
28598b5d45538bb7,https://nz.linkedin.com/jobs/view/four-square-store-lead-at-foodstuffs-north-island-limited-4457441502,Four Square Store Lead,,scraped,2026-09-21T16:21:23.322442,
cc2d8743318e7f3e,https://nz.linkedin.com/jobs/view/customer-service-representative-bnt-cromwell-at-bapcor-limited-4469831909,Customer Service Representative - BNT Cromwell,,scraped,2026-09-21T16:21:34.161847,
2b0195bd9196959f,https://nz.linkedin.com/jobs/view/payments-and-settlements-officer-at-xe-com-4469874943,Payments and Settlements Officer,,scraped,2026-09-21T16:21:59.186353,
ec0b1c67230d7f45,https://nz.linkedin.com/jobs/view/digital-solutions-developer-at-department-of-corrections-nz-4468709147,Digital Solutions Developer,Department of Corrections NZ,posted,2026-09-21T16:22:38.447996,1247
bac6470c4897229d,https://nz.linkedin.com/jobs/view/architectural-graduate-at-archway-recruitment-4461023973,Architectural Graduate,,scraped,2026-09-21T16:22:49.374881,
e29e6346f3d1db7f,https://nz.linkedin.com/jobs/view/banking-consultant-at-anz-4469866277,Banking Consultant,,scraped,2026-09-21T16:23:27.031665,
690389ae4f475dc3,https://nz.linkedin.com/jobs/view/advisor-communications-and-engagement-at-climate-change-commission-4468700152,"Advisor, Communications and Engagement",,scraped,2026-09-21T16:24:20.004119,
57a534132753a484,https://nz.linkedin.com/jobs/view/senior-environmental-officer-at-napier-city-council-4468783010,Senior Environmental Officer,,scraped,2026-09-21T16:24:35.828816,
7cb66caba2243fff,https://nz.linkedin.com/jobs/view/business-accountant-at-ministry-for-primary-industries-mpi-4468473977,Business Accountant,,scraped,2026-09-21T16:24:52.976020,
b74923b140cdc6e8,https://nz.linkedin.com/jobs/view/accounting-graduate-programme-feb-2027-at-baker-tilly-staples-rodway-4442549994,Accounting Graduate Programme (Feb 2027),,scraped,2026-09-21T16:25:06.720075,
5bd6415ee2d845f9,https://nz.linkedin.com/jobs/view/assistant-accountant-at-archway-recruitment-4461039071,Assistant Accountant,,scraped,2026-09-21T16:25:34.312924,
6596311ef7ddb66a,https://nz.linkedin.com/jobs/view/digital-data-transformation-senior-analyst-at-pwc-new-zealand-4442572680,Digital & Data Transformation - Senior Analyst,,scraped,2026-09-21T16:26:40.213555,
11d1cfc30c60aa34,https://nz.linkedin.com/jobs/view/senior-market-access-counsellor-at-ministry-for-primary-industries-mpi-4468708647,Senior Market Access Counsellor,,scraped,2026-09-21T16:26:59.410980,
7ef3505011e1b6ec,https://nz.linkedin.com/jobs/view/renewable-energy-analyst-graduate-at-renewable-careers-4469923052,Renewable Energy Analyst (Graduate),,scraped,2026-09-21T16:27:51.373200,
bcf731eda0663b11,https://nz.linkedin.com/jobs/view/conveyance-solutions-technician-at-motion-asia-pacific-4372217769,Conveyance Solutions Technician,,scraped,2026-09-21T16:28:49.891634,
d46894b6b3b73882,https://nz.linkedin.com/jobs/view/judges-clerk-at-ministry-of-justice-new-zealand-4469864293,Judges Clerk,,scraped,2026-09-21T16:29:03.065906,
f3994886fb8b53e2,https://nz.linkedin.com/jobs/view/technical-product-lead-at-ministry-of-justice-new-zealand-4469856575,Technical Product Lead,,scraped,2026-09-21T16:29:32.173402,
1a3fd1604bbf4582,https://nz.linkedin.com/jobs/view/business-development-executive-at-eims-4457228131,Business Development Executive,,scraped,2026-09-21T21:40:00.192019,
380ba7c2e2df1fa5,https://nz.linkedin.com/jobs/view/site-reliability-engineer-at-future-secure-ai-4451375691,Site Reliability Engineer,Future Secure AI,posted,2026-09-21T21:40:30.724820,1249
3c8183f02d271252,https://nz.linkedin.com/jobs/view/client-director-at-hunter-campbell-4468715883,Client Director,,scraped,2026-09-21T21:40:45.348652,
b2b8ec525222a378,https://nz.linkedin.com/jobs/view/solution-engineer-pre-sales-at-zip-4423513531,Solution Engineer (Pre-Sales),Zip,posted,2026-09-21T21:41:18.130180,1251
171be4b2cb46982b,https://nz.linkedin.com/jobs/view/senior-cyber-assurance-advisor-at-westpac-new-zealand-4466625298,Senior Cyber Assurance Advisor,Westpac New Zealand,posted,2026-09-21T21:42:12.687434,1211
d996908a7d03b850,https://nz.linkedin.com/jobs/view/android-developer-at-synechron-4467339953,Android Developer,Synechron,posted,2026-09-21T21:42:53.894796,1215
bf51813d7961eb0a,https://nz.linkedin.com/jobs/view/foreperson-chipseal-at-higgins-4467364217,Foreperson - Chipseal,,scraped,2026-09-21T21:44:10.600851,
7443f925a815d56f,https://nz.linkedin.com/jobs/view/senior-technical-seo-manager-at-xero-4467608462,Senior Technical SEO Manager,,scraped,2026-09-21T21:44:39.880228,
120625d1ec0c8c26,https://nz.linkedin.com/jobs/view/senior-technical-seo-manager-at-xero-4467615310,Senior Technical SEO Manager,,scraped,2026-09-21T21:44:54.597948,
5227b5cc7fa88814,https://nz.linkedin.com/jobs/view/business-development-manager-drive-growth-in-christchurch-nz-at-thryv-australia-new-zealand-4467651148,Business Development Manager | Drive Growth in Christchurch NZ,Thryv Australia & New Zealand,posted,2026-09-21T21:45:15.382554,1054
b698e0900ce49b72,https://nz.linkedin.com/jobs/view/inbound-sales-representative-sme-growth-at-airwallex-4467380344,"Inbound Sales Representative, SME & Growth",,scraped,2026-09-21T21:45:28.043062,
53748af71355fb30,https://nz.linkedin.com/jobs/view/finance-manager-at-hunter-campbell-4436071418,Finance Manager,,scraped,2026-09-21T21:45:43.800936,
04461aa6fa568117,https://nz.linkedin.com/jobs/view/maintenance-engineer-leader-at-essity-4411194428,Maintenance Engineer Leader,,scraped,2026-09-21T21:46:15.009186,
e5e567a4e39abf47,https://nz.linkedin.com/jobs/view/head-of-marketing-at-gallagher-4468481659,Head of Marketing,,scraped,2026-09-21T21:46:35.024803,
fa9bcd7ac378f076,https://nz.linkedin.com/jobs/view/solutions-consultant-2-at-palo-alto-networks-4356113475,Solutions Consultant 2,Palo Alto Networks,posted,2026-09-21T21:46:52.890829,1253
fa22aa3e9ee99c14,https://nz.linkedin.com/jobs/view/trade-operations-supervisor-mitre10-mega-wanaka-at-mitre-10-new-zealand-limited-4469910777,Trade Operations Supervisor - Mitre10 Mega Wanaka,,scraped,2026-09-21T21:48:51.477962,
6c1b57655718d33d,https://nz.linkedin.com/jobs/view/programmatic-specialist-at-3rdeye-recruitment-and-talent-management-agency-4468703228,Programmatic Specialist,,scraped,2026-09-21T21:49:16.156637,
543fcc8a446859d9,https://nz.linkedin.com/jobs/view/consultant-senior-consultant-%E2%80%93-controls-assurance-at-deloitte-4441470330,Consultant/ Senior Consultant – Controls Assurance,Deloitte,posted,2026-09-21T21:50:34.462707,1255
be18628b825a2786,https://nz.linkedin.com/jobs/view/warehouse-customer-service-at-persol-4469934343,Warehouse /Customer Service,,scraped,2026-09-21T21:51:09.040541,
a654a6bbc25327d7,https://nz.linkedin.com/jobs/view/senior-consultant-tax-advisory-international-tax-transactions-services-at-ey-4449522684,"Senior Consultant | Tax Advisory, International Tax & Transactions Services",EY,posted,2026-09-21T21:53:01.242372,1257
71990c10c4ec58b9,https://nz.linkedin.com/jobs/view/hydraulic-modeller-at-mott-macdonald-4404542215,Hydraulic Modeller,Mott MacDonald,posted,2026-09-21T21:54:07.782892,1258
fbb15f187d827b4d,https://nz.linkedin.com/jobs/view/territory-sales-manager-at-coca-cola-europacific-partners-4469869939,Territory Sales Manager,Coca-Cola Europacific Partners,posted,2026-09-21T21:54:19.502664,1260
d31c84eb9075204b,https://nz.linkedin.com/jobs/view/internal-sales-manager-christchurch-at-davin-industries-limited-4469956377,Internal Sales Manager Christchurch,DAVIN INDUSTRIES LIMITED,posted,2026-09-21T21:54:41.333069,1262
ad35a19d9b3dbbda,https://nz.linkedin.com/jobs/view/primary-electrical-engineer-i-energy-at-aecom-4468715297,Primary Electrical Engineer I Energy,AECOM,posted,2026-09-21T21:55:13.841689,1264
cbd0bf31b0bb1b5f,https://nz.linkedin.com/jobs/view/stress-testing-icaap-manager-at-anz-4469868243,Stress Testing & ICAAP Manager,,scraped,2026-09-21T21:55:24.696508,
b54a4458ec823f99,https://nz.linkedin.com/jobs/view/full-time-online-geography-teachers-aotearoa-infinite-academy-at-crimson-global-academy-4469879194,Full-time Online Geography Teachers - Aotearoa Infinite Academy,Crimson Global Academy,posted,2026-09-21T21:56:08.395189,1266
7d67d272d8be380f,https://nz.linkedin.com/jobs/view/junior-failure-analysis-engineer-at-halter-4423906314,Junior Failure Analysis Engineer,,scraped,2026-09-21T21:56:29.022758,
8599fbe23a6a41b1,https://nz.linkedin.com/jobs/view/software-engineer-at-the-good-source-4469967409,Software Engineer,,scraped,2026-09-22T00:33:21.788990,
a678ffc37f97ca5b,https://nz.linkedin.com/jobs/view/chief-financial-officer-at-lead-executive-search-impactful-leadership-4468170667,Chief Financial Officer,LEAD  |  Executive Search & Impactful Leadership,posted,2026-09-22T00:33:41.640021,232
10e9c8847d0c1163,https://nz.linkedin.com/jobs/view/chef-de-partie-at-star-group-4466515113,Chef de Partie,,scraped,2026-09-22T00:33:52.247276,
8398d621b0db4667,https://nz.linkedin.com/jobs/view/guidewire-developer-at-iag-4469842678,Guidewire Developer,IAG,posted,2026-09-22T00:34:44.425624,1207
4b220dd7b0788d04,https://nz.linkedin.com/jobs/view/principal-senior-economist-at-branz-4470206458,Principal / Senior Economist,,scraped,2026-09-22T00:35:33.040561,
72e5aaa3ad8d588b,https://nz.linkedin.com/jobs/view/intermediate-mobile-developer-at-genesis-4469985717,Intermediate Mobile Developer,Genesis,posted,2026-09-22T00:36:44.966984,1268
b293a0aca8533585,https://nz.linkedin.com/jobs/view/software-engineering-manager-at-halter-4408385365,Software Engineering Manager,,scraped,2026-09-22T00:36:53.604968,
003d39eb91a0d80a,https://nz.linkedin.com/jobs/view/talent-acquisition-specialist-at-ingram-micro-4438462824,Talent Acquisition Specialist,Ingram Micro,posted,2026-09-22T00:37:06.683655,1270
c18dddf16fbaca9c,https://nz.linkedin.com/jobs/view/merchandise-operations-specialist-at-woolworths-group-4468170999,Merchandise Operations Specialist,,scraped,2026-09-22T00:37:57.301973,
215e5a3c9af2f0f1,https://nz.linkedin.com/jobs/view/senior-cybersecurity-consultant-penetration-tester-at-datacom-4470218501,Senior Cybersecurity Consultant - Penetration Tester,Datacom,posted,2026-09-22T00:38:22.579429,1272
11b813ca71f7b246,https://nz.linkedin.com/jobs/view/senior-cybersecurity-consultant-penetration-tester-at-datacom-4470220436,Senior Cybersecurity Consultant - Penetration Tester,Datacom,posted,2026-09-22T00:38:30.521501,1272
87848e4b35af6c7a,https://nz.linkedin.com/jobs/view/cake-baker-at-candid-jobs-4468494974,Cake Baker,,scraped,2026-09-22T00:38:33.062315,
6d2395b12364df19,https://nz.linkedin.com/jobs/view/baker-s-assistant-at-ferg-group-4468496745,BAKER'S ASSISTANT,,scraped,2026-09-22T00:38:39.711747,
bf33c49b5276faf6,https://nz.linkedin.com/jobs/view/kmart-westgate-nz-department-manager-at-kmart-australia-limited-4467351302,Kmart Westgate NZ - Department Manager,Kmart Australia Limited,posted,2026-09-22T00:39:27.399671,1274
bc350a8d7aea932c,https://nz.linkedin.com/jobs/view/staff-site-reliability-expert-at-lightspeed-commerce-4467373514,Staff Site Reliability Expert,,scraped,2026-09-22T00:39:29.964874,
c0bc3c7e7f5d1ec7,https://nz.linkedin.com/jobs/view/chef-at-hw-richardson-group-4469885576,Chef,,scraped,2026-09-22T00:40:18.125147,
b730589076cee6c0,https://nz.linkedin.com/jobs/view/software-engineer-at-agentic-intelligence-4470213613,Software Engineer,,scraped,2026-09-22T00:40:46.813842,
cca0a572c1590981,https://nz.linkedin.com/jobs/view/planner-scheduler-infrastructure-at-turner-townsend-4459765155,Planner/Scheduler (Infrastructure),,scraped,2026-09-22T00:41:43.114653,
15a86777025937e4,https://nz.linkedin.com/jobs/view/intermediate-senior-accountant-at-bdo-christchurch-4469983670,Intermediate/Senior Accountant,,scraped,2026-09-22T00:41:51.828851,
e08b9dff771e97b7,https://nz.linkedin.com/jobs/view/deputy-director-office-of-the-chief-district-court-judge-at-ministry-of-justice-new-zealand-4469828335,"Deputy Director, Office of the Chief District Court Judge",,scraped,2026-09-22T00:42:06.042970,
34c107407fe4fe6d,https://nz.linkedin.com/jobs/view/lead-product-manager-ai-enablement-at-xero-4459772158,Lead Product Manager - AI Enablement,,scraped,2026-09-22T00:42:18.850590,
f8a5a6a388ffb9d9,https://nz.linkedin.com/jobs/view/senior-director-external-relations-at-halter-4469974646,"Senior Director, External Relations",,scraped,2026-09-22T00:42:31.337678,
1d5894a634807145,https://nz.linkedin.com/jobs/view/manager-governance-at-tiaki-wai-4469842352,Manager Governance,Tiaki Wai,posted,2026-09-22T00:43:02.516106,1276
cd90a4309a9108c3,https://nz.linkedin.com/jobs/view/trade-quality-advisor-at-bgis-4469987798,Trade Quality Advisor,,scraped,2026-09-22T00:43:33.079993,
07f66381157a209e,https://nz.linkedin.com/jobs/view/project-coordinator-at-ministry-of-justice-new-zealand-4469868196,Project Coordinator,,scraped,2026-09-22T00:44:03.072042,
356cbc7f0af236ee,https://nz.linkedin.com/jobs/view/delivery-driver-napa-tauranga-at-napa-australia-4461048495,Delivery Driver | NAPA Tauranga,,scraped,2026-09-22T00:44:11.983110,
45658a9701172d54,https://nz.linkedin.com/jobs/view/c%2B%2B-developer-with-yocto-at-vontier-4468144827,C++ Developer with Yocto,Vontier,posted,2026-09-22T00:44:25.715668,1278
bda3af8561df8d3d,https://nz.linkedin.com/jobs/view/marketing-manager-at-fine-tours-group-4468493350,Marketing Manager,,scraped,2026-09-22T00:44:38.284408,
971b4539136e7ec2,https://nz.linkedin.com/jobs/view/home-loan-specialist-at-bank-of-new-zealand-4468185380,Home Loan Specialist,,scraped,2026-09-22T00:44:59.593413,
d1112ccabb398ef1,https://nz.linkedin.com/jobs/view/p%C5%ABkenga-lecturer-botany-at-university-of-otago-4461053497,Pūkenga | Lecturer - Botany,University of Otago,posted,2026-09-22T00:46:25.029385,1280
ffe9315c83ac437a,https://nz.linkedin.com/jobs/view/fulfillment-quality-analyst-at-thryv-australia-new-zealand-4467641395,Fulfillment Quality Analyst,Thryv Australia & New Zealand,posted,2026-09-22T00:47:30.667218,218
7ec5e02e21fadb4f,https://nz.linkedin.com/jobs/view/change-practice-lead-digital-at-momentum-consulting-group-4469979596,Change Practice Lead - Digital,,scraped,2026-09-22T00:48:01.272827,
a4a56d72e119553a,https://nz.linkedin.com/jobs/view/contracts-administrator-at-downer-4470201075,Contracts Administrator,,scraped,2026-09-22T00:48:14.072061,
4eed2754e5983cf1,https://nz.linkedin.com/jobs/view/cyclic-patrol-person-mokau-at-downer-4469992664,Cyclic Patrol Person - Mokau,,scraped,2026-09-22T00:48:31.095631,
5fec2ade42faa9cd,https://nz.linkedin.com/jobs/view/judges-clerk-at-public-defence-service-new-zealand-4467360255,Judges Clerk,,scraped,2026-09-22T00:48:40.044572,
a24acda9e9e253fd,https://nz.linkedin.com/jobs/view/integration-lead-at-passionfruit-creative-agency-4467350920,Integration Lead,Passionfruit Creative Agency,posted,2026-09-22T00:48:56.675671,1282
a16b2f531ea3b67d,https://nz.linkedin.com/jobs/view/lead-business-analyst-at-momentum-consulting-group-4469994196,Lead Business Analyst,,scraped,2026-09-22T00:49:05.308274,
6b18b6f80a451a08,https://nz.linkedin.com/jobs/view/general-hand-at-sims-metal-4469859212,General Hand,Sims Metal,posted,2026-09-22T00:49:22.447103,1284
ed63bd8f26992f62,https://nz.linkedin.com/jobs/view/project-director-capital-projects-at-fonterra-4469840464,Project Director - Capital Projects,,scraped,2026-09-22T00:49:27.103205,
a45ef3fcab9546bd,https://nz.linkedin.com/jobs/view/technology-portfolio-manager-at-momentum-consulting-group-4469981587,Technology Portfolio Manager,,scraped,2026-09-22T00:50:49.817387,
ceba03974a271d1d,https://nz.linkedin.com/jobs/view/tax-legal-services-private-business-expressions-of-interest-senior-associate-to-director-at-pwc-new-zealand-4468898813,Tax & Legal Services (Private Business) | Expressions of Interest | Senior Associate to Director,PwC New Zealand,posted,2026-09-22T00:51:13.976093,1286
b43b3c2c25b1c1a3,https://nz.linkedin.com/jobs/view/painter-at-programmed-4468503070,Painter,,scraped,2026-09-22T07:14:24.298459,
c8ce823b7b78f7bf,https://nz.linkedin.com/jobs/view/painter-at-programmed-4468196665,Painter,,scraped,2026-09-22T07:14:35.171302,
712101666e11c910,https://nz.linkedin.com/jobs/view/technical-product-manager-at-idexx-4468502856,Technical Product Manager,IDEXX,posted,2026-09-22T07:15:09.540611,1288
95631c139a8220ce,https://nz.linkedin.com/jobs/view/electrical-connections-estimator-at-hays-4470234873,Electrical Connections Estimator,,scraped,2026-09-22T07:15:12.208453,
980db3b7e93da4ea,https://nz.linkedin.com/jobs/view/class-4-driver-timaru-at-hw-richardson-group-4470210883,Class 4 Driver Timaru,,scraped,2026-09-22T07:16:19.184359,
2007f2704bbc3273,https://nz.linkedin.com/jobs/view/graduate-tech-business-development-opportunity-at-eims-4457272101,Graduate Tech Business Development opportunity,,scraped,2026-09-22T07:16:27.853558,
56b7bfb947fc4274,https://nz.linkedin.com/jobs/view/staff-backend-engineer-%E2%80%93-network-team-at-halter-4470238575,Staff Backend Engineer – Network Team,,scraped,2026-09-22T07:16:40.159125,
a72d684e0416fbec,https://nz.linkedin.com/jobs/view/internal-sales-wiri-at-motion-asia-pacific-4461106854,Internal Sales | Wiri,,scraped,2026-09-22T07:17:20.631831,
f709354933736baa,https://nz.linkedin.com/jobs/view/ugg-store-manager-manawa-bay-at-ugg-australia-new-zealand-4468518426,UGG Store Manager | Manawa Bay,,scraped,2026-09-22T07:17:43.476910,
686800a1bbee099e,https://nz.linkedin.com/jobs/view/senior-cybersecurity-consultant-penetration-tester-at-datacom-4470217486,Senior Cybersecurity Consultant - Penetration Tester,Datacom,posted,2026-09-22T07:18:12.607786,1272
3aa3f8d2ea009b1a,https://nz.linkedin.com/jobs/view/senior-cybersecurity-consultant-penetration-tester-at-datacom-4470220440,Senior Cybersecurity Consultant - Penetration Tester,Datacom,posted,2026-09-22T07:18:22.817793,1272
3e3932145f5ad5da,https://nz.linkedin.com/jobs/view/modern-workplace-engineer-at-hays-4469816760,Modern Workplace Engineer,,scraped,2026-09-22T07:18:39.587044,
158418c7ccab0a15,https://nz.linkedin.com/jobs/view/senior-cybersecurity-consultant-application-security-appsec-at-datacom-4468521797,Senior Cybersecurity Consultant - Application Security (AppSec),Datacom,posted,2026-09-22T07:18:58.271503,1290
ddac76dcb1b1413e,https://nz.linkedin.com/jobs/view/director-capital-insights-solutions-at-anz-4468610037,"Director, Capital Insights & Solutions",,scraped,2026-09-22T07:19:00.975091,
98c8ddc3546d234b,https://nz.linkedin.com/jobs/view/executive-assistant-at-tribe-group-4459639275,Executive Assistant,,scraped,2026-09-22T07:19:07.552253,
0e2f6aa269af37b3,https://nz.linkedin.com/jobs/view/manager-global-sales-operations-at-seequent-4470245435,"Manager, Global Sales Operations",,scraped,2026-09-22T07:19:20.143269,
3bfc663ddcf4afbc,https://nz.linkedin.com/jobs/view/p%C5%ABkenga-p%C5%ABkenga-matua-lecturer-senior-lecturer-in-architecture-at-victoria-university-of-wellington-4470260065,Pūkenga/Pūkenga Matua | Lecturer/Senior Lecturer in Architecture,Victoria University of Wellington,posted,2026-09-22T07:19:36.175459,1292
aa9be8addef82d85,https://nz.linkedin.com/jobs/view/hype-dc-assistant-store-manager-sylvia-park-at-hype-dc-pty-limited-4468514586,Hype DC Assistant Store Manager - Sylvia Park,HYPE DC Pty Limited,posted,2026-09-22T07:19:49.771389,1294
c3a4671ca9fd919a,https://nz.linkedin.com/jobs/view/senior-cybersecurity-consultant-application-security-appsec-at-datacom-4468533231,Senior Cybersecurity Consultant - Application Security (AppSec),Datacom,posted,2026-09-22T07:19:59.804387,1290
b86559a876886183,https://nz.linkedin.com/jobs/view/programme-manager-at-smiths-detection-4468718001,Programme Manager,,scraped,2026-09-22T07:20:02.604837,
f14fe8d73792e6d8,https://nz.linkedin.com/jobs/view/manager-technology-engineering-and-architecture-at-talent-4468505924,Manager Technology Engineering and Architecture,Talent,posted,2026-09-22T07:20:25.333158,1296
c49d64fc2ea959b1,https://nz.linkedin.com/jobs/view/project-planner-m-f-at-heb-construction-4469845943,Project Planner M/F,,scraped,2026-09-22T07:20:38.180992,
c1cc2fde0b42330e,https://nz.linkedin.com/jobs/view/maintenance-planner-engineering-stores-at-silver-fern-farms-ltd-4469831426,Maintenance Planner / Engineering Stores,,scraped,2026-09-22T07:20:45.389375,
c596fea18ceedb1d,https://nz.linkedin.com/jobs/view/trade-counter-assistant-queenstown-at-reece-group-4468539131,Trade Counter Assistant - Queenstown,,scraped,2026-09-22T07:20:56.794536,
8db00790cb3cd477,https://nz.linkedin.com/jobs/view/pastry-chef-at-hilton-4450310106,Pastry Chef,Hilton,posted,2026-09-22T07:21:15.347376,1298
dc32d894e7027df3,https://nz.linkedin.com/jobs/view/engineered-for-impact-at-motion-asia-pacific-4460799815,ENGINEERED FOR IMPACT,,scraped,2026-09-22T07:21:33.967686,
55e73cfdea206b54,https://nz.linkedin.com/jobs/view/assistant-valuer-wellington-at-cbre-asia-pacific-4468538092,Assistant Valuer - Wellington,,scraped,2026-09-22T07:21:44.743298,
996126cdd4cc5efa,https://nz.linkedin.com/jobs/view/manager-business-intelligence-at-acc-new-zealand-4470234527,"Manager, Business Intelligence",,scraped,2026-09-22T07:22:01.027869,
494921bdfb3f948f,https://nz.linkedin.com/jobs/view/people-culture-business-partner-at-beca-4470245872,People & Culture Business Partner,,scraped,2026-09-22T07:22:10.935754,
c7748eb4a2b876c1,https://nz.linkedin.com/jobs/view/strategy-and-operations-specialist-at-bolt-4468717027,Strategy and Operations Specialist,,scraped,2026-09-22T07:22:18.766062,
b9c4de360a4ab1f7,https://nz.linkedin.com/jobs/view/customer-service-representative-otago-region-at-bapcor-limited-4468522191,Customer Service Representative - Otago Region,,scraped,2026-09-22T07:23:19.596120,
6dbca2a2d2f826bf,https://nz.linkedin.com/jobs/view/line-mechanic-wellington-at-downer-4470207827,Line Mechanic - Wellington,,scraped,2026-09-22T07:24:00.530304,
e766331217d3500d,https://nz.linkedin.com/jobs/view/instrument-electrical-designer-at-five-d-limited-4470234890,Instrument & Electrical Designer,,scraped,2026-09-22T07:24:33.741305,
4bfd9d2bfb15ac7c,https://nz.linkedin.com/jobs/view/senior-software-engineer-angular-at-vista-4468177269,Senior Software Engineer (Angular),,scraped,2026-09-22T07:24:44.698506,
85cea6af937c5ae1,https://nz.linkedin.com/jobs/view/financial-accountant-at-iplex-nz-4470224974,Financial Accountant,,scraped,2026-09-22T07:24:53.309478,
8efa3a3e5380458d,https://nz.linkedin.com/jobs/view/lead-engineers-product-engineering-at-halter-4408656276,Lead Engineers - Product & Engineering,,scraped,2026-09-22T07:25:03.284464,
ce43f989573e70e6,https://nz.linkedin.com/jobs/view/customer-success-advocate-at-corpay-4470247757,Customer Success Advocate,Corpay,posted,2026-09-22T07:25:19.137067,1300
ff896fddb55b8ff1,https://nz.linkedin.com/jobs/view/senior-risk-analyst-credit-risk-acquisition-at-anz-4468517253,"Senior Risk Analyst, Credit Risk Acquisition",,scraped,2026-09-22T07:25:59.742143,
15f2bb4af100472d,https://nz.linkedin.com/jobs/view/ecommerce-coordinator-at-bendon-group-4468197980,Ecommerce Coordinator,,scraped,2026-09-22T07:26:06.341500,
ff7c2c65a57363cd,https://nz.linkedin.com/jobs/view/people-systems-team-lead-at-foodstuffs-north-island-limited-4468778986,People Systems Team Lead,,scraped,2026-09-22T07:26:23.203347,
90371f47618ab25e,https://nz.linkedin.com/jobs/view/senior-accountant-at-the-andersen-partnership-4469998164,Senior Accountant,,scraped,2026-09-22T07:26:30.086518,
4f3f4c64201d29d0,https://nz.linkedin.com/jobs/view/mower-operator-at-green-by-nature-4468521480,Mower Operator,Green by Nature,posted,2026-09-22T07:26:41.637535,98
178d1d4cc69d2d8d,https://nz.linkedin.com/jobs/view/enteprise-solutions-specialist-at-wesco-anixter-nz-4469955817,Enteprise Solutions Specialist,,scraped,2026-09-22T07:26:44.303975,
b681160cfca48f32,https://nz.linkedin.com/jobs/view/lead-and-principal-power-systems-engineer-anz-at-worley-4428681806,Lead and Principal Power Systems Engineer - ANZ,Worley,posted,2026-09-22T07:27:19.453783,1101
5db4e888faa92d96,https://nz.linkedin.com/jobs/view/territory-manager-auckland-north-south-at-karl-storz-4468198840,Territory Manager Auckland (North / South),,scraped,2026-09-22T07:27:36.267463,
c881d4fbafa35084,https://nz.linkedin.com/jobs/view/more-fm-promotions-events-integration-manager-at-passionfruit-creative-agency-4470266676,"More FM Promotions, Events & Integration Manager",Passionfruit Creative Agency,posted,2026-09-22T07:28:31.588215,1302
1a62f087f7c99c10,https://nz.linkedin.com/jobs/view/senior-consultant-tax-advisory-international-tax-transactions-services-at-ey-4449520812,"Senior Consultant | Tax Advisory, International Tax & Transactions Services",EY,posted,2026-09-22T07:28:50.390757,1257
260e80ec1bafb929,https://nz.linkedin.com/jobs/view/legal-services-lead-at-tiaki-wai-4468516522,Legal Services Lead,Tiaki Wai,posted,2026-09-22T07:29:24.770235,1304
5b0b8fd020a4340c,https://nz.linkedin.com/jobs/view/business-development-sales-executive-at-specsavers-4470266868,Business Development & Sales Executive,,scraped,2026-09-22T07:29:33.530157,
d78c9fbe9ec32645,https://nz.linkedin.com/jobs/view/lead-physiotherapist-at-habit-health-4470245085,Lead Physiotherapist,,scraped,2026-09-22T07:29:46.373100,
16273f1c7d28ad02,https://nz.linkedin.com/jobs/view/full-time-online-physics-teachers-aotearoa-infinite-academy-at-crimson-global-academy-4470247731,Full-time Online Physics Teachers - Aotearoa Infinite Academy,Crimson Global Academy,posted,2026-09-22T07:30:18.612961,1306
b64cb62f90660851,https://nz.linkedin.com/jobs/view/mathematics-teacher-at-school-jobs-4469985275,Mathematics teacher,School Jobs,posted,2026-09-22T07:30:37.605539,1308
99560cc6b0e99b28,https://nz.linkedin.com/jobs/view/audience-and-channels-manager-at-crusaders-4469509392,Audience and Channels Manager,,scraped,2026-09-22T07:31:24.314928,
856d5ca0d5e70b54,https://nz.linkedin.com/jobs/view/style-advisor-at-zegna-4468509094,Style Advisor,,scraped,2026-09-22T07:31:43.854145,
a3efd5c6b5b96100,https://nz.linkedin.com/jobs/view/software-engineer-at-hexaware-technologies-4468572316,Software Engineer,Hexaware Technologies,posted,2026-09-22T13:03:44.721349,1310
57c7d9ad417f8c80,https://nz.linkedin.com/jobs/view/site-reliability-engineer-at-future-secure-ai-4451382447,Site Reliability Engineer,Future Secure AI,posted,2026-09-22T13:03:57.395254,1249
4b0e86c828c1fccf,https://nz.linkedin.com/jobs/view/staff-backend-engineer-%E2%80%93-communication-team-at-halter-4470247229,Staff Backend Engineer – Communication Team,,scraped,2026-09-22T13:04:24.358261,
2a70f3ad7e9e853f,https://nz.linkedin.com/jobs/view/centralised-payroll-specialist-at-foodstuffs-north-island-limited-4468471986,Centralised Payroll Specialist,,scraped,2026-09-22T13:04:32.791013,
1023cdf0436c1847,https://nz.linkedin.com/jobs/view/product-marketing-manager-at-tra-4460096800,Product Marketing Manager,,scraped,2026-09-22T13:04:39.611392,
490a730ab9241f78,https://nz.linkedin.com/jobs/view/major-account-manager-at-palo-alto-networks-4438486755,Major Account Manager,Palo Alto Networks,posted,2026-09-22T13:04:58.542151,683
3589209b976162d3,https://nz.linkedin.com/jobs/view/senior-dealer-market-sales-at-anz-4469809883,"Senior Dealer, Market Sales",,scraped,2026-09-22T13:05:01.167252,
6bdc6642c8efb06b,https://nz.linkedin.com/jobs/view/assistant-store-manager-at-early-settler-4468716286,Assistant Store Manager,,scraped,2026-09-22T13:05:07.690760,
d6d69e6611238286,https://nz.linkedin.com/jobs/view/cybersecurity-engineer-at-hamilton-city-council-4468485870,Cybersecurity Engineer,Hamilton City Council,posted,2026-09-22T13:05:52.748092,521
c2ecba5e9cf84725,https://nz.linkedin.com/jobs/view/software-developer-at-one-new-zealand-4469849820,Software Developer,,scraped,2026-09-22T13:05:55.470663,
b49f85c8985229fc,https://nz.linkedin.com/jobs/view/baker-at-woolworths-group-4468172988,Baker,,scraped,2026-09-22T13:06:06.053883,
87949c4f9000d77b,https://nz.linkedin.com/jobs/view/qualified-electrician-x2-commercial-role-and-servicing-role-at-smart-sparks-electrical-ltd-4470280276,Qualified Electrician x2 (Commercial Role and Servicing Role),,scraped,2026-09-22T13:06:14.949770,
c957c1bfac7b0bb6,https://nz.linkedin.com/jobs/view/expression-of-interest-at-opteon-aus-nz-4459299841,Expression of Interest,,scraped,2026-09-22T13:06:30.874453,
9c136c8c6d3bb8c0,https://nz.linkedin.com/jobs/view/product-manager-at-first-table-4456457796,Product Manager,,scraped,2026-09-22T13:06:47.774403,
87e7ce42d41da969,https://nz.linkedin.com/jobs/view/shift-electrician-at-kraft-heinz-4468732024,Shift Electrician,Kraft Heinz,posted,2026-09-22T13:07:08.756354,1312
99ba814b68595054,https://nz.linkedin.com/jobs/view/people-systems-data-lead-at-foodstuffs-north-island-limited-4468791313,People Systems Data Lead,,scraped,2026-09-22T13:07:15.459817,
d2e3d9ba4f2e2968,https://nz.linkedin.com/jobs/view/assistant-store-manager-at-mountain-warehouse-4424466326,Assistant Store Manager,,scraped,2026-09-22T13:07:22.380928,
58755dc50d6b2e3d,https://nz.linkedin.com/jobs/view/associate-director-workday-finance-lead-at-kpmg-new-zealand-4470221740,Associate Director - Workday Finance Lead,KPMG New Zealand,posted,2026-09-22T13:07:52.572404,1314
a8e9a449da793f67,https://nz.linkedin.com/jobs/view/assistant-store-manager-chartwell-at-skechers-australia-new-zealand-4468503748,Assistant Store Manager - Chartwell,,scraped,2026-09-22T13:08:07.179271,
0cb748701c861180,https://nz.linkedin.com/jobs/view/senior-cybersecurity-consultant-application-security-appsec-at-datacom-4468537147,Senior Cybersecurity Consultant - Application Security (AppSec),Datacom,posted,2026-09-22T13:08:49.643586,1290
dd8d651b10ab5c91,https://ca.linkedin.com/jobs/view/tool-tech-full-time-nepean-at-the-home-depot-canada-4468777632,Tool Tech - Full Time (Nepean),,scraped,2026-09-22T13:08:56.340346,
90bfee661be9a384,https://uk.linkedin.com/jobs/view/female-cleaner-at-third-space-4466914445,Female Cleaner,,scraped,2026-09-22T13:09:03.395317,
40c87e4e8d5e6f52,https://al.linkedin.com/jobs/view/people-director-albania-at-snai-4468390387,People Director Albania,Snai,posted,2026-09-22T13:09:22.802262,1316
76c9ffffba58e1b6,https://fj.linkedin.com/jobs/view/merchandiser-4468451349,Merchandiser,Rb Patel,posted,2026-09-22T13:09:30.456605,1318
536969a8a9e9deed,https://ci.linkedin.com/jobs/view/country-hr-manager-at-sgs-4467384717,Country HR Manager,,scraped,2026-09-22T13:09:33.169793,
c9045f809a8079d6,https://ca.linkedin.com/jobs/view/kitchen-helper-at-wayback-burgers-4469539679,Kitchen helper,Wayback Burgers,posted,2026-09-22T13:09:47.307578,1320
88838a823f32c300,https://ca.linkedin.com/jobs/view/prepared-foods-dishwasher-full-time-at-whole-foods-market-4470204826,Prepared Foods Dishwasher - Full Time,Whole Foods Market,posted,2026-09-22T13:09:56.630609,1322
36bcb3c394047ddb,https://ca.linkedin.com/jobs/view/baker-130th-avenue-at-cobs-bread-4468517007,Baker - 130th Avenue,,scraped,2026-09-22T13:09:59.283219,
b83e1caaa49aaf24,https://ca.linkedin.com/jobs/view/baker-kensington-at-cobs-bread-4468198577,Baker - Kensington,,scraped,2026-09-22T13:10:06.314015,
5db3fe94877dae9c,https://mv.linkedin.com/jobs/view/hotel-cleanliness-expert-at-westin-hotels-resorts-4461727371,Hotel Cleanliness Expert,Westin Hotels &amp; Resorts,posted,2026-09-22T13:10:20.583697,1324
812a3055484abc14,https://ca.linkedin.com/jobs/view/assistant-store-manager-winners-homesense-abbotsford-power-centre-at-tjx-canada-%E2%80%93-winners-marshalls-homesense-4468519828,Assistant Store Manager Winners Homesense Abbotsford Power Centre,,scraped,2026-09-22T13:10:23.419576,
aedc50260d6030cf,https://ca.linkedin.com/jobs/view/cleaner-full-time-at-best-4467777339,Cleaner - Full Time,,scraped,2026-09-22T13:10:31.129438,
4aa1706c0d48607e,https://www.linkedin.com/jobs/view/laundry-worker-at-american-linen-supply-co-4467808271,Laundry Worker,American Linen Supply Co,posted,2026-09-22T13:10:44.192710,1326
0902e043f8df2f28,https://ca.linkedin.com/jobs/view/host-hostess-local-public-eatery-garry-st-at-local-public-eatery-4442173834,"Host / Hostess - LOCAL Public Eatery, Garry St",,scraped,2026-09-22T13:10:46.844974,
6ee8d2846b59c3da,https://www.linkedin.com/jobs/view/estimator-at-speedwell-construction-inc-4465113712,Estimator,"Speedwell Construction, Inc.",posted,2026-09-22T13:11:01.622419,1328
c6ff9e1388828889,https://ca.linkedin.com/jobs/view/guest-environment-expert-full-time-at-marriott-international-4469990458,Guest Environment Expert Full Time,Marriott International,posted,2026-09-22T13:11:10.748049,1330
ebbab0b60934b4dd,https://www.linkedin.com/jobs/view/assistant-manager-07990-1022-broadway-ave-%23b-at-domino-s-4468179741,Assistant Manager(07990) - 1022 Broadway Ave. #B,Domino's,posted,2026-09-22T13:11:20.463209,1332
6f5afa6bd7c0e165,https://ca.linkedin.com/jobs/view/store-manager-at-dollarama-4465952628,Store Manager,,scraped,2026-09-22T13:11:23.148911,
7f83c336a0f46dc4,https://kw.linkedin.com/jobs/view/hotel-cleanliness-expert-at-st-regis-hotels-resorts-4469972814,Hotel Cleanliness Expert,St. Regis Hotels &amp; Resorts,posted,2026-09-22T13:11:32.388082,1324
43b882b5b6bc9eee,https://www.linkedin.com/jobs/view/estimator-at-gpac-4466949452,Estimator,gpac,posted,2026-09-22T13:11:38.924933,1328
0bf64a5bb3700a8a,https://ca.linkedin.com/jobs/view/aide-de-cuisine-at-wayback-burgers-4469550343,Aide de cuisine,Wayback Burgers,posted,2026-09-22T13:11:48.008503,1334
56227aef06ac8680,https://www.linkedin.com/jobs/view/porter-at-south-port-square-4466565478,Porter,South Port Square,posted,2026-09-22T13:11:56.950750,1336
9da148b2a439cf91,https://ca.linkedin.com/jobs/view/assistant-manager-at-jysk-canada-4466569497,Assistant manager,,scraped,2026-09-22T13:11:59.669022,
24107a58eacea1e3,https://ca.linkedin.com/jobs/view/estimator-distribution-at-valard-construction-4468173531,Estimator (Distribution),,scraped,2026-09-22T13:12:06.011040,
b5ab7b82adc27e8f,https://ca.linkedin.com/jobs/view/grocery-clerk-4468432639,Grocery Clerk,Freshco,posted,2026-09-22T13:12:23.896890,1338
2360ef9d05c426b6,https://www.linkedin.com/jobs/view/valet-driver-at-metropolis-technologies-4468297483,Valet Driver,Metropolis Technologies,posted,2026-09-22T13:12:36.269693,1340
1af0b3cc89d23021,https://www.linkedin.com/jobs/view/don-t-see-a-position-that-interests-you%3F-click-here-and-apply-anyway%21-at-supportworks-inc-4440309145,*Don't see a position that interests you? Click here and apply anyway!,"Supportworks, Inc.",posted,2026-09-22T13:12:47.154592,1342
a41f9b1366807956,https://no.linkedin.com/jobs/view/bread-baker-at-mighty-bread-company-4468302592,Bread Baker,Mighty Bread Company,posted,2026-09-22T13:12:57.120090,1344
d559792d9a1b78ca,https://ca.linkedin.com/jobs/view/full-time-keyholder-at-pet-valu-4404204674,Full Time Keyholder,Pet Valu,posted,2026-09-22T13:13:11.273433,1346
880424d05aa5891b,https://www.linkedin.com/jobs/view/general-maintenance-worker-at-sodexo-4468686712,General Maintenance Worker,,scraped,2026-09-22T13:13:13.932035,
ba2abce392ae5797,https://tz.linkedin.com/jobs/view/junior-interior-designer-4468555166,Junior Interior Designer,H&Z Home,posted,2026-09-22T13:13:27.804064,1348
abb1487bdefe40b6,https://ca.linkedin.com/jobs/view/painter-at-toronto-zoo-4469145249,painter,,scraped,2026-09-22T13:13:30.478562,
f0d630dfe74ad7ee,https://gh.linkedin.com/jobs/view/human-resource-officer-at-flowitec-group-ghana-limited-4466270205,Human Resource Officer,,scraped,2026-09-22T13:13:37.024658,
7fae9d28348668f3,https://ae.linkedin.com/jobs/view/hotel-cleanliness-expert-at-jw-marriott-4466879484,Hotel Cleanliness Expert,JW Marriott,posted,2026-09-22T13:13:46.982680,1324
023721bee482aece,https://ca.linkedin.com/jobs/view/overnights-retail-merchandiser-10pm-6am-shift-at-bass-pro-shops-4469111641,OVERNIGHTS - Retail Merchandiser (10pm - 6am shift),Bass Pro Shops,posted,2026-09-22T13:13:55.013048,1350
676f3c972f52c857,https://mt.linkedin.com/jobs/view/reward-specialist-m-f-x-at-tipico-4459134177,Reward Specialist (m/f/x),,scraped,2026-09-22T13:13:57.646764,
499f4fdd34c76019,https://in.linkedin.com/jobs/view/electrician-at-st-regis-hotels-resorts-4433095730,Electrician,St. Regis Hotels &amp; Resorts,posted,2026-09-22T13:14:07.186687,42
029d0022f9ce9216,https://ca.linkedin.com/jobs/view/assistant-store-manager-winners-north-village-barrie-at-tjx-canada-%E2%80%93-winners-marshalls-homesense-4465900598,Assistant Store Manager Winners North Village Barrie,,scraped,2026-09-22T13:14:09.873715,
66c91c64787caeb8,https://ca.linkedin.com/jobs/view/asset-protection-representative-at-loblaw-companies-limited-4469237505,Asset Protection Representative,,scraped,2026-09-22T13:14:17.356901,
a4d105f739f27d3d,https://ca.linkedin.com/jobs/view/retail-store-manager-at-best-buy-canada-4468077108,Retail Store Manager,,scraped,2026-09-22T13:14:23.784072,
586de4da87e1c397,https://ca.linkedin.com/jobs/view/assistant-store-leader-assistant-manager-at-7-eleven-4412556530,Assistant Store Leader (Assistant Manager),7-Eleven,posted,2026-09-22T13:14:37.507887,1352
a40c5c203848c184,https://www.linkedin.com/jobs/view/janitor-full-time-at-esfm%C2%AE-usa-4468266404,JANITOR (FULL TIME),ESFM® USA,posted,2026-09-22T13:14:46.488124,1354
c3bfcd718690e9cb,https://www.linkedin.com/jobs/view/service-assistant-at-servco-pacific-inc-4468847140,Service Assistant,Servco Pacific Inc.,posted,2026-09-22T13:14:55.977856,1356
010373e3e70b685b,https://ca.linkedin.com/jobs/view/olive-garden-dishwasher-at-olive-garden-canada-4403547363,Olive Garden Dishwasher,Olive Garden Canada,posted,2026-09-22T13:15:05.498307,1358
6642112256097f0b,https://uk.linkedin.com/jobs/view/porter-at-restaurant-associates-uk-4468640931,Porter,,scraped,2026-09-22T13:15:08.145995,
375c24724a0be868,https://in.linkedin.com/jobs/view/servicenow%C2%A0-developer-cmdb-at-tata-consultancy-services-4466500952,ServiceNow  Developer (CMDB),Tata Consultancy Services,posted,2026-09-22T13:15:26.458998,1360
08de08d7b62dac9f,https://om.linkedin.com/jobs/view/manager-hc-intelligence-at-oman-housing-bank-%D8%A8%D9%86%D9%83-%D8%A7%D9%84%D8%A5%D8%B3%D9%83%D8%A7%D9%86-%D8%A7%D9%84%D8%B9%D9%8F%D9%85%D8%A7%D9%86%D9%8A-4464505851,Manager - HC Intelligence,Oman Housing Bank | بنك الإسكان العُماني,posted,2026-09-22T13:15:35.814754,1362
a64af6b0606817aa,https://in.linkedin.com/jobs/view/enterprise-sales-officer-at-jio-4466500930,Enterprise Sales Officer,,scraped,2026-09-22T13:15:38.512581,
0ee8ef14c270930f,https://ca.linkedin.com/jobs/view/full-time-cake-decorator-admirals-thrifty-foods-at-sobeys-4465913825,Full Time Cake Decorator - Admirals Thrifty Foods,,scraped,2026-09-22T13:15:47.777741,
39aab73c2f0960aa,https://ca.linkedin.com/jobs/view/cleaner-steenbuck-pointe-at-broadstreet-properties-4467918860,Cleaner - Steenbuck Pointe,,scraped,2026-09-22T13:15:54.632656,
281e798ad1865eec,https://uk.linkedin.com/jobs/view/junior-account-manager-at-pareto-4467541840,Junior Account Manager,,scraped,2026-09-22T13:16:01.060626,
0f392f2104ba6a0b,https://www.linkedin.com/jobs/view/self-storage-property-manager-richmond-va-at-go-store-it-self-storage-4467808300,"Self-Storage Property Manager - Richmond, VA",Go Store It Self-Storage,posted,2026-09-22T13:16:14.494531,1364
be8954ef36ddbaed,https://ca.linkedin.com/jobs/view/full-time-porter-casino-hfx-at-great-canadian-entertainment-4460381830,Full-time Porter (Casino)-HFX,,scraped,2026-09-22T13:16:17.119046,
263d1fed9ba522c8,https://www.linkedin.com/jobs/view/baker-at-albertsons-companies-4448639926,Baker,Albertsons Companies,posted,2026-09-22T13:16:30.272259,1366
bcd1cb7ddf9a4552,https://pr.linkedin.com/jobs/view/valet-driver-at-metropolis-technologies-4467949245,Valet Driver,Metropolis Technologies,posted,2026-09-22T13:16:35.227824,1340
fbc1886fb2692fa6,https://ca.linkedin.com/jobs/view/post-office-manager-hourly-full-time-day-at-shoppers-drug-mart-4468500169,"Post Office Manager, Hourly Full Time Day",Shoppers Drug Mart,posted,2026-09-22T13:16:48.979586,1368
686bcb99e71f8af8,https://www.linkedin.com/jobs/view/estimator-at-w3global-4468315587,Estimator,W3Global,posted,2026-09-22T13:16:53.723134,1328
c638f2ee060a7903,https://www.linkedin.com/jobs/view/assistant-site-manager-at-whistle-express-car-wash-4423252853,Assistant Site Manager,Whistle Express Car Wash,posted,2026-09-22T13:17:05.147734,1370
7c602183d5094524,https://ca.linkedin.com/jobs/view/employment-consultant-at-agilec-4467991338,employment consultant,Agilec,posted,2026-09-22T13:17:24.745069,1372
8be7b5767b4bfaa2,https://ca.linkedin.com/jobs/view/canmore-meat-clerk-meat-wrapper-ft-at-safeway-canada-4451514277,Canmore Meat - Clerk Meat / Wrapper FT,Safeway Canada,posted,2026-09-22T13:17:33.527174,1374
47a177a530ba1a0d,https://uk.linkedin.com/jobs/view/security-officer-at-vigilant-security-4466892619,Security Officer,,scraped,2026-09-22T13:17:36.208742,
1fe235d3ff57904d,https://ca.linkedin.com/jobs/view/purchaser-mh-at-s3-group-ltd-4468482663,Purchaser - MH,,scraped,2026-09-22T13:17:43.623192,
cd1350383748193b,https://ca.linkedin.com/jobs/view/detailer-at-autocanada-4459490014,Detailer,AutoCanada,posted,2026-09-22T13:18:00.686613,1376
faf7629026897f00,https://qa.linkedin.com/jobs/view/hotel-cleanliness-expert-at-jw-marriott-4468876907,Hotel Cleanliness Expert,JW Marriott,posted,2026-09-22T13:18:05.349283,1324
ca2af8bc288fa763,https://ca.linkedin.com/jobs/view/general-labourer-manufacturing-at-scheltema-trailer-4468315533,general labourer - manufacturing,,scraped,2026-09-22T13:18:08.018480,
e7f56cf221ffd417,https://uk.linkedin.com/jobs/view/recruitment-consultant-at-clear-it-recruitment-ltd-4467162750,Recruitment Consultant,,scraped,2026-09-22T13:18:22.963150,
e657eb8a472021d9,https://gh.linkedin.com/jobs/view/sales-executive-at-marriott-international-4468023329,Sales Executive,Marriott International,posted,2026-09-22T13:18:32.339156,1091
b820aedf0591bef9,https://ca.linkedin.com/jobs/view/automotive-detailer-car-washer-red-deer-at-enterprise-4468691524,Automotive Detailer - Car Washer - Red Deer,Enterprise,posted,2026-09-22T13:18:41.375833,1378
3894d6bd4e55cdd2,https://ca.linkedin.com/jobs/view/kitchen-helper-at-burger-king-4469526154,Kitchen helper,Burger King,posted,2026-09-22T13:18:46.056565,1320
1f13e4ac170d6f1a,https://www.linkedin.com/jobs/view/clean-team-valley-morning-evening-positions-available-at-the-alaska-club-4468868221,Clean Team: Valley (Morning/Evening positions available),The Alaska Club,posted,2026-09-22T13:18:55.860015,1380
a7d561759b01594b,https://ca.linkedin.com/jobs/view/assistant-store-manager-owen-sound-on-at-starbucks-4467874907,"assistant store manager - Owen Sound, ON",Starbucks,posted,2026-09-22T13:19:04.710021,1382
d4052d643ac56b40,https://ca.linkedin.com/jobs/view/assistant-store-manager-orillia-on-at-starbucks-4467570427,"assistant store manager, Orillia,ON",Starbucks,posted,2026-09-22T13:19:14.585368,1384
58da274084f53812,https://www.linkedin.com/jobs/view/crew-member-at-chipotle-mexican-grill-4466637949,Crew Member,Chipotle Mexican Grill,posted,2026-09-22T13:19:24.155234,1386
1521f7dde1811efb,https://www.linkedin.com/jobs/view/delivery-driver-at-domino-s-4466955048,Delivery Driver,Domino's,posted,2026-09-22T13:19:33.073346,1388
a6ed7779e9b3b1c7,https://ca.linkedin.com/jobs/view/store-manager-at-dollarama-4465955585,Store Manager,,scraped,2026-09-22T13:19:35.762829,
296fd187f5f5328f,https://ca.linkedin.com/jobs/view/store-manager-at-dollarama-4465961566,Store Manager,,scraped,2026-09-22T13:19:42.243307,
622ff4bd3d495aba,https://ca.linkedin.com/jobs/view/store-manager-at-dollarama-4465964479,Store Manager,,scraped,2026-09-22T13:19:48.404512,
bb22f710d02c73a4,https://me.linkedin.com/jobs/view/cluster-director-commercial-at-siro-hotels-4467362924,"Cluster Director, Commercial",SIRO Hotels,posted,2026-09-22T13:20:41.662430,1390
3092673de10f489b,https://www.linkedin.com/jobs/view/crew-member-at-chipotle-mexican-grill-4461550628,Crew Member,Chipotle Mexican Grill,posted,2026-09-22T13:20:46.687049,1386
b31dbf7696694c91,https://ca.linkedin.com/jobs/view/head-cashier-full-time-7056-crossroads-at-the-home-depot-canada-4466808601,Head Cashier Full Time - 7056 Crossroads,,scraped,2026-09-22T13:20:49.315851,
46246e6e4b048fb9,https://www.linkedin.com/jobs/view/shift-runner-02040-3033-church-st-at-domino-s-4466640344,Shift Runner(02040) - 3033 Church St.,Domino's,posted,2026-09-22T13:21:03.401403,1392
db0649b79847cf1b,https://ca.linkedin.com/jobs/view/store-manager-at-dollarama-4465967464,Store Manager,,scraped,2026-09-22T13:21:06.052240,
f88fb04ff7f61842,https://www.linkedin.com/jobs/view/prepared-foods-dishwasher-full-time-at-whole-foods-market-4467920320,Prepared Foods Dishwasher - Full Time,Whole Foods Market,posted,2026-09-22T13:21:14.373814,1322
c41eaa92d53653b5,https://ca.linkedin.com/jobs/view/store-crew-at-7-eleven-4469153358,Store Crew,7-Eleven,posted,2026-09-22T13:21:23.677742,1394
5856f9463bfc46ae,https://www.linkedin.com/jobs/view/crew-member-at-chipotle-mexican-grill-4465563453,Crew Member,Chipotle Mexican Grill,posted,2026-09-22T13:21:28.564417,1386
13baf10ae4c5aae3,https://www.linkedin.com/jobs/view/crew-member-at-chipotle-mexican-grill-4465577330,Crew Member,Chipotle Mexican Grill,scraped,2026-09-22T13:21:32.758806,
68cf924e283132be,https://ca.linkedin.com/jobs/view/full-time-retail-store-customer-service-coordinator-marshall-homesense-st-john-s-galway-at-tjx-canada-%E2%80%93-winners-marshalls-homesense-4468836947,"Full-Time Retail Store Customer Service Coordinator, Marshall HomeSense, St. John's Galway",,scraped,2026-09-22T13:21:35.462075,
816ca6c772771f4a,https://ca.linkedin.com/jobs/view/store-crew-at-7-eleven-4470426249,Store Crew,7-Eleven,posted,2026-09-22T13:21:45.000029,1394
a951045b73aad0e0,https://qa.linkedin.com/jobs/view/painter-and-polisher-at-jw-marriott-4468406596,Painter and Polisher,JW Marriott,posted,2026-09-22T13:21:54.857372,1396
7866fecaf16a0de0,https://www.linkedin.com/jobs/view/delivery-driver-at-domino-s-4466958010,Delivery Driver,Domino's,posted,2026-09-22T13:21:59.669100,1388
8bad58e32c5ea046,https://nz.linkedin.com/jobs/view/senior-software-engineer-ai-at-future-secure-ai-4433520647,Senior Software Engineer (AI),Future Secure AI,posted,2026-09-22T13:22:08.412429,64
a1618e15cba9083a,https://nz.linkedin.com/jobs/view/property-administrator-at-savills-australia-new-zealand-4470414400,Property Administrator,,scraped,2026-09-22T13:22:25.060048,
3c51fa9102cd9419,https://nz.linkedin.com/jobs/view/class-4-driver-alexandra-at-hw-richardson-group-4470433459,Class 4 Driver Alexandra,,scraped,2026-09-22T13:22:41.877185,
111fbf70dcf66f2c,https://nz.linkedin.com/jobs/view/performance-marketing-specialist-meta-google-ads-at-sistaco-4468700552,Performance Marketing Specialist (Meta & Google Ads),,scraped,2026-09-22T13:22:57.489383,
893f40476cc3a55e,https://nz.linkedin.com/jobs/view/construction-senior-associate-at-legalvision-4451100050,Construction Senior Associate,LegalVision,posted,2026-09-22T13:23:15.293791,1231
93dcd0cbb472b16d,https://nz.linkedin.com/jobs/view/landscapers-%E2%80%93-far-north-branch-at-northscape-4470425371,Landscapers – Far North Branch,,scraped,2026-09-22T13:23:25.904478,
cf4377b2c489ff9e,https://nz.linkedin.com/jobs/view/project-planner-m-f-at-vinci-construction-4469871907,Project Planner M/F,,scraped,2026-09-22T13:23:49.288021,
e2976a1cb9a46a06,https://nz.linkedin.com/jobs/view/vehicle-grooming-at-albany-toyota-4470297359,Vehicle Grooming,,scraped,2026-09-22T13:24:01.254208,
580c78f5383ef49e,https://nz.linkedin.com/jobs/view/account-manager-timaru-at-bunnings-4469829907,Account Manager - Timaru,Bunnings,posted,2026-09-22T13:24:19.881287,1398
6af55b273ca19a27,https://nz.linkedin.com/jobs/view/customer-experience-associate-at-marloo-4468144548,Customer Experience Associate,Marloo,posted,2026-09-22T13:24:24.765128,322
203e3758e3110874,https://nz.linkedin.com/jobs/view/bas-intermediate-senior-accountant-at-ey-4437650842,BAS Intermediate / Senior Accountant,EY,posted,2026-09-22T13:24:49.596830,318
9c5257cf8ca6b6bf,https://nz.linkedin.com/jobs/view/people-systems-product-specialist-at-foodstuffs-north-island-limited-4468790517,People Systems Product Specialist,,scraped,2026-09-22T13:25:14.383150,
56112bd783ac82b0,https://nz.linkedin.com/jobs/view/finance-business-partner-technology-and-enterprise-at-ryman-healthcare-4467346944,Finance Business Partner - Technology and Enterprise,,scraped,2026-09-22T13:25:57.647126,
99cca86d0a34d2d4,https://nz.linkedin.com/jobs/view/credit-control-and-finance-administrator-at-oji-fibre-solutions-4468701574,Credit Control and Finance Administrator,,scraped,2026-09-22T13:26:46.020288,
c7fbe0243e3460eb,https://nz.linkedin.com/jobs/view/ubuntu-package-management-engineering-manager-at-jobgether-4468727142,Ubuntu Package Management - Engineering Manager,,scraped,2026-09-22T13:26:54.549992,
d774f33b35d4973a,https://nz.linkedin.com/jobs/view/senior-physiotherapist-pain-management-at-habit-health-4467375453,Senior Physiotherapist - Pain Management,,scraped,2026-09-22T13:27:27.057541,
672dea57f7244f3b,https://nz.linkedin.com/jobs/view/hris-and-payroll-advisor-at-new-zealand-customs-service-4470240734,HRIS and Payroll Advisor,,scraped,2026-09-22T13:27:41.092570,
c31b140a7f05c2c9,https://nz.linkedin.com/jobs/view/digital-marketing-specialist-at-tribe-group-4470242207,Digital Marketing Specialist,,scraped,2026-09-22T13:28:01.552650,
69da42ea9731f66c,https://nz.linkedin.com/jobs/view/customs-broker-at-c-h-robinson-4468156037,Customs Broker,C.H. Robinson,posted,2026-09-22T13:28:19.646764,1400
eccf262e5ea1a099,https://nz.linkedin.com/jobs/view/recruitment-coordinator-at-stellar-recruitment-4468793014,Recruitment Coordinator,,scraped,2026-09-22T13:28:32.312938,
18101a4127b18094,https://nz.linkedin.com/jobs/view/senior-backend-software-engineer-at-atlassian-4461081300,Senior Backend Software Engineer,,scraped,2026-09-22T13:28:40.783400,
27df7eaf40122f15,https://nz.linkedin.com/jobs/view/electrical-fitter-at-northpower-4461023848,Electrical Fitter,,scraped,2026-09-22T13:28:51.900190,
4ef603c895113634,https://nz.linkedin.com/jobs/view/strategic-property-specialist-at-auckland-council-4468787548,Strategic Property Specialist,Auckland Council,posted,2026-09-22T13:29:20.723496,1402
ba189321fffcfd47,https://nz.linkedin.com/jobs/view/business-manager-at-briscoe-group-4468181475,Business Manager,,scraped,2026-09-22T13:29:41.397574,
4524af45139ef95d,https://nz.linkedin.com/jobs/view/nzsl-tutor-wellington-at-ko-taku-reo-%E2%80%93-deaf-education-new-zealand-4470294394,NZSL Tutor - Wellington,,scraped,2026-09-22T13:29:55.942511,
ee03cd48645a228e,https://nz.linkedin.com/jobs/view/staff-backend-engineer-%E2%80%93-comms-team-at-halter-4470247229,Staff Backend Engineer – Comms Team,,scraped,2026-09-22T17:55:34.070749,
a1bc7125d2e2b075,https://nz.linkedin.com/jobs/view/account-manager-at-ria-money-transfer-4468585674,Account Manager,Ria Money Transfer,posted,2026-09-22T17:56:10.962821,156
3e8cca7cf455c0aa,https://nz.linkedin.com/jobs/view/expression-of-interest-at-opteon-aus-nz-4459502608,Expression of Interest,,scraped,2026-09-22T17:56:39.665844,
732204b9f6729983,https://nz.linkedin.com/jobs/view/senior-structural-technician-at-archway-recruitment-4461581063,Senior Structural Technician,,scraped,2026-09-22T17:57:22.663794,
6fb3b5869dd4ed1a,https://nz.linkedin.com/jobs/view/sales-representative-repco-hastings-at-repco-4461518058,Sales Representative | Repco Hastings,Repco,posted,2026-09-22T17:58:33.096141,1404
21df6c38acda0c24,https://nz.linkedin.com/jobs/view/expression-of-interest-at-opteon-aus-nz-4459520025,Expression of Interest,,scraped,2026-09-22T18:00:03.756952,
a657eb38b0307a09,https://nz.linkedin.com/jobs/view/software-engineer-at-gallagher-4460214922,Software Engineer,,scraped,2026-09-22T18:00:56.398616,
0b197512f8582899,https://nz.linkedin.com/jobs/view/front-office-manager-at-pullman-hotels-resorts-4470283403,Front Office Manager,,scraped,2026-09-22T18:01:05.744259,
3ad5f1a187c8baf9,https://nz.linkedin.com/jobs/view/store-manager-manukau-auckland-at-jd-sports-australia-new-zealand-4468792666,"Store Manager - Manukau, Auckland",,scraped,2026-09-22T18:01:14.123236,
7c6c1256f99e83d2,https://nz.linkedin.com/jobs/view/marketing-coordinator-at-petstock-group-4468549289,Marketing Coordinator,,scraped,2026-09-22T18:01:28.481736,
257f95095be2e176,https://nz.linkedin.com/jobs/view/manager-technology-engineering-and-at-talent-4468526945,Manager Technology Engineering and...,Talent,posted,2026-09-22T18:02:10.601753,1406
e37fb0f7a0a4d4fb,https://nz.linkedin.com/jobs/view/senior-estimator-at-mekano-talent-4468782296,Senior Estimator,,scraped,2026-09-22T18:02:17.266145,
638d160874e774b7,https://nz.linkedin.com/jobs/view/manager-workday-finance-at-kpmg-new-zealand-4470231151,Manager - Workday Finance,KPMG New Zealand,posted,2026-09-22T18:02:53.995136,1408
b0439acd1708c926,https://nz.linkedin.com/jobs/view/billing-administrator-at-halter-4470288807,Billing Administrator,,scraped,2026-09-22T18:03:02.580657,
a25fa4f2cf3f9191,https://nz.linkedin.com/jobs/view/structural-engineer-at-archway-recruitment-4461531420,Structural Engineer,,scraped,2026-09-22T18:03:12.950802,
44531fdb47c01e9c,https://nz.linkedin.com/jobs/view/commercial-truck-driver-inwards-goods-at-moana-new-zealand-4468564734,Commercial Truck Driver & Inwards Goods,,scraped,2026-09-22T18:03:24.300665,
f9f118e5ba8b6ca8,https://nz.linkedin.com/jobs/view/chief-operating-officer-at-tribe-group-4460119483,Chief Operating Officer,,scraped,2026-09-22T18:03:33.197431,
8840ac33dbd85236,https://nz.linkedin.com/jobs/view/structural-engineer-at-archway-recruitment-4461538312,Structural Engineer,,scraped,2026-09-22T18:03:47.376873,
13651f05fa757b4a,https://nz.linkedin.com/jobs/view/cable-jointer-at-northpower-4447367421,Cable Jointer,,scraped,2026-09-22T18:04:10.819136,
d40cb852fe9ac5cf,https://nz.linkedin.com/jobs/view/senior-developer-tech-lead-ai-lab-at-datacom-4401009650,Senior Developer / Tech Lead - AI LAB,Datacom,posted,2026-09-22T18:05:11.081552,1410
345c6fb70500f114,https://nz.linkedin.com/jobs/view/chapter-lead-at-asb-bank-4468540128,Chapter Lead,,scraped,2026-09-22T18:06:23.867197,
84d43813337c0187,https://nz.linkedin.com/jobs/view/business-development-manager-digital-marketing-solutions-at-localiq-australia-new-zealand-4452409526,Business Development Manager | Digital Marketing Solutions,,scraped,2026-09-22T18:06:46.046083,
3c03f61a39e8ad66,https://nz.linkedin.com/jobs/view/qa-automation-engineer-f-m-d-at-thinkproject-4451636336,QA Automation Engineer (f/m/d),,scraped,2026-09-22T18:07:40.957188,
3647b04d007603cc,https://nz.linkedin.com/jobs/view/procurement-tender-coordinator-at-transpower-new-zealand-4470294340,Procurement Tender Coordinator,,scraped,2026-09-22T18:08:18.704977,
952d39f105825dfe,https://nz.linkedin.com/jobs/view/principal-backend-software-engineer-at-atlassian-4461080278,Principal Backend Software Engineer,,scraped,2026-09-22T18:08:26.785852,
101db119cdefc7c9,https://nz.linkedin.com/jobs/view/air-logistics-revenue-care-specialist-at-kuehne%2Bnagel-4470407407,Air Logistics Revenue Care Specialist,,scraped,2026-09-22T18:08:43.856473,
4cbf5d39393a0d58,https://nz.linkedin.com/jobs/view/cyber-defence-analyst-at-one-new-zealand-4461537600,Cyber Defence Analyst,,scraped,2026-09-22T18:09:16.259789,
bba1a478430aaf5d,https://nz.linkedin.com/jobs/view/visual-merchandiser-12m-secondment-commercial-bay-at-h-m-4461536376,Visual Merchandiser 12m Secondment - Commercial Bay,H&M,posted,2026-09-22T18:09:52.339930,1412
990e371c19036957,https://nz.linkedin.com/jobs/view/iot-technician-at-geotechnics-ltd-4438063300,IoT Technician,,scraped,2026-09-22T18:09:54.962175,
66f11335d8318a95,https://nz.linkedin.com/jobs/view/class-4-driver-at-corde-4469873137,Class 4 Driver,,scraped,2026-09-22T18:10:07.154513,
d1e92e246feaf6cb,https://nz.linkedin.com/jobs/view/occupational-therapist-at-habit-health-4470236387,Occupational Therapist,,scraped,2026-09-22T18:10:24.500204,
d4af10c531f43e72,https://nz.linkedin.com/jobs/view/bas-advisory-systems-%2B-projects-at-baker-tilly-staples-rodway-4437137159,BAS Advisory - Systems + Projects,,scraped,2026-09-22T18:10:31.972031,
3b0aba714b6d3d47,https://nz.linkedin.com/jobs/view/structural-engineer-at-ach-consulting-engineers-4469977338,Structural Engineer,,scraped,2026-09-22T18:11:05.498007,
14e74d935ae915a1,https://nz.linkedin.com/jobs/view/online-assistants-new-world-point-chevalier-at-candid-jobs-4470292610,Online Assistants - New World Point Chevalier,,scraped,2026-09-22T18:11:25.127806,
4b25b399f5203711,https://nz.linkedin.com/jobs/view/ghd-graduate-program-2026-27-graduate-electrical-engineer-aviation-auckland-at-ghd-4460207922,"GHD Graduate Program 2026/27 - Graduate Electrical Engineer, Aviation (Auckland)",,scraped,2026-09-22T18:11:37.947051,
e6d75fed7c97615a,https://nz.linkedin.com/jobs/view/ghd-graduate-program-2026-27-graduate-structural-engineers-new-zealand-at-ghd-4460228002,GHD Graduate Program 2026/27 - Graduate Structural Engineers (New Zealand),GHD,posted,2026-09-22T18:12:05.669191,1414
07b6281aaaaa0d66,https://nz.linkedin.com/jobs/view/flight-test-engineer-at-syos-aerospace-4470232155,Flight Test Engineer,,scraped,2026-09-22T18:12:10.203176,
7db41962983ad114,https://nz.linkedin.com/jobs/view/ghd-graduate-program-2026-27-graduate-engineering-geologist-auckland-at-ghd-4460216170,GHD Graduate Program 2026/27 - Graduate Engineering Geologist (Auckland),,scraped,2026-09-22T18:12:19.836410,
f510e2bc5505f7e6,https://nz.linkedin.com/jobs/view/sr-dir-sales-new-zealand-at-servicenow-4461049735,"Sr Dir, Sales, New Zealand",ServiceNow,posted,2026-09-22T20:49:24.705964,1416
5e2bfbee7dbb1bd7,https://nz.linkedin.com/jobs/view/principal-fluvial-geomorphologist-at-wsp-in-canada-4384200661,Principal Fluvial Geomorphologist,WSP in Canada,posted,2026-09-22T20:49:39.794245,1418
eacc0ffcf51b489b,https://nz.linkedin.com/jobs/view/outside-sales-at-fastsigns-of-west-metro-mn-4470277964,Outside Sales,"FASTSIGNS of West Metro, MN",posted,2026-09-22T20:50:55.407376,62
762964ad356967b0,https://nz.linkedin.com/jobs/view/staff-site-reliability-engineer-at-lightspeed-commerce-4467373514,Staff Site Reliability Engineer,,scraped,2026-09-22T20:51:18.084108,
b450de5c7b3bb910,https://nz.linkedin.com/jobs/view/commercial-analyst-at-tribe-group-4451600394,Commercial Analyst,,scraped,2026-09-22T20:51:36.251093,
885ba115577ff283,https://nz.linkedin.com/jobs/view/expression-of-interest-at-opteon-aus-nz-4459506352,Expression of Interest,,scraped,2026-09-22T20:52:24.757760,
71112aad8b0ac000,https://nz.linkedin.com/jobs/view/expression-of-interest-at-opteon-aus-nz-4459506351,Expression of Interest,,scraped,2026-09-22T20:52:49.780485,
bc4a2f0093d2bbbc,https://nz.linkedin.com/jobs/view/hr-business-partner-oceania-at-arxada-4442716610,HR Business Partner Oceania,,scraped,2026-09-22T20:55:02.464981,
e7b8ac4e564d25d0,https://nz.linkedin.com/jobs/view/senior-associate-account-management-%E2%80%93-pacific-islands-at-mastercard-4440194221,"Senior Associate, Account Management – Pacific Islands",Mastercard,posted,2026-09-22T20:55:41.516405,1420
9837b8254f4c7f07,https://nz.linkedin.com/jobs/view/mechanical-engineer-water-expression-of-interest-at-ghd-4327642952,"Mechanical Engineer - Water, Expression of Interest",,scraped,2026-09-22T20:59:32.127816,
d1dfbb83c7d4167f,https://nz.linkedin.com/jobs/view/courier-at-fedex-4339000606,Courier,FedEx,posted,2026-09-22T21:02:02.920436,421
d3d37fc7e436ecc8,https://nz.linkedin.com/jobs/view/assistant-underwriter-at-suncorp-group-4468926824,Assistant Underwriter,,scraped,2026-09-23T00:03:03.992648,
976f7459b260c3ca,https://nz.linkedin.com/jobs/view/operations-support-administrator-at-bgis-4469991654,Operations Support Administrator,,scraped,2026-09-23T00:03:38.988837,
0bff8338f714b6c2,https://nz.linkedin.com/jobs/view/senior-security-engineer-at-beca-4470646102,Senior Security Engineer,,scraped,2026-09-23T00:04:24.652406,
2606e4f5dd1b9e02,https://nz.linkedin.com/jobs/view/senior-manager-regulatory-compliance-new-zealand-at-airwallex-4373135052,"(Senior) Manager, Regulatory Compliance, New Zealand",,scraped,2026-09-23T00:04:48.522655,
28be8bfa25c69b15,https://nz.linkedin.com/jobs/view/banking-consultant-at-anz-4468561937,Banking Consultant,,scraped,2026-09-23T00:05:33.316985,
c296e855524023a5,https://nz.linkedin.com/jobs/view/region-manager-at-higgins-4469057921,Region Manager,,scraped,2026-09-23T00:06:49.868687,
686b036d3564d434,https://nz.linkedin.com/jobs/view/founder-in-residence-at-the-flex-4470637916,Founder in Residence,,scraped,2026-09-23T00:08:59.067017,
6893ef6ddf3eaf6e,https://nz.linkedin.com/jobs/view/parcel-sorter-at-team-global-express-4470649286,Parcel Sorter,,scraped,2026-09-23T00:11:13.800888,
b77b328db69a327c,https://nz.linkedin.com/jobs/view/general-manager-nz-manheim-at-cox-automotive-australia-4468539161,General Manager - NZ (Manheim),,scraped,2026-09-23T00:11:36.895434,
cb4672b61eff8980,https://nz.linkedin.com/jobs/view/director-people-culture-operations-at-fonterra-4468529169,Director People & Culture - Operations,,scraped,2026-09-23T00:12:04.218767,
76d90d0f494c7e1b,https://nz.linkedin.com/jobs/view/electrical-foreman-senior-electrician-at-aotea-group-4469000338,Electrical Foreman / Senior Electrician,,scraped,2026-09-23T00:12:29.094492,
bff16e572dfec027,https://nz.linkedin.com/jobs/view/residential-night-attendant-te-pae-tawhiti-at-oranga-tamariki%E2%80%94ministry-for-children-4468540680,Residential Night Attendant - Te Pae Tawhiti,,scraped,2026-09-23T00:12:52.290107,
107db99ce5f3a47b,https://nz.linkedin.com/jobs/view/regional-manager-new-zealand-at-sentinelone-4452138775,Regional Manager - New Zealand,SentinelOne,posted,2026-09-23T00:13:47.486019,1422
a2e987179512b5b7,https://nz.linkedin.com/jobs/view/workshop-foreman-at-tribe-group-4451380636,Workshop Foreman,,scraped,2026-09-23T00:13:50.165839,
77a7bfb4d2edfe45,https://nz.linkedin.com/jobs/view/strategy-and-operations-graduate-at-bolt-4468709657,Strategy and Operations Graduate,,scraped,2026-09-23T00:14:08.682986,
58e33c8e3e87d34c,https://nz.linkedin.com/jobs/view/lawyer-pal1-at-ministry-of-justice-new-zealand-4470637195,Lawyer PAL1,,scraped,2026-09-23T00:14:19.223356,
e88beaf907d3e44a,https://nz.linkedin.com/jobs/view/optometrist-tauranga-crossing-at-specsavers-4470663558,Optometrist - Tauranga Crossing,,scraped,2026-09-23T03:37:30.362986,
35284973b4087c97,https://nz.linkedin.com/jobs/view/assistant-gardener-waikumete-cemetery-at-programmed-4470677299,Assistant Gardener - Waikumete Cemetery,,scraped,2026-09-23T03:38:12.936466,
88aef9dcf7528866,https://nz.linkedin.com/jobs/view/media-buying-executive-at-zuru-edge-4452418617,Media Buying Executive,ZURU Edge,posted,2026-09-23T03:39:08.720861,1424
2b7d3d029f2e0ca6,https://nz.linkedin.com/jobs/view/healthcare-recruitment-consultant-at-triple0-medical-4470640966,Healthcare Recruitment Consultant,,scraped,2026-09-23T03:41:27.383755,
df916b8135e43998,https://nz.linkedin.com/jobs/view/account-executive-at-new-era-technology-4470602663,Account Executive,New Era Technology,posted,2026-09-23T03:42:32.237656,1426
9933dcca18c728a8,https://nz.linkedin.com/jobs/view/shift-maintenance-engineer-at-t-g-global-limited-4468940884,Shift Maintenance Engineer,,scraped,2026-09-23T03:42:36.817133,
dfece5fe2af22d7b,https://nz.linkedin.com/jobs/view/global-project-and-compliance-manager-at-zuru-edge-4470668639,Global Project and Compliance Manager,ZURU Edge,posted,2026-09-23T03:43:07.918704,1428
cee6085427528ef5,https://nz.linkedin.com/jobs/view/head-of-marketing-at-gallagher-animal-management-4468708388,Head of Marketing,,scraped,2026-09-23T03:43:10.534353,
40072071dc39d057,https://nz.linkedin.com/jobs/view/traffic-management-operator-at-veolia-australia-new-zealand-4470681275,Traffic Management Operator,,scraped,2026-09-23T03:43:30.405249,
e2c2da97b8600abe,https://nz.linkedin.com/jobs/view/assistant-manager-manager-delivery-data-excellence-ddx-at-kpmg-new-zealand-4451601374,Assistant Manager / Manager - Delivery & Data Excellence (DDX),KPMG New Zealand,posted,2026-09-23T03:43:51.523576,1430
c04cc185738ec56a,https://nz.linkedin.com/jobs/view/facilities-coordinator-at-cushman-wakefield-4470652498,Facilities Coordinator,Cushman &amp; Wakefield,posted,2026-09-23T03:44:07.163671,1432
52c661de9dd4f81c,https://nz.linkedin.com/jobs/view/traffic-signals-its-electrician-at-downer-4470671359,Traffic Signals & ITS Electrician,,scraped,2026-09-23T03:44:11.740702,
f4154faf634e88aa,https://nz.linkedin.com/jobs/view/caregiver-at-homewell-care-services-4469084362,Caregiver,HomeWell Care Services,posted,2026-09-23T03:44:28.879554,1434
5e4fe89975b04570,https://nz.linkedin.com/jobs/view/electrician-at-venues-%C5%8Dtautahi-4468182459,Electrician,,scraped,2026-09-23T03:44:51.440414,
4cb88d18b7f0b876,https://nz.linkedin.com/jobs/view/principal-water-supply-modeller-at-tauranga-city-council-4470648487,Principal Water Supply Modeller,,scraped,2026-09-23T03:45:00.069444,
6b2197017de0ffdc,https://nz.linkedin.com/jobs/view/internal-communications-lead-at-university-of-auckland-4461532343,Internal Communications Lead,University of Auckland,posted,2026-09-23T03:45:32.106376,1436
ada5083b3774b4ed,https://nz.linkedin.com/jobs/view/international-sales-manager-at-realnz-4468953068,International Sales Manager,,scraped,2026-09-23T03:46:02.679457,
c959c4a74e109ddd,https://nz.linkedin.com/jobs/view/senior-manager-workforce-advisory-people-consulting-at-ey-4468962134,Senior Manager - Workforce Advisory - People Consulting,EY,posted,2026-09-23T03:46:38.784891,1438
339c06ad3424899d,https://nz.linkedin.com/jobs/view/manager-%E2%80%93-controls-advisory-assurance-at-kpmg-new-zealand-4440876873,Manager – Controls Advisory & Assurance,KPMG New Zealand,posted,2026-09-23T03:47:15.021355,1440
d7d6d557e0031d0c,https://nz.linkedin.com/jobs/view/occupational-therapist-at-habit-health-4470280730,Occupational Therapist,,scraped,2026-09-23T03:47:55.630972,
5fcdf7b6d37301c7,https://nz.linkedin.com/jobs/view/small-animal-veterinarian-at-vetpartners-australia-and-new-zealand-4470672377,Small Animal Veterinarian,,scraped,2026-09-23T03:48:19.607883,
2ebf7f8fb67d7dde,https://nz.linkedin.com/jobs/view/r-d-scientist-at-als-4411500566,R&D Scientist,,scraped,2026-09-23T03:48:27.588838,
0b0e78073f0c0365,https://nz.linkedin.com/jobs/view/paid-media-coordinator-clipping-at-zuru-4461591778,Paid Media Coordinator - Clipping,,scraped,2026-09-23T03:49:12.124875,
7716467d95289a7b,https://nz.linkedin.com/jobs/view/accountant-at-randstad-new-zealand-4469409147,Accountant,,scraped,2026-09-23T03:49:19.858528,
a17d76d55af34e3c,https://nz.linkedin.com/jobs/view/expressions-of-interest-process-controls-internal-audit-risk-consulting-at-ey-4468953271,Expressions of Interest - Process & Controls (Internal Audit) - Risk Consulting,EY,posted,2026-09-23T03:49:50.421728,749
a9d61fc6a25ed153,https://nz.linkedin.com/jobs/view/compliance-and-commercial-analyst-at-seequent-4468966647,Compliance and Commercial Analyst,,scraped,2026-09-23T03:50:09.109220,
9d57f285df5e806b,https://nz.linkedin.com/jobs/view/design-technology-technology-teacher-2027-teacher-bonding-scheme-at-school-jobs-4468943012,Design Technology / Technology Teacher 2027 (Teacher Bonding Scheme),School Jobs,posted,2026-09-23T03:51:09.919583,1442
28f52dcc70e1b22d,https://nz.linkedin.com/jobs/view/paving-manager-at-higgins-4469071965,Paving Manager,,scraped,2026-09-23T03:51:20.485945,
a2d5aab48546cfb0,https://nz.linkedin.com/jobs/view/forward-deployed-accountant-at-sterling-4470417976,Forward Deployed Accountant,,scraped,2026-09-23T03:52:25.603750,
f7946fc8833b928a,https://nz.linkedin.com/jobs/view/senior-advisor-planning-performance-and-improvement-at-nz-transport-agency-waka-kotahi-4469098008,"Senior Advisor Planning, Performance and Improvement",NZ Transport Agency Waka Kotahi,posted,2026-09-23T03:53:05.793631,1444
d8fac5c7fe601594,https://nz.linkedin.com/jobs/view/senior-manager-%E2%80%93-risk-governance-personal-banking-at-asb-bank-4468955015,"Senior Manager – Risk Governance, Personal Banking",,scraped,2026-09-23T03:53:08.376097,
408ca552b6d5b669,https://nz.linkedin.com/jobs/view/assistant-store-manager-ormiston-at-skechers-australia-new-zealand-4468518436,Assistant Store Manager - Ormiston,,scraped,2026-09-23T09:04:35.196892,
d7f8617af1102b8a,https://nz.linkedin.com/jobs/view/hr-generalist-at-rex-zone-4470699223,HR Generalist,Rex.zone,posted,2026-09-23T09:05:02.557803,1446
70931a25c4be8321,https://nz.linkedin.com/jobs/view/container-platform-support-consultant-at-sg-consulting-limited-4470674571,Container Platform Support Consultant,,scraped,2026-09-23T09:05:19.198300,
ef18138aec34f711,https://nz.linkedin.com/jobs/view/estimator-at-higgins-4468988355,Estimator,,scraped,2026-09-23T09:05:47.594621,
105b17e8ede5e1fc,https://nz.linkedin.com/jobs/view/creative-operations-coordinator-at-truecut-media-4470671915,Creative Operations Coordinator,TrueCut Media,posted,2026-09-23T09:07:26.312788,1448
482bee1a7b825dff,https://nz.linkedin.com/jobs/view/installation-specialist-noel-leeming-napier-at-noel-leeming-4470685779,"Installation Specialist - Noel Leeming, Napier",Noel Leeming,posted,2026-09-23T09:08:45.458771,1450
2b0f2cc05b5ea647,https://nz.linkedin.com/jobs/view/democracy-advisor-at-waikato-regional-council-4470237979,Democracy Advisor,Waikato Regional Council,posted,2026-09-23T09:09:09.328956,1452
bd5e975de5b27ae5,https://nz.linkedin.com/jobs/view/assistant-category-manager-at-woolworths-group-4470639553,Assistant Category Manager,,scraped,2026-09-23T09:09:15.928693,
27ca3bbf3a585bc8,https://nz.linkedin.com/jobs/view/junior-software-engineer-at-howden-new-zealand-4469090360,Junior Software Engineer,,scraped,2026-09-23T09:09:24.577483,
888fca0ebf001368,https://nz.linkedin.com/jobs/view/bid-manager-at-syos-aerospace-4469843349,Bid Manager,,scraped,2026-09-23T09:09:38.937938,
2d28feb5a33b3914,https://nz.linkedin.com/jobs/view/senior-software-engineer-angular-at-vista-group-4470226342,Senior Software Engineer (Angular),,scraped,2026-09-23T09:09:48.872698,
2b1506fbd5585e7d,https://nz.linkedin.com/jobs/view/senior-front-end-software-engineer-at-accesso-4434045198,Senior Front-End Software Engineer,accesso,posted,2026-09-23T09:10:04.382474,1454
d0b9fded2959bcfe,https://nz.linkedin.com/jobs/view/caregiver-memory-care-at-summerset-retirement-villages-4470489111,Caregiver - Memory Care,,scraped,2026-09-23T09:10:08.957495,
3376e4334e9c197d,https://nz.linkedin.com/jobs/view/communications-lead-internal-communications-earth-sciences-at-science-new-zealand-4470683139,Communications Lead - Internal Communications - Earth Sciences,,scraped,2026-09-23T09:10:15.265988,
057433344f4a5cc1,https://nz.linkedin.com/jobs/view/facilities-maintenance-recycling-operator-at-sealed-air-corporation-4469987770,Facilities Maintenance & Recycling Operator,Sealed Air Corporation,posted,2026-09-23T09:10:35.383591,1456
2a4956453490db11,https://nz.linkedin.com/jobs/view/trade-customer-service-mitre10-mega-wanaka-at-mitre-10-new-zealand-limited-4470400260,Trade Customer Service - Mitre10 Mega Wanaka,,scraped,2026-09-23T09:10:38.080871,
1226f1b11d19fe45,https://nz.linkedin.com/jobs/view/region-manager-waikato-at-higgins-4468951103,Region Manager - Waikato,,scraped,2026-09-23T09:11:02.394884,
a270591e9536b08e,https://nz.linkedin.com/jobs/view/packaging-specialist-at-nz-safety-blackwoods-4461050386,Packaging Specialist,NZ Safety Blackwoods,posted,2026-09-23T09:11:41.999604,1458
4e2c1c313c7957bb,https://nz.linkedin.com/jobs/view/training-specialist-at-zuru-4444781799,Training Specialist,,scraped,2026-09-23T09:11:44.594179,
6e3dba2dfda616c9,https://nz.linkedin.com/jobs/view/field-service-engineer-electrical-practicing-license-at-idemia-public-security-4469413488,Field Service Engineer (Electrical Practicing license),,scraped,2026-09-23T09:11:52.352957,
8c376050c528dead,https://nz.linkedin.com/jobs/view/senior-ai-engineer-at-supahuman-ai-4470690014,Senior AI Engineer,,scraped,2026-09-23T09:12:04.224241,
ea1cd557730f0b3d,https://nz.linkedin.com/jobs/view/senior-developer-tech-lead-ai-lab-at-datacom-4401019164,Senior Developer / Tech Lead - AI LAB,Datacom,posted,2026-09-23T09:12:16.426493,1410
a6576c5430e1822e,https://nz.linkedin.com/jobs/view/giant-kelp-hatchery-and-nursery-technician-at-big-kelp-4470675698,Giant Kelp Hatchery and Nursery Technician,Big Kelp,posted,2026-09-23T09:12:39.948267,1460
e43754edec2e34be,https://nz.linkedin.com/jobs/view/solicitor-legislation-at-ministry-of-business-innovation-and-employment-4470627658,Solicitor | Legislation,,scraped,2026-09-23T09:13:08.498221,
3521c6b9d83df5cc,https://nz.linkedin.com/jobs/view/business-development-executive-events-at-realnz-4468954070,Business Development Executive - Events,,scraped,2026-09-23T09:13:16.604307,
755baacc4ce299af,https://nz.linkedin.com/jobs/view/senior-security-technicians-4470227164,Senior security Technicians,Advanced Group,posted,2026-09-23T09:13:29.253745,1462
b11ee88f8aa23947,https://nz.linkedin.com/jobs/view/quality-lead-at-gallagher-security-4451105541,Quality Lead,,scraped,2026-09-23T09:13:47.921524,
65172f5e18fa5369,https://nz.linkedin.com/jobs/view/industrial-electrical-technician-at-kraft-heinz-4405486722,Industrial Electrical Technician,Kraft Heinz,posted,2026-09-23T09:14:37.397939,1464
5f503b66f9a3a252,https://nz.linkedin.com/jobs/view/cloud-engineer-at-southern-cross-health-insurance-4459287565,Cloud Engineer,,scraped,2026-09-23T09:14:46.006280,
d71f83eec362da59,https://nz.linkedin.com/jobs/view/excavator-operator-at-higgins-4468969835,Excavator Operator,,scraped,2026-09-23T09:14:57.114751,
3510f6f8a88bd3ae,https://nz.linkedin.com/jobs/view/activities-coordinator-full-time-at-radius-care-4468784016,Activities Coordinator - Full Time,,scraped,2026-09-23T09:15:15.234759,
23ff6055a43a54fe,https://nz.linkedin.com/jobs/view/analyst-senior-analyst-revenue-and-economic-development-at-the-treasury-new-zealand-4467848317,"Analyst/Senior Analyst, Revenue and Economic Development",,scraped,2026-09-23T09:15:29.838120,
f9a8a381f573c4bd,https://nz.linkedin.com/jobs/view/direct-to-consumer-director-at-macgregor-black-4468990414,Direct-to-Consumer Director,,scraped,2026-09-23T09:15:42.374040,
74b7e5b51e155846,https://nz.linkedin.com/jobs/view/service-technician-at-dormakaba-4469414711,Service Technician,,scraped,2026-09-23T09:15:52.298775,
b509638bbec1a20e,https://nz.linkedin.com/jobs/view/design-and-sales-consultant-at-robyn-skeates-office-interiors-4470639035,Design and Sales Consultant,Robyn Skeates office interiors,posted,2026-09-23T09:16:12.367760,1466
7ad0a751690eab85,https://nz.linkedin.com/jobs/view/business-analyst-at-skycity-entertainment-group-4468973620,Business Analyst,,scraped,2026-09-23T09:16:30.902943,
e1c680fce1d1c702,https://nz.linkedin.com/jobs/view/property-manager-business-development-manager-at-accommodation-rental-solutions-ltd-4470666707,Property Manager/Business Development Manager,Accommodation Rental Solutions Ltd,posted,2026-09-23T09:16:59.393763,1468
1cdc14a7ae81fb1f,https://nz.linkedin.com/jobs/view/solutions-consultant-at-xero-4469433465,Solutions Consultant,,scraped,2026-09-23T09:17:22.077600,
1c2681255b5653a5,https://nz.linkedin.com/jobs/view/online-assistant-at-candid-jobs-4469440345,Online Assistant,,scraped,2026-09-23T09:17:32.389493,
0ab14d4ac006d043,https://nz.linkedin.com/jobs/view/administration-customer-service-4470695894,Administration & Customer Service,Pukka Ltd & Print It Wanaka,posted,2026-09-23T09:17:50.649160,1470
4b729da416a36598,https://nz.linkedin.com/jobs/view/health-safety-environment-advisor-at-paul-smith-earthmoving-4470660761,Health Safety Environment Advisor,,scraped,2026-09-23T09:17:59.199954,
c04c1d29aec6f9db,https://nz.linkedin.com/jobs/view/general-manager-leadership-and-capability-auckland-or-wellington-at-kiwirail-4469422222,General Manager Leadership and Capability | Auckland or Wellington,,scraped,2026-09-23T09:18:25.647056,
a757c50facdbbc49,https://nz.linkedin.com/jobs/view/animal-compliance-officer-south-auckland-at-auckland-council-4469090515,Animal Compliance Officer - South Auckland,Auckland Council,posted,2026-09-23T09:19:06.289127,1472
3fee5d8c702f3c05,https://nz.linkedin.com/jobs/view/trading-2ic-the-warehouse-albany-at-the-warehouse-4470415947,"Trading 2IC - The Warehouse, Albany",,scraped,2026-09-23T09:19:08.942432,
ef5bffc84bec87ce,https://nz.linkedin.com/jobs/view/director-of-quality-metals-at-biomerics-4468960913,Director of Quality - Metals,Biomerics,posted,2026-09-23T09:19:30.912171,1474
7d06949c1d4502d9,https://nz.linkedin.com/jobs/view/customer-service-representative-noel-leeming-pukekohe-at-noel-leeming-4470684852,"Customer Service Representative - Noel Leeming, Pukekohe",Noel Leeming,posted,2026-09-23T09:20:00.803021,1476
937f74b0764d9f2e,https://nz.linkedin.com/jobs/view/assistant-underwriter-at-suncorp-group-4468937557,Assistant Underwriter,,scraped,2026-09-23T09:20:23.347711,
05cf7e9664d50d75,https://nz.linkedin.com/jobs/view/systems-engineer-private-cloud-at-asb-bank-4468990115,Systems Engineer - Private Cloud,,scraped,2026-09-23T09:21:09.973560,
f3e1a21cf9d40e36,https://nz.linkedin.com/jobs/view/project-manager-at-srg-global-4469417155,Project Manager,,scraped,2026-09-23T09:21:17.435827,
bde678341bc27e72,https://nz.linkedin.com/jobs/view/field-services-engineer-at-ncr-voyix-4468970837,Field Services Engineer,NCR Voyix,posted,2026-09-23T09:21:42.390630,1478
d13aa5232c74cdc7,https://nz.linkedin.com/jobs/view/client-executive-at-wtw-4470421381,Client Executive,WTW,posted,2026-09-23T09:22:00.984995,1480
ffa3f7e6c38f15fa,https://nz.linkedin.com/jobs/view/transformation-design-delivery-associate-director-change-management-at-pwc-new-zealand-4469069886,Transformation Design & Delivery - Associate Director | Change Management,PwC New Zealand,posted,2026-09-23T09:22:42.782974,1482
5c10895c85c9f17e,https://nz.linkedin.com/jobs/view/permanent-residential-youth-worker-epuni-at-oranga-tamariki%E2%80%94ministry-for-children-4469421542,Permanent Residential Youth Worker - Epuni,,scraped,2026-09-23T09:22:45.281595,
aa7e0136d59c7cff,https://nz.linkedin.com/jobs/view/ux-ui-designer-at-auckland-council-4469434105,UX/UI Designer,Auckland Council,posted,2026-09-23T09:23:16.796821,1484
47b9e3ecdefe0a57,https://nz.linkedin.com/jobs/view/principal-software-engineer-full-stack-at-resideo-4462046340,Principal Software Engineer - Full Stack,Resideo,posted,2026-09-23T14:39:53.820864,1486
dddfa812402ef5a5,https://nz.linkedin.com/jobs/view/district-court-scheduler-at-public-defence-service-new-zealand-4468981497,District Court Scheduler,,scraped,2026-09-23T14:40:52.622654,
95be00053cc85489,https://nz.linkedin.com/jobs/view/store-person-at-early-settler-4469440412,Store Person,,scraped,2026-09-23T14:41:03.508352,
7ab3eeaa287f2ba7,https://nz.linkedin.com/jobs/view/retail-manager-at-briscoe-group-4468946190,Retail Manager,,scraped,2026-09-23T14:41:18.406825,
357f3fdbf16a529a,https://nz.linkedin.com/jobs/view/commercial-finance-business-partner-at-hunter-campbell-4451121720,Commercial Finance Business Partner,,scraped,2026-09-23T14:42:05.073818,
721a5f518e886db1,https://nz.linkedin.com/jobs/view/electrical-design-engineer-distribution-at-hays-4470249017,Electrical Design Engineer - Distribution,,scraped,2026-09-23T14:42:17.605330,
e97497cb2cccb3ac,https://nz.linkedin.com/jobs/view/bar-manager-at-star-group-4469445753,Bar Manager,,scraped,2026-09-23T14:42:27.844536,
b1c3f97736e8bc79,https://nz.linkedin.com/jobs/view/food-beverage-team-leader-at-sofitel-4469418640,Food & Beverage Team Leader,,scraped,2026-09-23T14:42:46.534021,
746e4ba46dac2622,https://nz.linkedin.com/jobs/view/grader-operator-at-higgins-4468973675,Grader Operator,,scraped,2026-09-23T14:43:14.950011,
74811ade30379bae,https://nz.linkedin.com/jobs/view/senior-m365-specialist-at-datacom-4453069747,Senior M365 Specialist,Datacom,posted,2026-09-23T14:43:39.649726,1488
1dc6af8eda4c8f56,https://nz.linkedin.com/jobs/view/senior-financial-accountant-at-archway-recruitment-4470693610,Senior Financial Accountant,,scraped,2026-09-23T14:44:01.229506,
a5e95d362dbdfc3f,https://nz.linkedin.com/jobs/view/baker-at-ferg-group-4469417628,BAKER,,scraped,2026-09-23T14:44:17.599137,
3720fa0a75ea5a7f,https://nz.linkedin.com/jobs/view/client-relations-specialist-%E2%80%93-remote-at-remote-careers-4469437323,Client Relations Specialist – Remote,Remote-careers,posted,2026-09-23T14:44:31.775135,1490
7c86f45cdece8ffc,https://nz.linkedin.com/jobs/view/director-of-sales-at-park-hyatt-4462142930,Director of Sales,Park Hyatt,posted,2026-09-23T14:44:40.384552,1492
f5e105025c6d6c0d,https://nz.linkedin.com/jobs/view/senior-support-technician-core-%2B-ai-at-first-focus-4470699030,Senior Support Technician | CORE + AI,,scraped,2026-09-23T14:44:50.960533,
e8e26d186502dd39,https://nz.linkedin.com/jobs/view/senior-m365-specialist-at-datacom-4453052842,Senior M365 Specialist,Datacom,posted,2026-09-23T14:45:03.422382,1488
627744eae7ab9bb7,https://nz.linkedin.com/jobs/view/aws-partner-marketing-manager-at-jobgether-4469415767,AWS Partner Marketing Manager,,scraped,2026-09-23T14:45:17.118435,
146d739ad62509eb,https://nz.linkedin.com/jobs/view/business-relationship-consultant-at-chubb-4453003475,Business Relationship Consultant,,scraped,2026-09-23T14:45:23.684562,
096db7bf75a83722,https://nz.linkedin.com/jobs/view/virtual-customer-support-representative-at-remote-careers-4469436342,Virtual Customer Support Representative,Remote-careers,posted,2026-09-23T14:45:36.258166,1494
2ee7cb1af2d662ff,https://nz.linkedin.com/jobs/view/cloudops-engineer-software-at-gallagher-animal-management-4469447417,CloudOps Engineer - Software,,scraped,2026-09-23T14:45:47.818706,
8c56ace888d4a7ea,https://nz.linkedin.com/jobs/view/senior-product-manager-%E2%80%93-risk-intelligence-at-everbridge-4460601384,Senior Product Manager – Risk Intelligence,Everbridge,posted,2026-09-23T14:46:25.694095,1496
c39250d8745b7e09,https://nz.linkedin.com/jobs/view/tech-sales-development-representative-mandarin-speaker-at-eims-4469310141,Tech Sales Development Representative / Mandarin Speaker,,scraped,2026-09-23T14:46:32.318321,
ca3d7a3e7f9f6eec,https://nz.linkedin.com/jobs/view/assistant-store-manager-at-mountain-warehouse-4469440679,Assistant Store Manager,,scraped,2026-09-23T14:46:40.161605,
cd2111330696d7b4,https://nz.linkedin.com/jobs/view/grid-and-solutions-specialist-at-kwetta-4453074866,Grid and Solutions Specialist,,scraped,2026-09-23T14:47:09.341216,
a2f0ef76207301db,https://nz.linkedin.com/jobs/view/enterprise-account-executive-growth-at-mongodb-4442702674,"Enterprise Account Executive, Growth",MongoDB,posted,2026-09-23T14:47:51.516571,1498
f09d7030335a79e9,https://nz.linkedin.com/jobs/view/senior-support-technician-core-%2B-ai-at-first-focus-4470692362,Senior Support Technician | CORE + AI,,scraped,2026-09-23T14:47:57.210501,
fecdc63e490612a7,https://nz.linkedin.com/jobs/view/finance-business-partner-at-ministry-of-business-innovation-and-employment-4470912624,Finance Business Partner,,scraped,2026-09-23T14:48:03.940792,
61988716a81954d3,https://nz.linkedin.com/jobs/view/trade-quality-advisor-at-bgis-4469407802,Trade Quality Advisor,,scraped,2026-09-23T14:48:12.533238,
8bf64459c5f8e67d,https://nz.linkedin.com/jobs/view/mechanical-engineer-at-babbage-consultants-limited-4468190676,Mechanical Engineer,,scraped,2026-09-23T14:48:31.337942,
60a81ba77c327797,https://nz.linkedin.com/jobs/view/instrument-technician-at-watercare-services-limited-4469991550,Instrument Technician,,scraped,2026-09-23T14:48:38.276206,
654da1c7430b0fef,https://nz.linkedin.com/jobs/view/analyst-people-intelligence-at-k%C4%81inga-ora-homes-and-communities-4468187540,Analyst - People Intelligence,,scraped,2026-09-23T14:48:48.302922,
bc66e129d71748df,https://nz.linkedin.com/jobs/view/senior-electrical-engineer-at-beca-4338759428,Senior Electrical Engineer,,scraped,2026-09-23T14:49:09.403361,
2c6202cc8a49179c,https://nz.linkedin.com/jobs/view/ai-automation-engineer-at-tribe-group-4462053230,AI & Automation Engineer,,scraped,2026-09-23T14:49:28.930272,
1c47adf8d87b94bd,https://nz.linkedin.com/jobs/view/graduate-test-engineer-at-trimble-inc-4459598782,Graduate Test Engineer,Trimble Inc.,posted,2026-09-23T14:50:07.880488,1500
2c95aab4a4eb96d5,https://nz.linkedin.com/jobs/view/project-manager-at-archway-recruitment-4470698425,Project Manager,,scraped,2026-09-23T14:50:15.502926,
ae9ab610d84cb370,https://nz.linkedin.com/jobs/view/bim-manager-at-kinetic-build-4470687229,BIM Manager,,scraped,2026-09-23T14:50:33.696885,
353431ae3d5d6f02,https://nz.linkedin.com/jobs/view/internal-sales-%E2%80%93-inbound-sales-team-at-nz-safety-blackwoods-4470691076,Internal Sales – Inbound Sales team.,NZ Safety Blackwoods,posted,2026-09-23T14:50:50.735203,1502
125bac1a94c13b60,https://nz.linkedin.com/jobs/view/general-manager-people-at-chubb-life-insurance-new-zealand-4470917921,General Manager People,,scraped,2026-09-23T14:51:03.349015,
950349823fa6b476,https://nz.linkedin.com/jobs/view/asset-maintenance-at-green-by-nature-4468967792,Asset maintenance,Green by Nature,posted,2026-09-23T14:51:26.048797,1504
c906c8d6767d7e5c,https://nz.linkedin.com/jobs/view/venue-event-lead-at-central-otago-district-council-4470688128,Venue Event Lead,Central Otago District Council,posted,2026-09-23T14:51:42.040268,1506
a4f4debfb04312af,https://nz.linkedin.com/jobs/view/campus-office-administrator-hamilton-at-oneschool-global-4459906127,Campus Office Administrator (Hamilton),OneSchool Global,posted,2026-09-23T14:52:07.860874,1508
1b070dcea8fb25af,https://nz.linkedin.com/jobs/view/full-time-online-history-teachers-aotearoa-infinite-academy-at-crimson-global-academy-4453101136,Full-time Online History Teachers - Aotearoa Infinite Academy,Crimson Global Academy,posted,2026-09-23T14:52:41.249583,1510
e3fb5b52acc318bf,https://nz.linkedin.com/jobs/view/receptionist-club-support-les-mills-auckland-city-at-careeraiforge-4470671613,Receptionist & Club Support - Les Mills Auckland City,careerAIForge,posted,2026-09-23T14:53:12.091991,1512
4d763448aeb16892,https://nz.linkedin.com/jobs/view/assistant-project-manager-at-bgis-4469422056,Assistant Project Manager,,scraped,2026-09-23T14:53:28.779111,
b345ca6ab6610e77,https://nz.linkedin.com/jobs/view/intermediate-senior-structural-engineer-at-bg-e-part-of-systra-4469312537,Intermediate/Senior Structural Engineer,,scraped,2026-09-23T14:53:58.785188,
0d17338ab5d5c697,https://nz.linkedin.com/jobs/view/general-manager-leadership-and-capability-auckland-or-wellington-at-kiwirail-4469423922,General Manager Leadership and Capability | Auckland or Wellington,,scraped,2026-09-23T14:54:15.762814,
7038472b471d8354,https://nz.linkedin.com/jobs/view/associate-director-at-aon-4443099814,Associate Director,,scraped,2026-09-23T14:54:23.238368,
2d0c71f2096b4324,https://nz.linkedin.com/jobs/view/senior-electrical-engineer-building-services-at-beca-4338839313,Senior Electrical Engineer - Building Services,,scraped,2026-09-23T14:54:31.968542,
b81f396f2697facb,https://nz.linkedin.com/jobs/view/line-mechanic-at-northpower-4462112255,Line Mechanic,,scraped,2026-09-23T14:54:39.663887,
559c44ad86faba2d,https://nz.linkedin.com/jobs/view/vehicle-groomer-at-trc-toyota-at-north-western-toyota-4469418930,Vehicle Groomer at TRC Toyota,North Western Toyota,posted,2026-09-23T14:54:57.895693,1514
05d78d3c5063d4e7,https://nz.linkedin.com/jobs/view/national-registry-officer-at-public-defence-service-new-zealand-4468981495,National Registry Officer,,scraped,2026-09-23T14:55:08.536666,
da6658e8cd4dfcfc,https://nz.linkedin.com/jobs/view/major-accounts-manager-new-zealand-at-fortinet-4470680738,Major Accounts Manager - New Zealand,Fortinet,posted,2026-09-23T14:55:23.163448,1516
6248e4133880e996,https://nz.linkedin.com/jobs/view/line-mechanic-at-the-lines-company-4468990394,Line Mechanic,,scraped,2026-09-23T14:55:32.802019,
9c3a7efa240c62c9,https://nz.linkedin.com/jobs/view/senior-advisor-planning-performance-and-improvement-at-nz-transport-agency-waka-kotahi-4469080840,"Senior Advisor Planning, Performance and Improvement",,scraped,2026-09-23T14:55:51.513422,
7777e72a8c65e837,https://nz.linkedin.com/jobs/view/financial-crime-intelligence-analyst-at-tsb-new-zealand-4469041759,Financial Crime Intelligence Analyst,TSB New Zealand,posted,2026-09-23T14:56:12.645418,1518
1b104d3e80ce5609,https://nz.linkedin.com/jobs/view/food-and-beverage-team-leader-crowne-plaza-christchurch-at-ihg-hotels-resorts-4468973474,Food and Beverage Team Leader | Crowne Plaza Christchurch,,scraped,2026-09-23T14:56:17.299447,
2ceb749e15b9b8ff,https://nz.linkedin.com/jobs/view/small-business-onboarding-specialist-at-xero-4469430553,Small Business Onboarding Specialist,,scraped,2026-09-23T14:56:25.047599,
cb26c8faf8a9121d,https://nz.linkedin.com/jobs/view/airworthiness-engineer-mechanical-at-air-new-zealand-4470685351,Airworthiness Engineer - Mechanical,,scraped,2026-09-23T14:56:49.726911,
729f67c5b5a540d9,https://nz.linkedin.com/jobs/view/product-manager-industrial-bearings-at-motion-asia-pacific-4461107825,Product Manager - Industrial Bearings,,scraped,2026-09-23T14:57:01.010728,
92ec98729a1def14,https://nz.linkedin.com/jobs/view/automotive-parts-interpreter-duty-manager-repco-nelson-at-repco-4461519047,Automotive Parts Interpreter & Duty Manager | Repco Nelson,Repco,posted,2026-09-23T14:57:21.577900,1520
f9c74bc1359f4398,https://nz.linkedin.com/jobs/view/project-support-coordinator-at-archway-recruitment-4461543209,Project Support Coordinator,,scraped,2026-09-23T14:57:31.070335,
be4ee0ff0e1cc5e9,https://nz.linkedin.com/jobs/view/manager-project-and-portfolio-delivery-at-talent-4468521452,Manager Project and Portfolio Delivery,Talent,posted,2026-09-23T14:57:52.313405,1522
1bec6340ba08bb8e,https://nz.linkedin.com/jobs/view/residential-night-attendant-epuni-care-and-protection-residence-at-oranga-tamariki%E2%80%94ministry-for-children-4469431260,Residential Night Attendant - Epuni Care and Protection Residence,,scraped,2026-09-23T14:57:54.955426,
237f25d048341dc2,https://nz.linkedin.com/jobs/view/electrical-designer-at-worley-4442573274,Electrical Designer,Worley,posted,2026-09-23T14:58:12.340866,1524
c4e4721d110f89d2,https://nz.linkedin.com/jobs/view/administrator-sales-services-administrator-at-focus-technology-group-nz-limited-4470404179,Administrator / Sales & Services Administrator,,scraped,2026-09-23T14:58:33.951744,
de830882690b542e,https://nz.linkedin.com/jobs/view/senior-advisor-planning-performance-and-improvement-at-nz-transport-agency-waka-kotahi-4469090681,"Senior Advisor Planning, Performance and Improvement",NZ Transport Agency Waka Kotahi,posted,2026-09-23T14:58:45.495595,1444
a2403c4892c9de53,https://nz.linkedin.com/jobs/view/assistant-store-manager-at-michael-hill-4460692817,Assistant Store Manager,,scraped,2026-09-23T14:58:51.162773,
6b253d9b59fb7b8f,https://nz.linkedin.com/jobs/view/lpg-class-2-driver-at-persol-4469995535,LPG Class 2 Driver,,scraped,2026-09-23T14:59:09.142732,
04f32769b22993d1,https://nz.linkedin.com/jobs/view/advisor-te-ao-marama-at-ministry-of-justice-new-zealand-4470672613,"Advisor, Te Ao Marama",,scraped,2026-09-23T14:59:23.734881,
3d610dea0ab13220,https://nz.linkedin.com/jobs/view/senco-teacher-aotearoa-infinite-academy-at-crimson-global-academy-4453095967,SENCO Teacher - Aotearoa Infinite Academy,Crimson Global Academy,posted,2026-09-23T14:59:43.770804,1526
713e3463852b6d21,https://nz.linkedin.com/jobs/view/nzsl-tutor-wellington-at-school-jobs-4470237768,NZSL Tutor - Wellington,School Jobs,posted,2026-09-23T14:59:52.758720,1528
4e43383e623d6afb,https://nz.linkedin.com/jobs/view/electrical-designer-at-worley-4442569523,Electrical Designer,Worley,posted,2026-09-23T14:59:59.320423,1524
0184f8ccbec657db,https://nz.linkedin.com/jobs/view/deputy-principal-future-school-at-crimson-global-academy-4462107813,Deputy Principal - Future School,Crimson Global Academy,posted,2026-09-23T15:00:11.448647,1530
2d085c4999b92476,https://nz.linkedin.com/jobs/view/ai-generalist-at-rex-zone-4470902106,AI Generalist,Rex.zone,failed|wp_post_failed,2026-09-23T19:27:07.825715,
4854f7742447eebb,https://nz.linkedin.com/jobs/view/principal-fluvial-geomorphologist-at-wsp-in-new-zealand-4385337044,Principal Fluvial Geomorphologist,WSP in New Zealand,failed|wp_post_failed,2026-09-23T19:27:38.149408,
09944b0823f1d520,https://nz.linkedin.com/jobs/view/cyber-security-engineer-at-one-new-zealand-4425459368,Cyber Security Engineer,,scraped,2026-09-23T19:28:06.964738,
d35cb78b79a4567c,https://nz.linkedin.com/jobs/view/chinese-teacher-at-acg-strathallan-4462136913,Chinese Teacher,,scraped,2026-09-23T19:29:30.590450,
d9f43b7231c12dd0,https://nz.linkedin.com/jobs/view/senior-account-executive-activations-pr-influencer-at-dentsu-aotearoa-4437378810,"Senior Account Executive (Activations, PR & Influencer)",,scraped,2026-09-23T19:30:53.385425,
8150bbacecd58e4c,https://nz.linkedin.com/jobs/view/strategic-programme-planning-manager-at-watercare-services-limited-4470912714,Strategic Programme Planning Manager,,scraped,2026-09-23T19:31:03.078008,
69c455a962d257d3,https://nz.linkedin.com/jobs/view/application-engineer-at-ministry-of-justice-new-zealand-4470909670,Application Engineer,,scraped,2026-09-23T19:31:27.809639,
733dda06d50232f9,https://nz.linkedin.com/jobs/view/hydrology-stormwater-flooding-engineer-at-ghd-4425064456,"Hydrology, Stormwater & Flooding Engineer",,scraped,2026-09-23T19:31:48.840766,
90deafa67733f6cc,https://nz.linkedin.com/jobs/view/product-support-engineer-apac-at-ashby-4424461779,Product Support Engineer - APAC,Ashby,failed|wp_post_failed,2026-09-23T19:32:14.703686,
604a1b0e66150f8e,https://nz.linkedin.com/jobs/view/authority-officer-at-ministry-of-business-innovation-and-employment-4470685330,Authority Officer,,scraped,2026-09-23T19:32:23.278637,
22803da5adcd80d2,https://nz.linkedin.com/jobs/view/private-banker-at-anz-4469864331,Private Banker,,scraped,2026-09-23T19:32:49.704408,
5a64cad4f22ae17e,https://nz.linkedin.com/jobs/view/wrangler-at-w%C4%93t%C4%81-fx-4469401559,Wrangler,,scraped,2026-09-23T19:33:14.773725,
9c144b87f6272b50,https://nz.linkedin.com/jobs/view/production-technician-at-kwetta-4416024462,Production Technician,,scraped,2026-09-23T19:33:25.500413,
df0c6798a1332d83,https://nz.linkedin.com/jobs/view/general-manager-people-at-chubb-life-insurance-new-zealand-4470929456,General Manager People,,scraped,2026-09-23T19:33:50.871997,
a5d74fcdf20290ec,https://nz.linkedin.com/jobs/view/senior-developer-tech-lead-ai-lab-at-datacom-4401010559,Senior Developer / Tech Lead - AI LAB,Datacom,failed|wp_post_failed,2026-09-23T19:35:05.932857,
e43a8fea11452072,https://nz.linkedin.com/jobs/view/senior-property-consultant-at-al-ahly-sabbour-developments-4470631020,Senior Property Consultant,,scraped,2026-09-23T19:35:42.722473,
9075e1fa569031e0,https://nz.linkedin.com/jobs/view/sales-consultant-noel-leeming-wanganui-at-noel-leeming-4470689526,"Sales Consultant - Noel Leeming, Wanganui",Noel Leeming,failed|wp_post_failed,2026-09-23T19:36:51.836105,
d6365f334afd74d9,https://nz.linkedin.com/jobs/view/senior-developer-tech-lead-ai-lab-at-datacom-4401010560,Senior Developer / Tech Lead - AI LAB,Datacom,failed|wp_post_failed,2026-09-23T19:38:20.257710,
d68fe6e8949b6dc8,https://nz.linkedin.com/jobs/view/mechanical-engineer-water-expression-of-interest-at-ghd-4327841474,"Mechanical Engineer - Water, Expression of Interest",,scraped,2026-09-23T19:38:24.872846,
85ebf7ad1661c36e,https://nz.linkedin.com/jobs/view/advisor-governance-at-tiaki-wai-4468509748,Advisor Governance,Tiaki Wai,failed|wp_post_failed,2026-09-23T19:38:59.884959,
57ea7b49fc8677e3,https://nz.linkedin.com/jobs/view/tax-manager-associate-director-at-deloitte-4443063405,Tax Manager/Associate Director,Deloitte,failed|wp_post_failed,2026-09-23T19:39:13.015819,
d8b48984b52adbb6,https://nz.linkedin.com/jobs/view/commercial-planning-supply-chain-analyst-at-les-mills-brasil-%F0%9F%87%A7%F0%9F%87%B7-4468488745,Commercial Planning & Supply Chain Analyst,,scraped,2026-09-23T19:39:43.673745,
22460e56ed4a93a6,https://nz.linkedin.com/jobs/view/digital-ai-consultant-bdm-at-randstad-new-zealand-4459585839,Digital & AI Consultant (BDM),,scraped,2026-09-23T19:40:28.527976,
caa2325f28d432db,https://nz.linkedin.com/jobs/view/new-zealand-private-client-director-at-fisher-investments-4436805975,New Zealand Private Client Director,Fisher Investments,failed|wp_post_failed,2026-09-23T19:40:59.513342,
e45e7d86a5d2e3bf,https://nz.linkedin.com/jobs/view/is-manager-at-whanganui-district-council-4469419242,IS Manager,Whanganui District Council,failed|wp_post_failed,2026-09-23T19:41:35.414193,
6eaef363dde8a426,https://nz.linkedin.com/jobs/view/store-trainer-regulatory-at-foodstuffs-north-island-limited-4470273801,Store Trainer - Regulatory,,scraped,2026-09-23T19:41:40.126398,
e965901896f45312,https://nz.linkedin.com/jobs/view/business-development-manager-aesthetics-at-cryomed-aesthetics-4470687305,Business Development Manager-Aesthetics,,scraped,2026-09-23T19:41:46.923575,
58b13f5fc6854ca8,https://nz.linkedin.com/jobs/view/sales-support-and-capability-manager-at-open-country-dairy-ltd-4469406024,Sales Support and Capability Manager,Open Country Dairy Ltd,failed|wp_post_failed,2026-09-23T19:42:21.010954,
6fb7ec0b7e1ba175,https://nz.linkedin.com/jobs/view/customer-incident-manager-at-xero-4460607577,Customer Incident Manager,,scraped,2026-09-23T19:42:27.606097,
6f2935a29ce0f938,https://nz.linkedin.com/jobs/view/expressions-of-interest-business-transformation-business-consulting-at-ey-4452307333,Expressions of Interest - Business Transformation - Business Consulting,EY,failed|wp_post_failed,2026-09-23T19:43:05.143058,
147a0d65f37e689f,https://nz.linkedin.com/jobs/view/risk-analyst-at-cubic-transportation-systems-4469607438,Risk Analyst,Cubic Transportation Systems,failed|wp_post_failed,2026-09-23T22:45:28.975453,
4ff7f073dee2b5d1,https://nz.linkedin.com/jobs/view/wrangler-at-w%C4%93t%C4%81-fx-4469437113,Wrangler,,scraped,2026-09-23T22:45:47.510562,
78963c810adda1f7,https://nz.linkedin.com/jobs/view/business-development-manager-at-black-box-4469604182,Business Development Manager,Black Box,failed|wp_post_failed,2026-09-23T22:48:32.079825,
78cb7451712d1c87,https://nz.linkedin.com/jobs/view/stock-supervisor-at-pvh-corp-4469493865,Stock Supervisor,PVH Corp.,failed|wp_post_failed,2026-09-23T22:48:54.382331,
8ce2b59f4d270deb,https://nz.linkedin.com/jobs/view/business-development-manager-at-tribe-group-4471132385,Business Development Manager,,scraped,2026-09-23T22:49:52.998000,
a791d95c719a565d,https://nz.linkedin.com/jobs/view/assistant-store-manager-at-pvh-corp-4469608405,Assistant Store Manager,PVH Corp.,failed|wp_post_failed,2026-09-23T22:50:45.321647,
dcf7d8c8874dad1e,https://nz.linkedin.com/jobs/view/brand-manager-at-sky-new-zealand-4469345917,Brand Manager,,scraped,2026-09-23T22:50:57.950924,
9f1f9aef4efff9e3,https://nz.linkedin.com/jobs/view/pool-crew-cromwell-at-central-otago-district-council-4470691031,Pool Crew - Cromwell,Central Otago District Council,failed|wp_post_failed,2026-09-23T22:51:44.979153,
6ebc6cbb9fc6f847,https://nz.linkedin.com/jobs/view/mechanical-design-engineer-m-f-d-at-forvia-hella-4469360579,MECHANICAL DESIGN ENGINEER (M/F/D),,scraped,2026-09-23T22:52:15.591999,
5591610dde3c8e78,https://nz.linkedin.com/jobs/view/founding-growth-marketer-at-the-flex-4470988533,Founding Growth Marketer,,scraped,2026-09-23T22:53:28.911286,
57067fe7dad10e42,https://nz.linkedin.com/jobs/view/senior-intelligence-analyst-at-randstad-new-zealand-4469415111,Senior Intelligence Analyst,,scraped,2026-09-23T22:53:53.510826,
3ef69dcc0f997458,https://nz.linkedin.com/jobs/view/business-development-manager-hotels-at-searchparty-digital-ltd-4469877250,Business Development Manager - Hotels,searchparty digital Ltd.,failed|wp_post_failed,2026-09-24T02:49:13.291567,
d78e353d12c20174,https://nz.linkedin.com/jobs/view/platform-engineer-at-resource-corner-4469379309,Platform Engineer,,scraped,2026-09-24T02:50:06.547501,
727ca65bea281eb1,https://nz.linkedin.com/jobs/view/group-account-director-at-the-creative-store-new-zealand-4446499199,Group Account Director,,scraped,2026-09-24T02:50:26.434857,
5e0f4a9f7a588959,https://nz.linkedin.com/jobs/view/strategic-account-director-at-the-creative-store-new-zealand-4469617643,Strategic Account Director,,scraped,2026-09-24T02:51:07.781928,
baba8065e7e3f06c,https://nz.linkedin.com/jobs/view/people-and-capability-advisor-at-fliway-group-4471157167,People and Capability Advisor,,scraped,2026-09-24T02:52:24.140740,
8af53979f3cc79ec,https://nz.linkedin.com/jobs/view/ios-developer-at-synechron-4467356534,iOS Developer,Synechron,failed|wp_post_failed,2026-09-24T02:52:45.373666,
48f9fc323cbe00e2,https://nz.linkedin.com/jobs/view/marketing-ticketing-manager-at-tauranga-city-council-4471152509,Marketing & Ticketing Manager,,scraped,2026-09-24T02:52:56.259470,
39bc747235d84174,https://nz.linkedin.com/jobs/view/customer-success-operations-manager-4469812723,Customer Success & Operations Manager,Janelle's Recruitment,failed|wp_post_failed,2026-09-24T02:53:26.570162,
7728f9230eb6345f,https://nz.linkedin.com/jobs/view/productivity-analyst-at-hamilton-city-council-4469636762,Productivity Analyst,Hamilton City Council,failed|wp_post_failed,2026-09-24T02:54:53.443113,
a2575c1511575b73,https://nz.linkedin.com/jobs/view/risk-partner-at-southern-cross-health-insurance-4471184086,Risk Partner,,scraped,2026-09-24T02:56:08.360502,
a0f9a981d8ef3e8e,https://nz.linkedin.com/jobs/view/senior-building-control-officer-inspections-at-tauranga-city-council-4471144803,Senior Building Control Officer - Inspections,,scraped,2026-09-24T02:56:26.303002,
cb7b4736c5e3bcb6,https://nz.linkedin.com/jobs/view/nz-crm-manager-at-amplifon-4471149423,NZ CRM Manager,,scraped,2026-09-24T02:56:56.097416,
abd1190bf36c96b4,https://nz.linkedin.com/jobs/view/business-development-manager-at-2degrees-4471130670,Business Development Manager,,scraped,2026-09-24T02:57:09.084368,
b3898782c7974926,https://nz.linkedin.com/jobs/view/senior-policy-analyst-at-tribe-group-4452337762,Senior Policy Analyst,,scraped,2026-09-24T02:57:26.346607,
6c046719fb2ec8a4,https://nz.linkedin.com/jobs/view/senior-software-engineer-operations-software-at-rocket-lab-4393074166,Senior Software Engineer - Operations Software,Rocket Lab,failed|wp_post_failed,2026-09-24T02:57:39.022146,
866760f7ca6e03d2,https://nz.linkedin.com/jobs/view/customer-experience-manager-at-nz-safety-blackwoods-4471140401,Customer Experience Manager,NZ Safety Blackwoods,failed|wp_post_failed,2026-09-24T02:57:59.192850,
e2bf2f8706d5a19f,https://nz.linkedin.com/jobs/view/cable-jointer-at-northpower-4471167286,Cable Jointer,,scraped,2026-09-24T02:58:04.057024,
f875b202d034211a,https://nz.linkedin.com/jobs/view/physiotherapist-at-apm-new-zealand-4356408965,Physiotherapist,,scraped,2026-09-24T02:58:31.376344,
fb7f656c2039c551,https://nz.linkedin.com/jobs/view/brand-director-home-care-at-zuru-edge-4469131128,Brand Director - Home Care,ZURU Edge,failed|wp_post_failed,2026-09-24T02:59:00.594785,
ce6a3c00be0c973d,https://nz.linkedin.com/jobs/view/general-manager-auckland-waikato-at-lineage-4469404147,General Manager - Auckland/Waikato,Lineage,failed|wp_post_failed,2026-09-24T02:59:11.219139,
ce9ea575796cb891,https://nz.linkedin.com/jobs/view/venue-customer-services-officer-at-central-otago-district-council-4470680523,Venue Customer Services Officer,Central Otago District Council,failed|wp_post_failed,2026-09-24T02:59:46.905479,
6410e43b390b624d,https://nz.linkedin.com/jobs/view/digital-social-media-executive-sport-at-sky-new-zealand-4469364181,Digital & Social Media Executive - Sport,,scraped,2026-09-24T03:00:07.522934,
dd2ebca581f84aac,https://nz.linkedin.com/jobs/view/mechanical-engineer-water-expression-of-interest-at-ghd-4327792886,"Mechanical Engineer - Water, Expression of Interest",,scraped,2026-09-24T03:00:43.714384,
a6cf18037ed9c537,https://nz.linkedin.com/jobs/view/ccc-and-compliance-supervisor-at-tauranga-city-council-4471138352,CCC and Compliance Supervisor,,scraped,2026-09-24T03:00:55.922924,
fd21e648ec71154c,https://nz.linkedin.com/jobs/view/caregiver-coverpool-at-ryman-healthcare-4459568852,Caregiver - Coverpool,,scraped,2026-09-24T03:02:02.030605,
26f150f371155f5c,https://nz.linkedin.com/jobs/view/bms-senior-technical-services-lead-at-honeywell-technologies-4462178230,BMS Senior Technical Services Lead,Honeywell Technologies,failed|wp_post_failed,2026-09-24T03:02:18.953712,
ea2877dcb2fb54ba,https://nz.linkedin.com/jobs/view/candidate-manager-property-and-procurement-wellington-at-robert-walters-4469821945,Candidate Manager - Property and Procurement - Wellington,Robert Walters,failed|wp_post_failed,2026-09-24T03:02:32.830810,
f0d1ae7c6712da41,https://nz.linkedin.com/jobs/view/full-time-online-spanish-teachers-aotearoa-infinite-academy-at-crimson-global-academy-4453098182,Full-time Online Spanish Teachers - Aotearoa Infinite Academy,Crimson Global Academy,failed|wp_post_failed,2026-09-24T03:02:46.915792,
f44de54839f38e50,https://nz.linkedin.com/jobs/view/finance-business-partner-at-habit-health-4469642284,Finance Business Partner,,scraped,2026-09-24T03:02:49.523286,
b064081f81bbc0f2,https://nz.linkedin.com/jobs/view/senior-business-analyst-auckland-hamilton-or-wellington-at-nz-post-4470410262,"Senior Business Analyst (Auckland, Hamilton or Wellington)",,scraped,2026-09-24T03:02:59.682702,
75f0f72f85243625,https://nz.linkedin.com/jobs/view/salesperson-at-all-drill-nz-limited-4471163450,Salesperson,,scraped,2026-09-24T03:03:23.215924,
94817758949df820,https://nz.linkedin.com/jobs/view/senior-azure-devops-engineer-%E2%80%93-aks-terraform-containers-at-sg-consulting-limited-4471149432,"Senior Azure DevOps Engineer – AKS, Terraform & Containers",,scraped,2026-09-24T03:03:29.619207,
b1fbc7cdbcf7f33c,https://nz.linkedin.com/jobs/view/executive-director-corporate-at-aon-4462109942,Executive Director - Corporate,,scraped,2026-09-24T03:03:51.955159,
423d340b64cd21a0,https://nz.linkedin.com/jobs/view/l4-senior-naval-architect-at-babcock-australia-new-zealand-4434942727,L4 Senior Naval Architect,,scraped,2026-09-24T03:03:58.449415,
e8c590e4b5a2688f,https://nz.linkedin.com/jobs/view/senior-facade-engineer-at-bg-e-part-of-systra-4469307682,Senior Facade Engineer,,scraped,2026-09-24T03:04:18.758018,
d6f72ad615f20a73,https://nz.linkedin.com/jobs/view/head-of-technical-capability-at-transpower-new-zealand-4459933117,Head of Technical Capability,,scraped,2026-09-24T03:04:29.088948,
f6cfec247b4af9af,https://nz.linkedin.com/jobs/view/ghd-graduate-program-2026-27-graduate-structural-engineers-new-zealand-at-ghd-4460211373,GHD Graduate Program 2026/27 - Graduate Structural Engineers (New Zealand),,scraped,2026-09-24T03:05:28.399713,
038a5dcd6a2b8fcd,https://nz.linkedin.com/jobs/view/optometrist-new-lynn-lynn-mall-at-oscar-wylee-4469399037,Optometrist- New Lynn (Lynn Mall),,scraped,2026-09-24T08:58:52.582900,
cb40b0336a1adba0,https://nz.linkedin.com/jobs/view/business-development-executive-auckland-or-wellington-at-dxc-technology-australia-and-new-zealand-4470673983,Business Development Executive - Auckland or Wellington,,scraped,2026-09-24T08:59:36.916381,
6ec7ab34deb7c343,https://nz.linkedin.com/jobs/view/cnc-machinist-christchurch-at-dawn-aerospace-4469397581,CNC Machinist - Christchurch,,scraped,2026-09-24T08:59:43.440752,
5095260d3527e007,https://nz.linkedin.com/jobs/view/program-manager-at-consultanz-civil-engineering-construction-surveying-recruitment-4469626140,Program Manager,,scraped,2026-09-24T08:59:50.163914,
d7c0c1a36b64ca65,https://nz.linkedin.com/jobs/view/legal-editor-cases-at-thomson-reuters-4449384148,Legal Editor - Cases,,scraped,2026-09-24T09:00:10.864189,
43e4bfab099f75c1,https://nz.linkedin.com/jobs/view/history-teacher-2027-permanent-full-time-at-school-jobs-4468887716,"History Teacher 2027 (permanent, full-time)",School Jobs,posted,2026-09-24T09:00:23.713534,1532
73218254a2f44b5f,https://nz.linkedin.com/jobs/view/assistant-underwriter-at-suncorp-group-4468922877,Assistant Underwriter,,scraped,2026-09-24T09:00:44.440289,
d2119feb70732490,https://nz.linkedin.com/jobs/view/gardener-street-landscapes-at-hamilton-city-council-4469660384,Gardener - Street Landscapes,Hamilton City Council,posted,2026-09-24T09:01:14.001787,1534
24df56df2d424522,https://nz.linkedin.com/jobs/view/class-4-driver-wanaka-at-hw-richardson-group-4470433455,Class 4 Driver Wanaka,,scraped,2026-09-24T09:01:32.670521,
b1df927710a1a7e1,https://nz.linkedin.com/jobs/view/assistant-store-manager-hornby-at-skechers-australia-new-zealand-4452401253,Assistant Store Manager - Hornby,,scraped,2026-09-24T09:01:43.560460,
7ff0f68f1cad56f6,https://nz.linkedin.com/jobs/view/anaesthetic-technician-at-mercy-hospital-dunedin-4471432249,Anaesthetic Technician,,scraped,2026-09-24T09:01:58.243088,
61d5de33b01f8c83,https://nz.linkedin.com/jobs/view/building-consent-processing-grow-your-career-with-us-at-tauranga-city-council-4471116524,Building Consent Processing - Grow your career with us,,scraped,2026-09-24T09:02:06.886093,
bb155214c6546589,https://nz.linkedin.com/jobs/view/ict-operations-coordinator-at-greater-wellington-4471152263,ICT Operations Coordinator,,scraped,2026-09-24T09:02:30.974846,
dee55eaeb3ff005a,https://nz.linkedin.com/jobs/view/senior-material-scientist-at-xplora-ventures-4471173857,Senior Material Scientist,,scraped,2026-09-24T09:02:39.394305,
d07203e6b8a21c2c,https://nz.linkedin.com/jobs/view/head-of-sales-new-zealand-at-tegel-foods-ltd-4471195382,Head Of Sales New Zealand,,scraped,2026-09-24T09:03:02.005288,
ff82a8ff3ae3d45a,https://nz.linkedin.com/jobs/view/senior-retail-assistant-repco-burnside-at-repco-4469379896,Senior Retail Assistant | Repco Burnside,Repco,posted,2026-09-24T09:03:28.964576,1536
b67794930c3193d7,https://nz.linkedin.com/jobs/view/key-account-manager-at-careeraiforge-4471187576,Key Account Manager,careerAIForge,posted,2026-09-24T09:03:49.448048,1063
5e6feb2c1b8f0e50,https://nz.linkedin.com/jobs/view/experienced-sewing-machinist-cutter-at-do-not-disturb-sleep-company-4471110556,Experienced Sewing Machinist & Cutter,,scraped,2026-09-24T09:04:02.086433,
1868ca37a12f7fdf,https://nz.linkedin.com/jobs/view/domain-consultant-idira-at-palo-alto-networks-4452416739,Domain Consultant - Idira,Palo Alto Networks,posted,2026-09-24T09:05:24.852641,1538
019503ada311b53a,https://nz.linkedin.com/jobs/view/senior-data-analyst-at-entain-australia-new-zealand-4471191321,Senior Data Analyst,,scraped,2026-09-24T09:05:29.508459,
fac93853dfab38ce,https://nz.linkedin.com/jobs/view/river-engineer-analyst-at-wsp-in-new-zealand-4471185337,River Engineer/Analyst,WSP in New Zealand,posted,2026-09-24T09:06:21.290829,1540
d2411e8851d4ac20,https://nz.linkedin.com/jobs/view/qualified-drainlayer-at-stately-plumbing-ltd-4471176731,Qualified Drainlayer,,scraped,2026-09-24T09:06:32.010625,
f68ef38641546b76,https://nz.linkedin.com/jobs/view/oracle-test-manager-at-deloitte-4441455845,Oracle Test Manager,Deloitte,posted,2026-09-24T09:07:17.875629,1542
d9778da029b044a5,https://nz.linkedin.com/jobs/view/lead-operator-waharoa-at-graincorp-4469632165,Lead Operator - Waharoa,,scraped,2026-09-24T09:07:58.634556,
0732ecd9f30eb229,https://nz.linkedin.com/jobs/view/class-5-linehaul-driver-at-team-global-express-4462097069,Class 5 Linehaul Driver,,scraped,2026-09-24T09:08:13.179032,
dc22d70b50188364,https://nz.linkedin.com/jobs/view/teacher-of-the-deaf-kelston-primary-at-school-jobs-4469383259,Teacher of the Deaf - Kelston Primary,School Jobs,posted,2026-09-24T09:08:34.336262,1544
57446e58e147d58a,https://nz.linkedin.com/jobs/view/primary-physical-education-teacher-at-acg-strathallan-4470657994,Primary Physical Education Teacher,,scraped,2026-09-24T09:10:15.002690,
c9230e808574aec1,https://nz.linkedin.com/jobs/view/instrumentation-technician-at-geotechnics-ltd-4438063300,Instrumentation Technician,,scraped,2026-09-24T09:12:23.589782,
794208cc3fa0a905,https://nz.linkedin.com/jobs/view/administrator-sales-services-administrator-at-focus-technology-group-nz-limited-4471196306,Administrator / Sales & Services Administrator,,scraped,2026-09-24T09:14:31.948381,
60b30b78df35230c,https://nz.linkedin.com/jobs/view/travel-expert-new-lynn-at-flight-centre-travel-group-4461508054,Travel Expert - New Lynn,,scraped,2026-09-24T14:37:48.564195,
a38799b3e348a09d,https://nz.linkedin.com/jobs/view/hr-generalist-anz-at-sensient-technologies-corporation-4442660213,"HR Generalist, ANZ",Sensient Technologies Corporation,posted,2026-09-24T14:38:04.491152,1546
e41c260a777c7949,https://nz.linkedin.com/jobs/view/chef-de-partie-at-ibis-ibis-styles-ibis-budget-4469092274,Chef de Partie,"ibis, ibis Styles, ibis budget",posted,2026-09-24T14:38:11.085132,1056
e65362d492cd1a2a,https://nz.linkedin.com/jobs/view/senior-site-reliability-engineer-at-tracksuit-4470284254,Senior Site Reliability Engineer,Tracksuit,posted,2026-09-24T14:38:43.488907,1548
62c52d48fe2c5fec,https://nz.linkedin.com/jobs/view/store-leader-at-travelex-4469718385,Store Leader,,scraped,2026-09-24T14:38:52.128372,
ab35e2a90339648b,https://nz.linkedin.com/jobs/view/food-beverage-supervisor-at-so-auckland-4468929913,Food & Beverage Supervisor,,scraped,2026-09-24T14:39:09.745836,
508e7dc24bedcdcf,https://nz.linkedin.com/jobs/view/senior-corporate-accountant-at-archway-recruitment-4461062155,Senior Corporate Accountant,,scraped,2026-09-24T14:39:32.776802,
97d9fd01a60e344d,https://nz.linkedin.com/jobs/view/senior-manager-actuarial-insurance-risk-at-kpmg-new-zealand-4461371971,Senior Manager - Actuarial & Insurance Risk,KPMG New Zealand,posted,2026-09-24T14:40:21.532241,1550
ab61358c3fc90233,https://nz.linkedin.com/jobs/view/general-manager-marketing-at-tribe-group-4462488410,General Manager - Marketing,,scraped,2026-09-24T14:40:48.088726,
c79ee411a311c276,https://nz.linkedin.com/jobs/view/production-assistant-at-db-breweries-4462766369,Production Assistant,,scraped,2026-09-24T14:41:09.365046,
8c2ebb86f3042af5,https://nz.linkedin.com/jobs/view/production-assistant-at-the-heineken-company-4461382904,Production Assistant,The HEINEKEN Company,posted,2026-09-24T14:41:32.456256,1552
f68d8fdf3b83bcd3,https://nz.linkedin.com/jobs/view/senior-cybersecurity-consultant-application-security-appsec-at-datacom-4468519964,Senior Cybersecurity Consultant - Application Security (AppSec),Datacom,posted,2026-09-24T14:41:54.108723,1290
2e636d6916b0aef6,https://nz.linkedin.com/jobs/view/kmart-botany-nz-duty-manager-at-kmart-australia-limited-4460469260,Kmart Botany NZ - Duty Manager,Kmart Australia Limited,posted,2026-09-24T14:42:31.814940,1554
d7f5f9c7f0297753,https://nz.linkedin.com/jobs/view/head-of-sales-marketing-protein-at-tribe-group-4469647199,Head of Sales & Marketing - Protein,,scraped,2026-09-24T14:42:36.384642,
66be1186975d1625,https://nz.linkedin.com/jobs/view/sales-executive-at-skyrunner-drone-light-shows-llc-4469745731,SALES EXECUTIVE,Skyrunner Drone Light Shows LLC,posted,2026-09-24T14:42:56.986578,1091
0945c1f2ce81ef10,https://nz.linkedin.com/jobs/view/senior-devops-engineer-at-ignitetech-4443480854,Senior DevOps Engineer,IgniteTech,posted,2026-09-24T14:43:30.226920,1556
0234b139774be488,https://nz.linkedin.com/jobs/view/senior-manager-payments-regulatory-compliance-at-verifone-4444289981,Senior Manager - Payments & Regulatory Compliance,Verifone,posted,2026-09-24T14:43:40.486106,1558
b859784075b30ed0,https://nz.linkedin.com/jobs/view/sales-professional-at-michael-hill-4460945310,Sales Professional,,scraped,2026-09-24T14:43:59.134609,
6aae793376746c1f,https://nz.linkedin.com/jobs/view/business-development-manager-at-hikvision-australia-and-new-zealand-4471186068,Business Development Manager,,scraped,2026-09-24T14:44:06.973612,
5095fce0ba76f635,https://nz.linkedin.com/jobs/view/showroom-manager-at-coco-republic-4471199424,Showroom Manager,,scraped,2026-09-24T14:44:30.289712,
6878bc1829f78ae2,https://nz.linkedin.com/jobs/view/software-and-hardware-asset-manager-at-k%C4%81inga-ora-homes-and-communities-4468977717,Software and Hardware Asset Manager,,scraped,2026-09-24T14:44:40.697541,
68e13e783cba27b0,https://nz.linkedin.com/jobs/view/maintenance-engineer-at-silver-fern-farms-ltd-4471171153,Maintenance Engineer,,scraped,2026-09-24T14:44:49.017363,
67a224756dcaaa1f,https://nz.linkedin.com/jobs/view/people-and-performance-manager-hybrid-at-crimson-global-academy-4471193685,People and Performance Manager - Hybrid,Crimson Global Academy,posted,2026-09-24T14:45:16.851669,1560
67e1d2a6d643379b,https://nz.linkedin.com/jobs/view/sales-consultant-noel-leeming-pukekohe-at-noel-leeming-4470699098,"Sales Consultant - Noel Leeming, Pukekohe",Noel Leeming,posted,2026-09-24T14:45:31.973400,1562
38585e80c6b3a784,https://nz.linkedin.com/jobs/view/senior-finance-business-partner-at-hunter-campbell-4469624099,Senior Finance Business Partner,,scraped,2026-09-24T14:45:37.227426,
6bf2877497b83c44,https://nz.linkedin.com/jobs/view/business-advisor-marketing-services-account-manager-christchurch-nz-at-thryv-australia-new-zealand-4469369874,Business Advisor (Marketing Services Account Manager) - Christchurch NZ,Thryv Australia & New Zealand,posted,2026-09-24T14:46:05.542225,1564
1d9f9d19d78b64f6,https://nz.linkedin.com/jobs/view/employment-consultant-at-apm-new-zealand-4462779302,Employment Consultant,,scraped,2026-09-24T14:46:10.225085,
b780f1e8eba2e5af,https://nz.linkedin.com/jobs/view/river-engineer-analyst-at-wsp-4471432322,River Engineer/Analyst,WSP,posted,2026-09-24T14:46:26.523296,1540
9d900c8afe90e5d7,https://nz.linkedin.com/jobs/view/general-manager-category-insights-at-tribe-group-4462494372,General Manager - Category & Insights,,scraped,2026-09-24T14:47:15.112068,
749db10be950eb1a,https://nz.linkedin.com/jobs/view/platforms-lead-at-tonkin-%2B-taylor-4453059178,Platforms Lead,,scraped,2026-09-24T14:47:36.477509,
42c89b9e40be0cff,https://nz.linkedin.com/jobs/view/care-advocate-ii-at-marathon-electric-%E2%80%93-motors-and-generators-4462749939,Care Advocate II,Marathon Electric – Motors and Generators,posted,2026-09-24T14:48:02.570275,1566
0ebcaaeaaaa494e9,https://nz.linkedin.com/jobs/view/corporate-tax-%E2%80%93-associate-senior-associate-at-pwc-new-zealand-4462730442,Corporate Tax – Associate / Senior Associate,PwC New Zealand,posted,2026-09-24T14:48:14.862149,1568
510b830dbdbdea9e,https://nz.linkedin.com/jobs/view/accounts-receivable-controller-at-gallagher-4460692415,Accounts Receivable Controller,,scraped,2026-09-24T14:48:19.533170,
2e2d0ff0e3ccbd60,https://nz.linkedin.com/jobs/view/senior-project-manager-at-unispace-4458405582,Senior Project Manager,Unispace,posted,2026-09-24T14:49:07.948315,341
28ddf8e54012145c,https://nz.linkedin.com/jobs/view/technical-director-planning-at-ghd-4345867436,Technical Director - Planning,,scraped,2026-09-24T14:49:10.628952,
529e21b1e4bf4109,https://nz.linkedin.com/jobs/view/digital-growth-manager-at-gallagher-animal-management-4469623349,Digital Growth Manager,,scraped,2026-09-24T14:49:21.234618,
1f7f0bc43967b65a,https://nz.linkedin.com/jobs/view/team-leader-store-manager-christchurch-at-resmed-4414642754,Team Leader (Store Manager) - Christchurch,Resmed,posted,2026-09-24T14:49:39.909895,1570
60cca0025c304b5b,https://nz.linkedin.com/jobs/view/internal-communications-manager-at-kiwibank-4469632228,Internal Communications Manager,Kiwibank,posted,2026-09-24T14:50:30.847031,1572
66770fdbe563a570,https://nz.linkedin.com/jobs/view/accountant-at-genesis-4471194562,Accountant,Genesis,posted,2026-09-24T14:51:26.533053,252
0b63f8ea07c7dd7f,https://nz.linkedin.com/jobs/view/store-manager-hornby-factory-outlet-christchurch-nz-at-adidas-4469714725,"Store Manager - Hornby Factory Outlet, Christchurch NZ",,scraped,2026-09-24T14:51:59.251208,
325adc307af2fb4a,https://nz.linkedin.com/jobs/view/sales-manager-whangarei-at-keith-andrews-4469454470,Sales Manager - Whangarei,,scraped,2026-09-24T14:52:32.146647,
bbcc5a95c8a636cd,https://nz.linkedin.com/jobs/view/operations-team-member-at-jb-hi-fi-4471415862,Operations Team Member,,scraped,2026-09-24T14:52:38.609602,
0e74dcac23531a82,https://nz.linkedin.com/jobs/view/sales-support-administrator-at-bayleys-real-estate-4469687093,Sales Support Administrator,,scraped,2026-09-24T14:52:45.349437,
8a865c5df29c33ef,https://nz.linkedin.com/jobs/view/trade-sales-inventory-assistant-at-plumbing-world-4471154903,Trade Sales / Inventory Assistant,Plumbing World,posted,2026-09-24T14:53:18.839684,1574
46b8cf1b0eabb3b8,https://nz.linkedin.com/jobs/view/courier-at-fedex-4338930635,Courier,FedEx,posted,2026-09-24T14:53:32.275012,421
9c0d0fe0e4819153,https://nz.linkedin.com/jobs/view/account-manager-at-corpay-4433668598,Account Manager,Corpay,posted,2026-09-24T14:53:36.907694,156
bc2bb5ab55e92676,https://nz.linkedin.com/jobs/view/residential-marketing-coordinator-at-bayleys-real-estate-4469683161,Residential Marketing Coordinator,,scraped,2026-09-24T14:53:39.477112,
5c1dc64571afda55,https://nz.linkedin.com/jobs/view/business-development-manager-at-thryv-australia-new-zealand-4471134539,Business Development Manager,Thryv Australia & New Zealand,posted,2026-09-24T14:53:57.918973,266
2fed44a8765648c3,https://nz.linkedin.com/jobs/view/manager-property-advisory-at-auckland-council-4469396574,Manager Property Advisory,Auckland Council,posted,2026-09-24T14:54:11.204313,1575
ff10796b83ed8e88,https://nz.linkedin.com/jobs/view/secondary-teacher-y7-8-at-oneschool-global-4459902250,Secondary Teacher Y7-8,OneSchool Global,posted,2026-09-24T14:54:21.592183,1577
e5f8ce2315ef7ff7,https://nz.linkedin.com/jobs/view/ihc-community-liaison-hamilton-at-ihc-new-zealand-4469628154,IHC Community Liaison Hamilton,,scraped,2026-09-24T14:54:26.223235,
d27abf7b34f88a48,https://nz.linkedin.com/jobs/view/team-leader-hamilton-nz-full-time-at-resmed-4414653476,"Team Leader Hamilton, NZ (Full time)",Resmed,posted,2026-09-24T14:54:37.931903,1579
fc87f72bef27a093,https://nz.linkedin.com/jobs/view/customer-success-operations-manager-4471143255,Customer Success & Operations Manager,Janelle's Recruitment,posted,2026-09-24T14:54:50.703330,1581
0ea89a6e127e203d,https://nz.linkedin.com/jobs/view/team-lead-communications-engagement-at-nz-transport-agency-waka-kotahi-4469711044,"Team Lead, Communications & Engagement",NZ Transport Agency Waka Kotahi,posted,2026-09-24T14:55:09.045965,1583
4083b6132aa5d34b,https://nz.linkedin.com/jobs/view/senior-developer-tech-lead-ai-lab-at-datacom-4401001994,Senior Developer / Tech Lead - AI LAB,Datacom,posted,2026-09-24T14:55:22.059628,1410
124dbe5ab32c61fb,https://nz.linkedin.com/jobs/view/commercial-finance-manager-at-tribe-group-4451482475,Commercial Finance Manager,,scraped,2026-09-24T14:55:46.661979,
4212405ffa61269e,https://nz.linkedin.com/jobs/view/senior-facade-engineer-at-bg-e-part-of-systra-4469314300,Senior Facade Engineer,,scraped,2026-09-24T14:56:12.119989,
326e2423c5e9ccfc,https://nz.linkedin.com/jobs/view/commercial-coordinator-at-ministry-of-business-innovation-and-employment-4470639236,Commercial Coordinator,,scraped,2026-09-24T14:56:21.527026,
aaec92cfad837e82,https://nz.linkedin.com/jobs/view/bi-developer-at-deloitte-4444235392,BI Developer,Deloitte,posted,2026-09-24T14:56:36.072702,1585
1a13b191e2d942c6,https://nz.linkedin.com/jobs/view/principal-ai-solution-engineer-at-one-new-zealand-4434963288,Principal AI Solution Engineer,,scraped,2026-09-24T14:57:26.729067,
2f4aede94cd161ad,https://nz.linkedin.com/jobs/view/ai-systems-and-solutions-specialist-at-seequent-4471450051,AI Systems and Solutions Specialist,,scraped,2026-09-24T14:58:04.223683,
8c344a2bdc876189,https://nz.linkedin.com/jobs/view/director-of-dtc-retail-e-commerce-merchandise-at-mons-royale-4471145713,"Director of DTC (Retail, E-commerce & Merchandise)",,scraped,2026-09-24T14:58:55.795627,
a73e8b06c2b2edd4,https://nz.linkedin.com/jobs/view/full-time-online-french-teachers-aotearoa-infinite-academy-at-crimson-global-academy-4453099170,Full-time Online French Teachers - Aotearoa Infinite Academy,Crimson Global Academy,posted,2026-09-24T14:59:15.542393,1587
17ed2b5cdeacd686,https://nz.linkedin.com/jobs/view/full-time-online-mathematics-teachers-aotearoa-infinite-academy-at-crimson-global-academy-4453109052,Full-time Online Mathematics Teachers- Aotearoa Infinite Academy,Crimson Global Academy,posted,2026-09-24T14:59:28.936177,1589
e510e3015f14b55e,https://nz.linkedin.com/jobs/view/travel-expert-new-lynn-at-flight-centre-4461550244,Travel Expert - New Lynn,,scraped,2026-09-24T19:47:01.320428,
a3b06bb4a29f4a9b,https://nz.linkedin.com/jobs/view/district-court-scheduler-at-ministry-of-justice-new-zealand-4470665976,District Court Scheduler,,scraped,2026-09-24T19:47:14.539593,
e73b947916109de0,https://nz.linkedin.com/jobs/view/experienced-tax-preparer-at-jackson-hewitt-tax-service-inc-4468183193,Experienced Tax Preparer,Jackson Hewitt Tax Service Inc.,posted,2026-09-24T19:47:30.853714,1591
0b75e7a8db034b88,https://nz.linkedin.com/jobs/view/electrician-at-stellar-recruitment-4468366920,Electrician,,scraped,2026-09-24T19:47:33.468425,
25e5f5acf4924380,https://nz.linkedin.com/jobs/view/platypus-assistant-store-manager-napier-at-platypus-shoes-4433533092,Platypus Assistant Store Manager - Napier,,scraped,2026-09-24T19:47:40.079222,
5792b7b97a5f2d4e,https://nz.linkedin.com/jobs/view/luxury-consultant-freeman-turner-ta-at-travel-associates-australia-new-zealand-4440942414,"Luxury Consultant - Freeman&Turner, TA",,scraped,2026-09-24T19:48:00.711109,
c89bf2f5c190f234,https://nz.linkedin.com/jobs/view/senior-site-reliability-engineer-at-tracksuit-4468156987,Senior Site Reliability Engineer,Tracksuit,posted,2026-09-24T19:48:14.569323,1548
bbab0fbee81d3944,https://nz.linkedin.com/jobs/view/mechanical-engineer-at-careeraiforge-4471192373,Mechanical Engineer,careerAIForge,posted,2026-09-24T19:48:58.184970,1593
2b7ee2fd03c2154f,https://nz.linkedin.com/jobs/view/client-director-at-capgemini-4450474663,Client Director,,scraped,2026-09-24T19:49:54.916699,
424e6499c6039841,https://nz.linkedin.com/jobs/view/builder-at-dlp-construction-4470638660,Builder,,scraped,2026-09-24T19:50:03.302096,
17557c440c547d51,https://nz.linkedin.com/jobs/view/secondary-teacher-english-at-acg-strathallan-4462411225,Secondary Teacher - English,,scraped,2026-09-24T19:50:12.946130,
bd93cb25e925b665,https://nz.linkedin.com/jobs/view/executive-support-at-ministry-of-justice-new-zealand-4470671581,Executive Support,,scraped,2026-09-24T19:50:33.589157,
c9b03ae23f82b4aa,https://nz.linkedin.com/jobs/view/licensing-executive-at-zuru-toys-4453080495,Licensing Executive,,scraped,2026-09-24T19:52:22.823478,
462048280804c601,https://nz.linkedin.com/jobs/view/claims-consultant-at-suncorp-group-4471434725,Claims Consultant,,scraped,2026-09-24T19:52:33.717006,
c6ac13a05bb624a2,https://nz.linkedin.com/jobs/view/claims-consultant-at-suncorp-group-4471446335,Claims Consultant,,scraped,2026-09-24T19:53:22.891760,
b04bc5d521bdc38f,https://nz.linkedin.com/jobs/view/business-development-manager-ev-charging-public-network-at-z-energy-nz-4469114116,Business Development Manager - EV Charging Public Network,,scraped,2026-09-24T19:53:35.883162,
0b06a4312558ea08,https://nz.linkedin.com/jobs/view/content-creator-social-manager-at-the-creative-store-new-zealand-4469634073,Content Creator & Social Manager,,scraped,2026-09-24T19:54:07.528539,
27c5dd0e0005a370,https://nz.linkedin.com/jobs/view/associate-at-mckinsey-company-4305115637,Associate,McKinsey &amp; Company,posted,2026-09-24T19:54:25.642732,1595
2ea665ab576c8a8d,https://nz.linkedin.com/jobs/view/kmart-botany-nz-department-manager-at-kmart-australia-limited-4460453394,Kmart Botany NZ - Department Manager,Kmart Australia Limited,posted,2026-09-24T19:54:47.815631,1597
3ccc3ca47e04f2f4,https://nz.linkedin.com/jobs/view/trade-centre-manager-at-nz-safety-blackwoods-4471405235,Trade Centre Manager,NZ Safety Blackwoods,posted,2026-09-24T19:56:05.191170,1599
c817792dc0435c0b,https://nz.linkedin.com/jobs/view/operations-coordinator-at-jb-hi-fi-4471431336,Operations Coordinator,,scraped,2026-09-24T19:56:21.801946,
34be55b5b7d3f69a,https://nz.linkedin.com/jobs/view/performance-specialist-at-k%C4%81-te-rama-switched-on-group-4471135699,Performance Specialist,,scraped,2026-09-24T19:56:30.666901,
798bff4b8fe6bd78,https://nz.linkedin.com/jobs/view/business-director-at-mbm-4434388998,Business Director,,scraped,2026-09-24T19:56:54.183806,
d1771e91ee36a822,https://nz.linkedin.com/jobs/view/regional-rural-lead-at-opteon-aus-nz-4432719538,Regional Rural Lead,,scraped,2026-09-24T19:57:00.616924,
e7a481e636cccc64,https://nz.linkedin.com/jobs/view/digital-director-at-mbm-4434390909,Digital Director,,scraped,2026-09-24T19:57:35.195996,
476421f554d2235b,https://nz.linkedin.com/jobs/view/structural-analyst-space-launch-new-zealand-at-dawn-aerospace-4471676002,Structural Analyst (Space Launch New Zealand),,scraped,2026-09-24T19:57:51.423512,
65c3297cc7499e38,https://nz.linkedin.com/jobs/view/guest-service-agent-at-hind-management-4471190059,Guest Service Agent,,scraped,2026-09-24T19:58:12.074567,
a4b41d9e7759e99c,https://nz.linkedin.com/jobs/view/mechanical-engineer-building-services-at-beca-4442975370,"Mechanical Engineer, Building Services",,scraped,2026-09-24T19:58:18.794992,
3c07fc8a880b3c59,https://nz.linkedin.com/jobs/view/cafe-and-restaurant-supervisors-permanent-at-kinloch-lodge-ltd-4469398624,Cafe and Restaurant supervisors - permanent,,scraped,2026-09-24T19:58:28.608580,
c714cc3d9c1e3a7b,https://nz.linkedin.com/jobs/view/senior-structural-engineer-at-archway-recruitment-4461579072,Senior Structural Engineer,,scraped,2026-09-24T19:58:46.482281,
180a87bc2f831181,https://nz.linkedin.com/jobs/view/project-manager-civil-infrastructure-at-archway-recruitment-4462117539,Project Manager - Civil Infrastructure,,scraped,2026-09-24T19:58:54.205554,
fbdde7188bdd27db,https://nz.linkedin.com/jobs/view/digital-growth-manager-at-gallagher-4469616628,Digital Growth Manager,,scraped,2026-09-24T19:59:11.958246,
4a6e7e9af4f0bca5,https://nz.linkedin.com/jobs/view/automation-ai-engineer-at-abano-healthcare-group-4470208385,Automation & AI Engineer,,scraped,2026-09-24T19:59:22.463698,
05ff0fb31fdb8910,https://nz.linkedin.com/jobs/view/senior-manager-technology-risk-at-ey-4467372438,Senior Manager - Technology Risk,EY,posted,2026-09-24T19:59:44.772210,1601
940da5132065949d,https://nz.linkedin.com/jobs/view/demand-planner-at-lion-4460491218,Demand Planner,,scraped,2026-09-24T19:59:59.394473,
fc061d76d84f4580,https://nz.linkedin.com/jobs/view/slipform-paver-operator-at-brian-perry-civil-4471194602,Slipform Paver Operator,,scraped,2026-09-24T20:00:12.669179,
7b227432e8277ec0,https://nz.linkedin.com/jobs/view/private-business-business-advisory-senior-manager-director-at-pwc-new-zealand-4443721097,Private Business (Business Advisory) - Senior Manager /Director,PwC New Zealand,posted,2026-09-24T20:00:41.950662,1603
5265c7c11e591c3d,https://nz.linkedin.com/jobs/view/principal-data-solution-engineer-at-one-new-zealand-4434956348,Principal Data Solution Engineer,,scraped,2026-09-24T20:01:10.598694,
bcb22a48192d7ddc,https://nz.linkedin.com/jobs/view/senior-accounts-administrator-ap-ar-4471166284,Senior Accounts Administrator - AP/AR,Janelle's Recruitment,posted,2026-09-24T20:01:34.493870,1605
7625c30bd1fea2cb,https://nz.linkedin.com/jobs/view/licensing-director-at-zuru-toys-4453083405,Licensing Director,,scraped,2026-09-24T20:01:41.099290,
ae0651e569fd16d3,https://nz.linkedin.com/jobs/view/field-service-engineer-new-zealand-at-beckman-coulter-life-sciences-4471415674,Field Service Engineer (New Zealand),Beckman Coulter Life Sciences,posted,2026-09-24T20:01:55.757750,1607
8bd7dac13f0c551e,https://nz.linkedin.com/jobs/view/senior-project-manager-data-centre-at-datacom-4468537144,Senior Project Manager - Data Centre,Datacom,posted,2026-09-24T20:02:58.494098,1609
66aa223f09ee49fc,https://nz.linkedin.com/jobs/view/graduate-occupational-therapist-at-habit-health-4469643263,Graduate Occupational Therapist,,scraped,2026-09-24T20:03:05.120274,
e449fbd7d41f06d7,https://nz.linkedin.com/jobs/view/store-manager-wellington-airport-at-skechers-australia-new-zealand-4453052353,Store Manager - Wellington Airport,,scraped,2026-09-24T22:59:23.809256,
8a82e869625b8643,https://nz.linkedin.com/jobs/view/moulding-technician-m-f-d-at-forvia-hella-4469789282,MOULDING TECHNICIAN (M/F/D),,scraped,2026-09-24T23:01:40.746912,
acd03e0d020b563e,https://nz.linkedin.com/jobs/view/software-engineer-at-creditworks-4469644089,Software Engineer,,scraped,2026-09-24T23:03:42.230212,
37a23d405cb68529,https://nz.linkedin.com/jobs/view/major-fill-operations-specialist-at-woolworths-group-4469722930,Major Fill Operations Specialist,,scraped,2026-09-24T23:06:57.367085,
eb5056ac65660c64,https://nz.linkedin.com/jobs/view/trade-operations-supervisor-mitre10-mega-wanaka-at-mitre-10-new-zealand-limited-4471436522,Trade Operations Supervisor - Mitre10 Mega Wanaka,Mitre 10 (New Zealand) Limited,posted,2026-09-24T23:07:26.558600,919
2d67fae74df0a2e3,https://nz.linkedin.com/jobs/view/key-account-manager-at-electrolux-group-4462795384,Key Account Manager,Electrolux Group,posted,2026-09-24T23:09:05.801850,1063
e76d804b5e521c15,https://nz.linkedin.com/jobs/view/mechatronics-and-electrical-team-lead-at-syos-aerospace-4471693121,Mechatronics and Electrical Team Lead,,scraped,2026-09-24T23:10:02.387062,
c0c9d2a235536ce8,https://nz.linkedin.com/jobs/view/business-development-executive-coastal-taranaki-at-halter-4425018671,Business Development Executive (Coastal Taranaki),,scraped,2026-09-24T23:10:37.992013,
835fbd0208272fa7,https://nz.linkedin.com/jobs/view/principal-advisor-policy-at-acc-new-zealand-4470033540,"Principal Advisor, Policy",,scraped,2026-09-24T23:11:40.618135,
dc26dcce42907c47,https://nz.linkedin.com/jobs/view/renewable-energy-analyst-graduate-at-renewable-careers-4470979651,Renewable Energy Analyst (Graduate),,scraped,2026-09-24T23:11:52.684492,
28af11f026d383aa,https://nz.linkedin.com/jobs/view/process-development-engineer-moulding-engineer-at-fisher-paykel-healthcare-4470040041,Process Development Engineer: Moulding Engineer,,scraped,2026-09-24T23:12:01.017323,
3f0787e068e4c5af,https://nz.linkedin.com/jobs/view/travel-expert-silverdale-at-flight-centre-4453046393,Travel Expert - Silverdale,,scraped,2026-09-25T03:04:58.116096,
7059518ecfdfc04d,https://nz.linkedin.com/jobs/view/payroll-officer-bunzl-australasia-at-bunzl-australasia-4470040551,Payroll Officer - Bunzl Australasia,,scraped,2026-09-25T03:05:23.293657,
83291e5606e9c8be,https://nz.linkedin.com/jobs/view/ai-ml-architect-at-slalom-4446166448,AI/ML Architect,Slalom,posted,2026-09-25T03:06:10.377247,1611
336a36a5e2d64522,https://nz.linkedin.com/jobs/view/registered-valuer-at-prendos-new-zealand-4470042432,Registered Valuer,,scraped,2026-09-25T03:06:16.961490,
c6d9ff73f7836707,https://nz.linkedin.com/jobs/view/caregiver-at-summerset-retirement-villages-4471806322,Caregiver,,scraped,2026-09-25T03:06:48.140952,
29e7cc7460789271,https://nz.linkedin.com/jobs/view/senior-company-secretary-and-legal-counsel-at-westpac-new-zealand-4469786565,Senior Company Secretary and Legal Counsel,Westpac New Zealand,posted,2026-09-25T03:08:01.128103,1613
4692b958476e7f8e,https://nz.linkedin.com/jobs/view/workday-finance-transformation-associate-director-at-consult-recruitment-4470043825,Workday Finance Transformation Associate Director,,scraped,2026-09-25T03:08:23.777465,
bb3fbb19cba42e88,https://nz.linkedin.com/jobs/view/urban-planning-digital-solutions-specialist-at-rico-4469791942,Urban Planning - Digital Solutions Specialist,,scraped,2026-09-25T03:08:36.485901,
20172238275b6705,https://nz.linkedin.com/jobs/view/operator-concrete-placer-at-higgins-4469799432,Operator (Concrete Placer),,scraped,2026-09-25T03:09:01.105006,
b2e9465889389fc5,https://nz.linkedin.com/jobs/view/delivery-driver-installation-specialists-auckland-at-noel-leeming-4471826159,Delivery Driver - Installation Specialists - Auckland,Noel Leeming,posted,2026-09-25T03:10:09.323772,1615
ca6b4724412f893a,https://nz.linkedin.com/jobs/view/technical-training-specialist-automotive-technology-at-scania-new-zealand-4462100800,Technical Training Specialist Automotive Technology,,scraped,2026-09-25T03:10:41.918667,
437fcef78ce037a1,https://nz.linkedin.com/jobs/view/performance-marketer-at-yield-agri-marketing-4470676762,Performance Marketer,,scraped,2026-09-25T03:11:06.121879,
220a31c8d4550de9,https://nz.linkedin.com/jobs/view/leading-hand-at-higgins-4459571887,Leading Hand,,scraped,2026-09-25T03:11:12.536675,
69a6e0dea7d3346b,https://nz.linkedin.com/jobs/view/business-advisor-marketing-services-account-manager-christchurch-nz-at-thryv-4469707745,Business Advisor (Marketing Services Account Manager) - Christchurch NZ,Thryv,posted,2026-09-25T03:11:42.365890,1564
9584e9b92289a991,https://nz.linkedin.com/jobs/view/associate-product-manager-at-the-access-group-4471810870,Associate Product Manager,,scraped,2026-09-25T03:12:14.928826,
c07bf1e280c57f24,https://nz.linkedin.com/jobs/view/dynamics-365-ce-and-power-platform-solution-architect-at-fusion5-4471834109,Dynamics 365 CE and Power Platform Solution Architect,,scraped,2026-09-25T03:13:21.847131,
7c06811ebaf2e0b0,https://nz.linkedin.com/jobs/view/wait-staff-at-star-group-4469676345,Wait Staff,,scraped,2026-09-25T03:13:49.536219,
5c0a3d14c0288d25,https://nz.linkedin.com/jobs/view/mechanical-engineer-at-gallagher-animal-management-4469741361,Mechanical Engineer,,scraped,2026-09-25T03:13:57.456106,
31b1be554813b1a7,https://nz.linkedin.com/jobs/view/full-time-online-german-teachers-aotearoa-infinite-academy-at-crimson-global-academy-4453111045,Full-time Online German Teachers - Aotearoa Infinite Academy,Crimson Global Academy,posted,2026-09-25T03:14:33.292894,1617
dde137d46c5cc7bc,https://nz.linkedin.com/jobs/view/assistant-manager-audit-at-deloitte-4471803940,Assistant Manager - Audit,Deloitte,posted,2026-09-25T03:14:42.180102,1619
faf74aafd9f67b57,https://nz.linkedin.com/jobs/view/senior-associates-audit-at-ey-4470062599,Senior Associates - Audit,EY,posted,2026-09-25T03:15:01.202916,1621
0155bdc42db96623,https://nz.linkedin.com/jobs/view/psychologist-at-department-of-corrections-nz-4470036876,Psychologist,Department of Corrections NZ,posted,2026-09-25T03:15:17.210211,1623
d156bb4a629af6f1,https://nz.linkedin.com/jobs/view/curator-te-whare-taonga-o-waikato-museum-gallery-at-hamilton-city-council-4470045405,Curator Te Whare Taonga o Waikato Museum & Gallery,Hamilton City Council,posted,2026-09-25T03:15:52.387045,1625
0da7afc0001529e2,https://nz.linkedin.com/jobs/view/electricity-programme-governance-risk-at-vector-limited-4471825309,Electricity Programme Governance & Risk,,scraped,2026-09-25T03:15:56.961580,
455281803d10ff57,https://nz.linkedin.com/jobs/view/national-sales-manager-at-people2people-4470114356,National Sales Manager,,scraped,2026-09-25T03:16:16.815473,
02d2fd6f29b9a4bf,https://nz.linkedin.com/jobs/view/maintenance-engineer-at-silver-fern-farms-ltd-4471844149,Maintenance Engineer,,scraped,2026-09-25T03:16:25.442249,
b7ead9a2f5631888,https://nz.linkedin.com/jobs/view/intermediate-infrastructure-engineer-at-centrapay-4471815832,Intermediate Infrastructure Engineer,,scraped,2026-09-25T03:16:59.607183,
6e06e9a8ab1f1a01,https://nz.linkedin.com/jobs/view/underwriter-technical-at-fmg-farmers-mutual-group-4470052701,Underwriter - Technical,FMG (Farmers Mutual Group),posted,2026-09-25T03:17:28.521019,126
0c118ccf1522a5fe,https://nz.linkedin.com/jobs/view/delivery-driver-installation-specialists-auckland-at-noel-leeming-4471807926,Delivery Driver - Installation Specialists - Auckland,Noel Leeming,scraped,2026-09-25T03:17:35.885155,
35dd075a70740381,https://nz.linkedin.com/jobs/view/general-manager-operations-auckland-at-lineage-4469404147,General Manager - Operations (Auckland),Lineage,posted,2026-09-25T03:17:47.959537,1627
4a8b37d3852cefe4,https://nz.linkedin.com/jobs/view/dynamics-365-ce-and-power-platform-solution-architect-at-fusion5-4471838028,Dynamics 365 CE and Power Platform Solution Architect,,scraped,2026-09-25T03:18:12.658275,
c48dda800d7354cc,https://nz.linkedin.com/jobs/view/lead-backend-software-engineer-at-randstad-new-zealand-4469729047,Lead Backend Software Engineer,,scraped,2026-09-25T03:18:50.235547,
066e09e1c36e6a2d,https://nz.linkedin.com/jobs/view/senior-electrical-technician-aviation-at-syos-aerospace-4469382397,Senior Electrical Technician- Aviation,,scraped,2026-09-25T03:19:20.745168,
a324fc30604313c8,https://nz.linkedin.com/jobs/view/customer-service-and-sales-support-at-kormax-4471674395,Customer Service and Sales Support,,scraped,2026-09-25T03:19:31.095723,
e30edd66babba09c,https://nz.linkedin.com/jobs/view/accountant-at-randstad-digital-new-zealand-4469754063,accountant,,scraped,2026-09-25T03:19:50.400638,
e099babea97532cf,https://nz.linkedin.com/jobs/view/workday-finance-transformation-manager-at-consult-recruitment-4470055534,Workday Finance Transformation Manager,,scraped,2026-09-25T03:20:00.892035,
7435745c42a69a24,https://nz.linkedin.com/jobs/view/democracy-advisor-at-hutt-city-council-4471694344,Democracy Advisor,Hutt City Council,posted,2026-09-25T03:20:17.934342,1452
489ac32026e05a58,https://nz.linkedin.com/jobs/view/tour-guide-dark-sky-project-at-te-r%C5%ABnanga-o-ng%C4%81i-tahu-4469783921,Tour Guide | Dark Sky Project,,scraped,2026-09-25T03:21:22.561625,
7513f27a66ef54de,https://nz.linkedin.com/jobs/view/senior-systems-engineer-kaip%C5%ABkaha-p%C5%ABnaha-matua-at-stats-nz-4469789553,Senior Systems Engineer | Kaipūkaha Pūnaha Matua,,scraped,2026-09-25T03:21:31.352414,
b83dadd40c27b918,https://nz.linkedin.com/jobs/view/head-of-engagement-insights-and-education-at-jacksonstone-partners-4471802213,"Head of Engagement, Insights and Education",,scraped,2026-09-25T03:21:39.717788,
91a9f31a271d55a8,https://nz.linkedin.com/jobs/view/ihc-community-liaison-whangarei-at-ihc-new-zealand-4469607999,IHC Community Liaison Whangarei,,scraped,2026-09-25T03:21:51.765166,
9ed7198c1d439fc6,https://nz.linkedin.com/jobs/view/ai-engineer-at-deloitte-4441459607,AI Engineer,Deloitte,posted,2026-09-25T03:22:39.157279,1629
13421930f8af996d,https://nz.linkedin.com/jobs/view/health-and-physical-education-teacher-commencing-term-1-2027-or-by-negotiation-at-school-jobs-4469361936,"Health and Physical Education Teacher - commencing Term 1, 2027 or by negotiation",School Jobs,posted,2026-09-25T03:22:49.735316,1631
e3588f9cf5f0093f,https://nz.linkedin.com/jobs/view/senior-auditor-at-deloitte-4471824108,Senior Auditor,Deloitte,posted,2026-09-25T03:22:58.656121,989
71ca4f8e33d28544,https://nz.linkedin.com/jobs/view/digital-marketing-specialist-at-the-creative-store-new-zealand-4470075319,Digital Marketing Specialist,,scraped,2026-09-25T09:19:58.856563,
67465dfd2ce71d2a,https://nz.linkedin.com/jobs/view/business-development-representative-nz-remote-at-employment-hero-4471880057,Business Development Representative - NZ - Remote,,scraped,2026-09-25T09:20:09.474514,
abffe2bd6af58fbc,https://nz.linkedin.com/jobs/view/customer-services-representative-at-careeraiforge-4471837747,Customer Services Representative,careerAIForge,posted,2026-09-25T09:20:37.123269,1633
cbe82fd17b3e7ec6,https://nz.linkedin.com/jobs/view/finance-business-partner-at-team-global-express-4471409223,Finance Business Partner,,scraped,2026-09-25T09:20:47.714204,
5d4eb45ae105ba44,https://nz.linkedin.com/jobs/view/assistant-store-manager-cotton-on-queenstown-at-cotton-on-group-4463179233,Assistant Store Manager - Cotton On Queenstown,,scraped,2026-09-25T09:21:50.817340,
dfb8be9f12c10993,https://nz.linkedin.com/jobs/view/ai-risk-business-partner-at-pwc-new-zealand-4470221567,AI Risk Business Partner,PwC New Zealand,posted,2026-09-25T09:22:24.009182,1635
b1aea8d4575f1a73,https://nz.linkedin.com/jobs/view/financial-controller-at-allrecruits-4471864054,Financial Controller,,scraped,2026-09-25T09:22:40.571151,
5c6128b580eb32f9,https://nz.linkedin.com/jobs/view/senior-m365-specialist-at-datacom-4453065752,Senior M365 Specialist,Datacom,posted,2026-09-25T09:23:33.671308,1488
9939969c973b1ae4,https://nz.linkedin.com/jobs/view/marketing-executive-te-whare-taonga-o-waikato-museum-and-gallery-at-hamilton-city-council-4470063878,Marketing Executive - Te Whare Taonga o Waikato Museum and Gallery,Hamilton City Council,posted,2026-09-25T09:24:00.039493,1637
4fca77c474d544cf,https://nz.linkedin.com/jobs/view/head-of-product-ai-shared-services-at-xero-4461153047,Head of Product - AI Shared Services,,scraped,2026-09-25T09:24:16.673377,
e277ac4a49257fc0,https://nz.linkedin.com/jobs/view/restaurant-manager-at-star-group-4469682208,Restaurant Manager,,scraped,2026-09-25T09:24:59.165356,
1e0d005c154f64bb,https://nz.linkedin.com/jobs/view/assistant-manager-audit-at-deloitte-4471860424,Assistant Manager - Audit,Deloitte,posted,2026-09-25T09:25:24.708668,1619
0f29f203d89455ba,https://nz.linkedin.com/jobs/view/library-manager-at-school-jobs-4470116539,Library Manager,School Jobs,posted,2026-09-25T09:25:46.203160,1639
b34bf1375b2749b4,https://nz.linkedin.com/jobs/view/clinic-administrator-at-habit-health-4470094218,Clinic Administrator,,scraped,2026-09-25T09:25:54.787481,
3467f94a3980ed84,https://nz.linkedin.com/jobs/view/kitchen-assistant-at-ryman-healthcare-4470133089,Kitchen Assistant,,scraped,2026-09-25T09:26:06.608447,
e47a7a92d38aa4e5,https://nz.linkedin.com/jobs/view/intermediate-structural-engineer-at-cook-costello-4470666940,Intermediate Structural Engineer,,scraped,2026-09-25T09:26:20.825042,
0811c8f5642a1ae2,https://nz.linkedin.com/jobs/view/class-2-driver-at-persol-4471188832,Class 2 Driver,,scraped,2026-09-25T09:26:31.348419,
2aa93f55b27c2b9d,https://nz.linkedin.com/jobs/view/mitre-10-mega-whanganui-at-careeraiforge-4471842557,Mitre 10 MEGA Whanganui,careerAIForge,posted,2026-09-25T09:26:48.906991,1641
3f5e1b782141a1c7,https://nz.linkedin.com/jobs/view/leading-hand-mechanical-at-komatsu-australia-4470150086,Leading Hand - Mechanical,,scraped,2026-09-25T09:27:13.374183,
4a3177f5601a8eb0,https://nz.linkedin.com/jobs/view/quantity-surveyor-manawatu-at-hawkins-4471868673,Quantity Surveyor - Manawatu,,scraped,2026-09-25T09:27:30.408684,
ce1732a193d37d8b,https://nz.linkedin.com/jobs/view/department-manager-cotton-on-manukau-supa-centa-outlet-at-cotton-on-group-4462161079,Department Manager - Cotton On Manukau Supa Centa (Outlet),,scraped,2026-09-25T09:27:38.392217,
6a390693b076a1c0,https://nz.linkedin.com/jobs/view/curator-te-whare-taonga-o-waikato-museum-gallery-at-hamilton-city-council-4470079227,Curator Te Whare Taonga o Waikato Museum & Gallery,Hamilton City Council,posted,2026-09-25T09:28:28.775343,1625
1d9f2bdc1d9a6367,https://nz.linkedin.com/jobs/view/applications-packager-wellington-at-datacom-4452117108,Applications Packager | Wellington,Datacom,posted,2026-09-25T09:28:56.507958,1643
80e1e9efe9247583,https://nz.linkedin.com/jobs/view/claims-consultant-at-suncorp-group-4471437484,Claims Consultant,,scraped,2026-09-25T09:29:13.097662,
485b1517c0039714,https://nz.linkedin.com/jobs/view/general-manager-people-and-culture-at-chubb-life-insurance-new-zealand-4470917921,General Manager People and Culture,,scraped,2026-09-25T09:29:19.872095,
a581f6feb1ce6a23,https://nz.linkedin.com/jobs/view/human-resources-advisor-at-rentokil-initial-new-zealand-4470078355,Human Resources Advisor,,scraped,2026-09-25T09:30:10.667123,
dedfc1cd2feabe0a,https://nz.linkedin.com/jobs/view/chapter-lead-%E2%80%93-infrastructure-services-platform-at-asb-bank-4449533572,Chapter Lead – Infrastructure Services Platform,,scraped,2026-09-25T09:30:33.791031,
22b861cffb78518f,https://nz.linkedin.com/jobs/view/veterinarian-senior-veterinarian-in-small-animal-referral-surgery-at-massey-university-te-kunenga-ki-p%C5%ABrehuroa-4471143528,Veterinarian/Senior Veterinarian in Small Animal Referral Surgery,Massey University - Te Kunenga ki Pūrehuroa,posted,2026-09-25T09:31:20.092984,1645
9dda3bca3ff4d1cd,https://nz.linkedin.com/jobs/view/reliability-engineer-at-veolia-australia-new-zealand-4471829813,Reliability Engineer,,scraped,2026-09-25T09:31:24.679592,
6c7da6ebe3c898a7,https://nz.linkedin.com/jobs/view/recruitment-consultant-at-global-wave-group-4471841511,Recruitment Consultant,Global Wave Group,posted,2026-09-25T09:31:44.941225,1647
25bac1a9e40b4a82,https://nz.linkedin.com/jobs/view/sales-representative-at-randstad-new-zealand-4470060844,Sales Representative,,scraped,2026-09-25T09:32:19.564602,
7649ece7648c286d,https://nz.linkedin.com/jobs/view/intermediate-infrastructure-engineer-at-centrapay-4471819657,Intermediate Infrastructure Engineer,,scraped,2026-09-25T09:32:27.981790,
9a8d49e806c0fe14,https://nz.linkedin.com/jobs/view/senior-quantity-surveyor-at-wt-new-zealand-4471845649,Senior Quantity Surveyor,WT (New Zealand),posted,2026-09-25T09:33:12.468776,1649
b4106fd5d7e4fc30,https://nz.linkedin.com/jobs/view/senior-occupational-therapist-physiotherapist-voc-at-habit-health-4470086752,Senior Occupational Therapist/Physiotherapist- VOC,,scraped,2026-09-25T09:33:21.103637,
e376dbfa8ee2fe4b,https://nz.linkedin.com/jobs/view/major-fill-operations-specialist-at-woolworths-group-4471699704,Major Fill Operations Specialist,,scraped,2026-09-25T09:33:32.743144,
d27729a0d837e115,https://nz.linkedin.com/jobs/view/graduate-physiotherapist-at-habit-health-4470080956,Graduate Physiotherapist,,scraped,2026-09-25T09:34:33.901073,
faa1f3e84286e295,https://nz.linkedin.com/jobs/view/change-manager-%E2%80%93-business-projects-at-transpower-new-zealand-4470147332,Change Manager – Business Projects,,scraped,2026-09-25T09:34:43.455221,
36ca2d96cbabca1e,https://nz.linkedin.com/jobs/view/head-of-engagement-insights-and-education-at-jacksonstone-partners-4471848267,"Head of Engagement, Insights and Education",,scraped,2026-09-25T09:35:02.890595,
ef8b88dea97fca20,https://nz.linkedin.com/jobs/view/business-support-coordinator-at-kpmg-new-zealand-4452743981,Business Support Coordinator,KPMG New Zealand,posted,2026-09-25T09:35:50.547184,1651
bbefa83b456d4cdd,https://nz.linkedin.com/jobs/view/manufacturing-capability-training-lead-at-laminex-new-zealand-4471873533,Manufacturing Capability Training Lead,,scraped,2026-09-25T09:36:13.088337,
5a02c4f4ff6ebc34,https://nz.linkedin.com/jobs/view/psychologist-at-department-of-corrections-nz-4470079211,Psychologist,Department of Corrections NZ,posted,2026-09-25T09:36:29.935953,1623
56b4cb8bf1caac40,https://nz.linkedin.com/jobs/view/manager-associate-director-audit-at-deloitte-4471865247,Manager/ Associate Director - Audit,Deloitte,posted,2026-09-25T09:37:17.050784,1653
a306a3e07205f4ec,https://nz.linkedin.com/jobs/view/business-development-executive-at-eims-4470154583,Business Development Executive,,scraped,2026-09-25T14:58:28.309925,
8b7d81c003c017fa,https://nz.linkedin.com/jobs/view/commercial-accountant-at-metcash-4471872821,Commercial Accountant,,scraped,2026-09-25T14:58:44.235037,
de2c761abfa6546a,https://nz.linkedin.com/jobs/view/compliance-lead-conduct-at-southern-cross-health-insurance-4461130707,Compliance Lead - Conduct,,scraped,2026-09-25T14:59:19.376432,
14ffc75853fa2c0d,https://nz.linkedin.com/jobs/view/spa-receptionist-at-sofitel-4470091259,Spa Receptionist,,scraped,2026-09-25T15:00:08.784607,
336a04982b7b3b09,https://nz.linkedin.com/jobs/view/electrician-at-cushman-wakefield-4453102529,Electrician,Cushman &amp; Wakefield,posted,2026-09-25T15:00:19.531842,42
38dc4677ab684ba8,https://nz.linkedin.com/jobs/view/senior-strategic-finance-analyst-at-tribe-group-4463147198,Senior Strategic Finance Analyst,,scraped,2026-09-25T15:00:28.152789,
aca8208b97c7be14,https://nz.linkedin.com/jobs/view/account-manager-%E2%80%93-new-plymouth-at-nz-safety-blackwoods-4469809984,Account Manager – New Plymouth,NZ Safety Blackwoods,posted,2026-09-25T15:01:02.242233,1655
74dc70d118fd7d0f,https://nz.linkedin.com/jobs/view/people-culture-business-partner-at-ziwi-4467396717,People & Culture Business Partner,ZIWI,posted,2026-09-25T15:01:17.319250,1657
592d75daf6a263ce,https://nz.linkedin.com/jobs/view/policy-manager-consumer-policy-at-ministry-of-business-innovation-and-employment-4471872969,Policy Manager | Consumer Policy,,scraped,2026-09-25T15:01:55.883320,
e8ff9ecbb5ed4c37,https://nz.linkedin.com/jobs/view/technical-director-planning-at-slr-consulting-4461135089,Technical Director - Planning,,scraped,2026-09-25T15:02:15.689322,
2023a65d1310bc88,https://nz.linkedin.com/jobs/view/financial-analyst-at-zuru-4442101540,Financial Analyst,,scraped,2026-09-25T15:03:06.662596,
881e83281c5a0ea8,https://nz.linkedin.com/jobs/view/principal-data-and-ai-governance-advisor-at-nz-transport-agency-waka-kotahi-4470085588,Principal Data and AI Governance Advisor,NZ Transport Agency Waka Kotahi,posted,2026-09-25T15:03:30.497388,1659
8b9fb9ecdaa0ae7c,https://nz.linkedin.com/jobs/view/assistant-manager-audit-at-deloitte-4444240137,Assistant Manager - Audit,Deloitte,posted,2026-09-25T15:03:52.014815,1619
a8912e412812e228,https://nz.linkedin.com/jobs/view/springvale-medical-centre-gp-at-the-doctors-medical-centres-4470108917,Springvale Medical Centre - GP,,scraped,2026-09-25T15:04:00.632559,
22a1086c2730c655,https://nz.linkedin.com/jobs/view/account-manager-gisborne-nz-at-bunnings-4463198259,Account Manager - Gisborne NZ,Bunnings,posted,2026-09-25T15:04:20.503325,1661
409aa05b5cb6cd6c,https://nz.linkedin.com/jobs/view/b2b-business-development-manager-wellington-lower-north-island-at-nestl%C3%A9-nespresso-sa-4471844986,B2B Business Development Manager - Wellington & Lower North Island,Nestlé Nespresso SA,posted,2026-09-25T15:04:31.756555,284
dfc28ec44103910d,https://nz.linkedin.com/jobs/view/project-manager-wind-farm-at-morson-edge-australia-4471825887,Project Manager - Wind Farm,,scraped,2026-09-25T15:04:48.366445,
9540c90fe0d43191,https://nz.linkedin.com/jobs/view/senior-property-underwriter-at-zurich-insurance-4452912541,Senior Property Underwriter,,scraped,2026-09-25T15:05:07.813509,
87c80e1b97cac33d,https://nz.linkedin.com/jobs/view/technical-account-manager-anz-at-wiz-4460733018,"Technical Account Manager, ANZ",Wiz,posted,2026-09-25T15:05:54.403176,1663
758caf971633df9e,https://nz.linkedin.com/jobs/view/prinicipal-engineer-at-xero-4453029813,Prinicipal Engineer,,scraped,2026-09-25T15:06:59.202638,
698c05f3299ca29d,https://nz.linkedin.com/jobs/view/head-of-sales-marketing-protein-at-tribe-group-4469649625,Head of Sales & Marketing - Protein,,scraped,2026-09-25T15:07:05.911031,
fd51055664379bb2,https://nz.linkedin.com/jobs/view/hydrology-stormwater-flooding-engineer-at-ghd-4425066447,"Hydrology, Stormwater & Flooding Engineer",,scraped,2026-09-25T15:07:20.584824,
ec8c81928a721895,https://nz.linkedin.com/jobs/view/mechanical-engineer-at-gallagher-4461108923,Mechanical Engineer,,scraped,2026-09-25T15:07:32.613128,
0606849cfd339db0,https://nz.linkedin.com/jobs/view/senior-financial-accountant-at-archway-recruitment-4462721707,Senior Financial Accountant,,scraped,2026-09-25T15:07:53.727845,
94fcd790714cc0e0,https://nz.linkedin.com/jobs/view/solution-engineer-early-in-profession-at-microsoft-4471457818,Solution Engineer (Early in Profession),Microsoft,posted,2026-09-25T15:08:10.573538,1665
50d83557550e0371,https://nz.linkedin.com/jobs/view/human-resources-advisor-at-rentokil-initial-new-zealand-4470068681,Human Resources Advisor,,scraped,2026-09-25T15:08:21.308773,
0167eb01a0eb11d5,https://nz.linkedin.com/jobs/view/senior-analyst-assurance-at-careeraiforge-4471838703,"Senior Analyst, Assurance",careerAIForge,posted,2026-09-25T15:08:41.836843,1667
a78aa95ed9b39f03,https://nz.linkedin.com/jobs/view/business-development-representative-at-ceribell-%E2%94%82-ai-powered-point-of-care-eeg-4443413408,Business Development Representative,Ceribell │ AI-Powered Point-of-Care EEG,posted,2026-09-25T15:08:50.663138,1006
c5bb1705e1b42d94,https://nz.linkedin.com/jobs/view/social-media-specialist-at-sanitarium-4470036960,Social Media Specialist,Sanitarium,posted,2026-09-25T15:09:12.116525,1669
218bfa217337cc8f,https://nz.linkedin.com/jobs/view/senior-auditor-at-deloitte-4471849755,Senior Auditor,Deloitte,posted,2026-09-25T15:09:19.425387,989
701e5ac47f5ce914,https://nz.linkedin.com/jobs/view/composites-design-engineer-space-launch-new-zealand-at-dawn-aerospace-4471673177,Composites Design Engineer (Space Launch New Zealand),,scraped,2026-09-25T15:09:40.184243,
d2111ef362d7b42c,https://nz.linkedin.com/jobs/view/ca-datacom-db-database-administrator-at-nixil-4471824471,CA Datacom/DB Database Administrator,,scraped,2026-09-25T15:09:51.079432,
f3cd588473e1bf58,https://nz.linkedin.com/jobs/view/online-assistant-at-candid-jobs-4470084900,Online Assistant,,scraped,2026-09-25T15:10:10.191100,
c55ae54f0b9beece,https://nz.linkedin.com/jobs/view/national-sales-manager-at-frog-recruitment-4470124483,National Sales Manager,,scraped,2026-09-25T15:10:22.623207,
51ebf93cb2c656c0,https://nz.linkedin.com/jobs/view/senior-software-engineer-at-phocas-software-4431990423,Senior Software Engineer,,scraped,2026-09-25T15:10:31.197318,
030fe5c4039727ac,https://nz.linkedin.com/jobs/view/retail-assistant-replenishment-at-woolworths-group-4471851378,Retail Assistant - Replenishment,,scraped,2026-09-25T15:10:54.109276,
eedee9022248c5d0,https://nz.linkedin.com/jobs/view/salesforce-senior-principal-market-solutions-at-slalom-4433615738,"Salesforce Senior Principal, Market Solutions",Slalom,posted,2026-09-25T15:11:11.637295,1671
a4003e819aee409e,https://nz.linkedin.com/jobs/view/junior-social-content-creator-baby-at-zuru-edge-4427504221,Junior Social & Content Creator - Baby,ZURU Edge,posted,2026-09-25T15:11:23.840970,1673
ae7833b42599e517,https://nz.linkedin.com/jobs/view/innovation-programmes-adviser-m%C4%81ori-engagement-at-university-of-auckland-4471866560,Innovation Programmes Adviser - Māori Engagement,University of Auckland,posted,2026-09-25T15:11:55.456304,1675
05d085fe10de3fd1,https://nz.linkedin.com/jobs/view/bartender-at-star-group-4469684163,Bartender,,scraped,2026-09-25T15:12:08.025891,
8bd7fb50cbf40af0,https://nz.linkedin.com/jobs/view/talent-partner-go-to-market-at-halter-4470300132,Talent Partner - Go-To-Market,,scraped,2026-09-25T15:13:04.864765,
f14716bf12244c61,https://nz.linkedin.com/jobs/view/salesforce-senior-principal-market-solutions-at-slalom-4433625561,"Salesforce Senior Principal, Market Solutions",Slalom,posted,2026-09-25T15:13:21.776957,1671
8f4f2177b878ee59,https://nz.linkedin.com/jobs/view/software-engineer-at-profound-people-4471835436,Software Engineer,,scraped,2026-09-25T15:13:26.378658,
221f46ab9e8af9fe,https://nz.linkedin.com/jobs/view/account-manager-mt-maunganui-at-placemakers-christchurch-4471647063,Account Manager - Mt Maunganui,PlaceMakers Christchurch,posted,2026-09-25T15:14:00.434663,1677
330c8d37eed88c6e,https://nz.linkedin.com/jobs/view/sap-enterprise-solution-architect-nz-based-at-dxc-technology-4471846166,SAP Enterprise Solution Architect - NZ Based,DXC Technology,posted,2026-09-25T15:14:10.631057,1679
e5d4eff05e8571e0,https://nz.linkedin.com/jobs/view/channel-sales-manager-new-zealand-at-softvire-4470094087,Channel Sales Manager - New Zealand,,scraped,2026-09-25T15:14:21.258305,
485bab2e536c220a,https://nz.linkedin.com/jobs/view/source-to-sea-ranger-at-the-halo-project-beyond-orokonui-4471840113,Source to Sea Ranger,,scraped,2026-09-25T15:14:34.573013,
3785601048b71ba4,https://nz.linkedin.com/jobs/view/lead-portfolio-analyst-at-watercare-services-limited-4471839934,Lead Portfolio Analyst,,scraped,2026-09-25T15:15:41.045178,
4fb61335637894a4,https://nz.linkedin.com/jobs/view/senior-adaptation-advisor-at-selwyn-district-council-4471420587,Senior Adaptation Advisor,Selwyn District Council,posted,2026-09-25T15:16:32.899813,1681
59ae7d78b5f84de5,https://nz.linkedin.com/jobs/view/head-of-engagement-insights-and-education-at-jacksonstone-partners-4471846563,"Head of Engagement, Insights and Education",,scraped,2026-09-25T15:16:43.532738,
0ec5e07ad3291b21,https://nz.linkedin.com/jobs/view/science-teacher-at-school-jobs-4470115517,Science Teacher,School Jobs,posted,2026-09-25T15:17:28.307480,1683
b3b7b8f56fb859ec,https://nz.linkedin.com/jobs/view/senior-software-developer-at-vector-limited-4444210738,Senior Software Developer,,scraped,2026-09-25T19:49:35.182460,
597c0a34d040e7b5,https://nz.linkedin.com/jobs/view/technical-director-planning-at-slr-consulting-4461131128,Technical Director - Planning,,scraped,2026-09-25T19:50:15.633377,
64fff229097493aa,https://nz.linkedin.com/jobs/view/junior-account-manager-at-fcm-travel-4453685630,Junior Account Manager,,scraped,2026-09-25T19:50:56.348102,
1202a551b7e89b39,https://nz.linkedin.com/jobs/view/librarian-at-acg-schools-4469799727,Librarian,,scraped,2026-09-25T19:51:02.907805,
d964f0426db7d40a,https://nz.linkedin.com/jobs/view/senior-bas-accountant-at-drake-new-zealand-4471115725,Senior BAS Accountant,,scraped,2026-09-25T19:51:09.621866,
ca77405855b7e41b,https://nz.linkedin.com/jobs/view/business-development-manager-at-westcon-comstor-4471188990,Business Development Manager,Westcon-Comstor,posted,2026-09-25T19:51:35.243335,266
d79e2d4a3ca58100,https://nz.linkedin.com/jobs/view/senior-solution-consultant-hcm-at-workday-4459909800,Senior Solution Consultant - HCM,Workday,posted,2026-09-25T19:51:49.612188,1685
16babd75281c44a6,https://nz.linkedin.com/jobs/view/client-service-associate-at-jackson-hewitt-tax-service-inc-4468511590,Client Service Associate,Jackson Hewitt Tax Service Inc.,posted,2026-09-25T19:52:16.350038,1687
ebc755b9ae2f5c4e,https://nz.linkedin.com/jobs/view/executive-assistant-executive-director-ag-emissions-centre-at-agresearch-4470910292,"Executive Assistant - Executive Director, Ag Emissions Centre",,scraped,2026-09-25T19:52:20.912506,
ec578fc4a3ec2bb4,https://nz.linkedin.com/jobs/view/software-engineer-at-southern-cross-health-insurance-4459923639,Software Engineer,,scraped,2026-09-25T19:53:08.929884,
e6f53e3463d9246d,https://nz.linkedin.com/jobs/view/principal-data-and-ai-governance-advisor-at-nz-transport-agency-waka-kotahi-4470090399,Principal Data and AI Governance Advisor,NZ Transport Agency Waka Kotahi,posted,2026-09-25T19:53:31.366157,1659
e28c846d94e30df8,https://nz.linkedin.com/jobs/view/business-development-manager-at-2degrees-4471879716,Business Development Manager,,scraped,2026-09-25T19:53:39.987673,
533c919ae82dd74d,https://nz.linkedin.com/jobs/view/head-of-hospitality-operations-at-star-group-4470307653,Head of Hospitality Operations,,scraped,2026-09-25T19:53:46.396953,
99ada60dcfbe57af,https://nz.linkedin.com/jobs/view/christmas-sales-consultant-at-careeraiforge-4472047020,Christmas Sales Consultant,careerAIForge,posted,2026-09-25T19:54:40.358757,1689
8058b5c5afe174a4,https://nz.linkedin.com/jobs/view/commercial-finance-analyst-at-mondiale-vgl-4463307357,Commercial Finance Analyst,,scraped,2026-09-25T19:54:48.936930,
1a2594e99c98ed60,https://nz.linkedin.com/jobs/view/general-manager-people-and-culture-at-chubb-life-insurance-new-zealand-4470929456,General Manager People and Culture,,scraped,2026-09-25T19:55:25.902031,
bce10cee8dc7cfe5,https://nz.linkedin.com/jobs/view/senior-software-engineer-rust-at-termius-4470159933,Senior Software Engineer (Rust),Termius,posted,2026-09-25T19:56:16.649341,1691
9815b7a4f07b2ca9,https://nz.linkedin.com/jobs/view/front-office-manager-at-ihg-hotels-resorts-4470122603,Front Office Manager,,scraped,2026-09-25T19:57:41.292775,
80b2ce528e1fded5,https://nz.linkedin.com/jobs/view/risk-assurance-specialist%E2%80%8B-at-southern-cross-health-insurance-4460484225,Risk & Assurance Specialist,,scraped,2026-09-25T19:58:10.729632,
f72d041682ce65bd,https://nz.linkedin.com/jobs/view/dynamics-365-ce-and-power-platform-solution-architect-at-fusion5-4471835128,Dynamics 365 CE and Power Platform Solution Architect,,scraped,2026-09-25T19:58:36.154722,
fbccc0ecfc01777c,https://nz.linkedin.com/jobs/view/senior-technical-consultant-at-dxc-technology-4415676540,Senior Technical Consultant,DXC Technology,posted,2026-09-25T19:59:23.337753,1693
8aa8984465bf4411,https://nz.linkedin.com/jobs/view/electricity-programme-insights-at-vector-limited-4471806940,Electricity Programme Insights,,scraped,2026-09-25T19:59:29.942961,
aba4950aaaa12503,https://nz.linkedin.com/jobs/view/events-engagement-lead-at-tribe-group-4453603428,Events & Engagement Lead,,scraped,2026-09-25T20:00:39.875341,
4eb3c398e8a28c57,https://nz.linkedin.com/jobs/view/farm-help-at-careeraiforge-4472039501,Farm Help,careerAIForge,posted,2026-09-25T20:01:05.406863,1695
7aea6c8ed4c17500,https://nz.linkedin.com/jobs/view/companion-animal-practicing-veterinarian-senior-practicing-veterinarian-at-massey-university-te-kunenga-ki-p%C5%ABrehuroa-4471676911,Companion Animal Practicing Veterinarian/Senior Practicing Veterinarian,Massey University - Te Kunenga ki Pūrehuroa,posted,2026-09-25T20:01:40.008133,1697
6664c3586f8d7575,https://nz.linkedin.com/jobs/view/full-time-online-te-reo-m%C4%81ori-teachers-aotearoa-infinite-academy-at-crimson-global-academy-4453111044,Full-time Online Te reo Māori Teachers - Aotearoa Infinite Academy,Crimson Global Academy,posted,2026-09-25T20:01:54.199527,1699
4e8f8f00e2472ca9,https://nz.linkedin.com/jobs/view/performance-marketing-specialist-meta-google-at-adhd-simple-4472071057,Performance Marketing Specialist Meta & Google,,scraped,2026-09-25T20:02:02.898674,
2b16baa96ba15e89,https://nz.linkedin.com/jobs/view/healthcare-assistant-at-oceania-4470313387,Healthcare Assistant,,scraped,2026-09-25T20:02:15.698734,
5604ba7c60b6aa49,https://nz.linkedin.com/jobs/view/associate-private-business-at-pwc-new-zealand-4471816606,Associate - Private Business,PwC New Zealand,posted,2026-09-25T20:02:36.421283,1701
9bcd1d1ba3b67a3d,https://nz.linkedin.com/jobs/view/management-consulting-analyst-senior-analyst-at-pwc-new-zealand-4462780188,Management Consulting - Analyst/ Senior Analyst,PwC New Zealand,posted,2026-09-25T20:02:50.628814,1703
43f15997e7cf9d44,https://nz.linkedin.com/jobs/view/senior-electrical-engineer-at-archway-recruitment-4463319205,Senior Electrical Engineer,,scraped,2026-09-25T20:02:55.269687,
09870daebc937dc8,https://nz.linkedin.com/jobs/view/associate-director-director-oracle-fusion-platform-lead-at-kpmg-new-zealand-4454379523,Associate Director / Director - Oracle Fusion Platform Lead,KPMG New Zealand,posted,2026-09-25T20:03:22.252250,1705
4687ed51b2ffbefd,https://nz.linkedin.com/jobs/view/senior-project-manager-at-dxc-technology-4463188146,Senior Project Manager,DXC Technology,posted,2026-09-25T20:03:27.651067,341
b2bb8cf7f445c81e,https://nz.linkedin.com/jobs/view/m%C3%A9canicien-industriel-f-h-at-vinci-energies-4472060607,Mécanicien Industriel F/H,,scraped,2026-09-25T20:03:36.222336,
b1d7c152970432f4,https://nz.linkedin.com/jobs/view/business-support-manager-at-archway-recruitment-4471413785,Business Support Manager,,scraped,2026-09-25T20:03:59.748607,
6ac03bf267883950,https://nz.linkedin.com/jobs/view/design-technology-teacher-at-acg-schools-4471868683,Design Technology Teacher,,scraped,2026-09-25T20:04:07.172765,
1b560b067f2d7ed9,https://nz.linkedin.com/jobs/view/intermediate-infrastructure-engineer-at-centrapay-4471807974,Intermediate Infrastructure Engineer,,scraped,2026-09-25T20:04:14.191687,
a4511523fffb0426,https://nz.linkedin.com/jobs/view/te-reo-m%C4%81ori-teacher-commencing-term-1-2027-at-school-jobs-4470137637,"Te Reo Māori teacher - commencing Term 1, 2027",School Jobs,posted,2026-09-25T20:04:40.616795,1707
1778f3f2681b8ca8,https://nz.linkedin.com/jobs/view/sales-and-technical-manager-at-hendrix-genetics-4471813223,Sales and Technical Manager,,scraped,2026-09-25T20:04:45.313322,
c1c23c21808edfc9,https://nz.linkedin.com/jobs/view/manager-test-launch-operations-at-rocket-lab-4440181950,Manager- Test & Launch Operations,Rocket Lab,posted,2026-09-25T20:05:18.307679,1709
1bc23c8562b16422,https://nz.linkedin.com/jobs/view/intermediate-infrastructure-engineer-at-centrapay-4471807970,Intermediate Infrastructure Engineer,,scraped,2026-09-25T20:05:24.871859,
8de6d3c025575ead,https://nz.linkedin.com/jobs/view/glasshouse-work-at-careeraiforge-4472037575,Glasshouse Work,careerAIForge,posted,2026-09-25T20:05:43.971069,1711
188d890a0a9d251c,https://nz.linkedin.com/jobs/view/head-of-technical-capability-at-transpower-new-zealand-4459920837,Head of Technical Capability,,scraped,2026-09-25T20:06:20.665315,
f70415ff7a5bda32,https://nz.linkedin.com/jobs/view/risk-management-analyst-at-cubic-corporation-4435316090,Risk Management Analyst,Cubic Corporation,posted,2026-09-25T23:07:15.593085,1713
562548095b5d99ba,https://nz.linkedin.com/jobs/view/sales-account-manager-filipino-or-malay-or-indonesian-at-eims-4458086687,Sales Account Manager (Filipino or Malay or Indonesian),,scraped,2026-09-25T23:07:54.309749,
77a9f5f1ed2a2fe4,https://nz.linkedin.com/jobs/view/representative-4471440210,Representative,Stonewall Films,posted,2026-09-25T23:09:55.016247,1715
2a09cb47a81401cc,https://nz.linkedin.com/jobs/view/senior-associates-audit-at-ey-4470058678,Senior Associates - Audit,EY,posted,2026-09-25T23:10:13.703762,1621
0fb9cc272c98957b,https://nz.linkedin.com/jobs/view/trade-operations-supervisor-mitre10-mega-wanaka-at-mitre-10-new-zealand-limited-4470511027,Trade Operations Supervisor - Mitre10 Mega Wanaka,Mitre 10 (New Zealand) Limited,posted,2026-09-25T23:11:42.340428,919
e9330e602a8a29fc,https://nz.linkedin.com/jobs/view/audit-experienced-associate-at-deloitte-4441475043,Audit Experienced Associate,Deloitte,posted,2026-09-26T03:15:14.340659,1717
ba9910626e983b10,https://nz.linkedin.com/jobs/view/senior-mobile-engineer-at-halter-4376024024,Senior Mobile Engineer,,scraped,2026-09-26T03:18:34.962480,
80df5b390d56330d,https://nz.linkedin.com/jobs/view/senior-data-engineer-at-halter-4379610167,Senior Data Engineer,,scraped,2026-09-26T03:21:55.248518,
eba416ef3b2fdab9,https://nz.linkedin.com/jobs/view/senior-customer-growth-and-engagement-manager-b2b-property-at-careeraiforge-4472242760,Senior Customer Growth and Engagement Manager - B2B Property,careerAIForge,posted,2026-09-26T09:04:38.312907,1719
7a7e04551d239019,https://nz.linkedin.com/jobs/view/physiotherapist-at-habit-health-4470187723,Physiotherapist,,scraped,2026-09-26T09:05:00.813457,
eab125135795eb3a,https://nz.linkedin.com/jobs/view/real-estate-salespeople-at-careeraiforge-4472258250,Real Estate Salespeople,careerAIForge,posted,2026-09-26T09:07:06.694158,1721
7da6cc07bd7db34b,https://nz.linkedin.com/jobs/view/night-baker-at-candid-jobs-4470799747,Night Baker,,scraped,2026-09-26T09:09:35.332514,
42f5a2e823b21eac,https://nz.linkedin.com/jobs/view/plumbing-gasfitting-maintenance-technician-at-flowpro-4472267075,Plumbing & Gasfitting Maintenance Technician,,scraped,2026-09-26T09:15:23.604694,
043c84d8a404b851,https://nz.linkedin.com/jobs/view/team-lead-communications-engagement-at-careeraiforge-4472257224,"Team Lead, Communications & Engagement",careerAIForge,posted,2026-09-26T14:04:00.897883,1583
58142bc3ea5029a5,https://nz.linkedin.com/jobs/view/senior-software-engineer-at-the-access-group-4471011865,Senior Software Engineer,,scraped,2026-09-26T14:06:55.517944,
60f691f96f67d668,https://nz.linkedin.com/jobs/view/software-engineer-at-the-access-group-4471011846,Software Engineer,,scraped,2026-09-26T14:07:14.006578,
a72032d47278162f,https://nz.linkedin.com/jobs/view/regional-director-valuation-services-auckland-at-opteon-aus-nz-4411507522,Regional Director Valuation Services (Auckland),,scraped,2026-09-26T14:09:20.447235,
8d889692a9529a4c,https://nz.linkedin.com/jobs/view/graduate-accountant-at-inition-4470306706,Graduate Accountant,,scraped,2026-09-26T14:10:08.960772,
105b5288b336fa10,https://nz.linkedin.com/jobs/view/dynamics-365-ce-and-power-platform-solution-architect-at-fusion5-4471824497,Dynamics 365 CE and Power Platform Solution Architect,,scraped,2026-09-26T14:10:22.460026,
444c0129468e3edb,https://nz.linkedin.com/jobs/view/commercial-finance-manager-at-tribe-group-4444740039,Commercial Finance Manager,,scraped,2026-09-26T14:10:34.283338,
038395492bba4414,https://nz.linkedin.com/jobs/view/sales-representative-at-randstad-digital-new-zealand-4470161243,sales representative,,scraped,2026-09-26T14:11:08.434266,
2b221cd1ed4416a1,https://nz.linkedin.com/jobs/view/clinic-administrator-at-habit-health-4470189766,Clinic Administrator,,scraped,2026-09-26T14:11:32.881162,
e61d1e64ce7e1624,https://nz.linkedin.com/jobs/view/tech-lead-at-pushpay-4470078271,Tech Lead,Pushpay,posted,2026-09-26T14:11:53.916069,1723
f16a74ce6db0c2ea,https://nz.linkedin.com/jobs/view/the-doctors-napier-group-clinical-director-at-the-doctors-medical-centres-4470121449,The Doctors Napier Group - Clinical Director,,scraped,2026-09-26T14:12:46.582412,
c003b0068c5d34be,https://nz.linkedin.com/jobs/view/senior-full-stack-developer-at-lab3-4437998060,Senior Full Stack Developer,,scraped,2026-09-26T14:13:02.883384,
2c29cca4c36f492e,https://nz.linkedin.com/jobs/view/faultperson-at-northpower-4463174048,Faultperson,,scraped,2026-09-26T14:13:43.361151,
c53e27e64f28415c,https://nz.linkedin.com/jobs/view/boat-broker-fiji-and-new-zealand-at-36-degrees-brokers-ltd-4470781261,Boat Broker Fiji and New Zealand,,scraped,2026-09-26T14:14:32.595552,
6fedd0dba9a48655,https://nz.linkedin.com/jobs/view/class-5-driver-southern-transport-at-hw-richardson-group-4472229384,Class 5 Driver - Southern Transport,,scraped,2026-09-26T14:14:45.541889,
68e9038ea43b6bdb,https://nz.linkedin.com/jobs/view/senior-intelligence-analyst-at-randstad-digital-new-zealand-4469740403,senior intelligence analyst,,scraped,2026-09-26T14:15:10.524576,
b84bb7a27f89da32,https://nz.linkedin.com/jobs/view/further-processing-trainer-at-alliance-group-limited-4461111843,Further Processing Trainer,,scraped,2026-09-26T14:15:34.586415,
a08356be117802ac,https://nz.linkedin.com/jobs/view/sales-engagement-specialist-at-gallagher-animal-management-4461108946,Sales & Engagement Specialist,,scraped,2026-09-26T14:15:44.770732,
78b2eee12e032f80,https://nz.linkedin.com/jobs/view/the-doctors-kamo-gp-fellow-at-the-doctors-medical-centres-4469362916,The Doctors Kamo - GP Fellow,,scraped,2026-09-26T14:16:06.899191,
fc2476899f13c546,https://nz.linkedin.com/jobs/view/discipline-lead-ecology-at-beca-4442965800,Discipline Lead - Ecology,,scraped,2026-09-26T14:16:22.874614,
bde845785546bed7,https://nz.linkedin.com/jobs/view/director-of-sport-at-school-jobs-4470140618,Director of Sport,School Jobs,posted,2026-09-26T14:17:39.573381,1725
3e4201946959591d,https://nz.linkedin.com/jobs/view/senior-consultant-manager-strategy-business-design-at-deloitte-4444231477,Senior Consultant / Manager - Strategy & Business Design,Deloitte,posted,2026-09-26T14:17:56.668873,1727
a3676067529001ba,https://nz.linkedin.com/jobs/view/account-executive-100%25-remote-anz-at-hostaway-4463608362,Account Executive - 100% remote - ANZ,,scraped,2026-09-26T18:58:51.425158,
39415a3a08d4dbf4,https://nz.linkedin.com/jobs/view/the-north-face-assistant-store-manager-christchurch-at-the-north-face-4469386527,The North Face : Assistant Store Manager- Christchurch,The North Face,posted,2026-09-26T18:59:32.707464,1729
c0a47282fa129170,https://nz.linkedin.com/jobs/view/account-executive-100%25-remote-anz-at-hostaway-4463622008,Account Executive - 100% remote - ANZ,,scraped,2026-09-26T19:00:25.401732,
6f23ba878403b414,https://nz.linkedin.com/jobs/view/hris-lead-at-fisher-paykel-appliances-4454390097,HRIS Lead,,scraped,2026-09-26T19:00:31.699772,
dcb7cfa47754ec47,https://nz.linkedin.com/jobs/view/senior-software-engineer-full-stack-at-lawvu-4459756661,Senior Software Engineer - Full Stack,,scraped,2026-09-26T19:02:40.608503,
18763200b8fa665f,https://nz.linkedin.com/jobs/view/well-test-operator-at-sgs-4469798322,Well Test Operator,,scraped,2026-09-26T19:02:47.101548,
503d2215a40f40d7,https://nz.linkedin.com/jobs/view/business-development-manager-auckland-at-fresha-4436709824,Business Development Manager (Auckland),,scraped,2026-09-26T19:02:53.941053,
7291bdec91623d0e,https://nz.linkedin.com/jobs/view/front-of-house-supervisor-at-careeraiforge-4472403088,Front Of House Supervisor,careerAIForge,posted,2026-09-26T19:03:17.151827,1731
e2315a6bd63836f9,https://nz.linkedin.com/jobs/view/sales-representative-4472271557,Sales Representative,Confectionery Traders Manawatu Ltd,posted,2026-09-26T19:06:41.620321,1733
205af68ff0b38f17,https://nz.linkedin.com/jobs/view/lead-react-native-engineer-at-halter-4376003749,Lead React Native Engineer,,scraped,2026-09-26T19:06:46.274608,
9a52cd0c433d3bfb,https://nz.linkedin.com/jobs/view/field-service-engineer-new-zealand-at-careeraiforge-4472286912,Field Service Engineer (New Zealand),careerAIForge,posted,2026-09-26T19:09:45.192749,1607
c760d312d360f199,https://nz.linkedin.com/jobs/view/assistant-insights-manager-at-bat-4443409000,Assistant Insights Manager,,scraped,2026-09-26T19:10:05.869020,
56900a544b8cc0a4,https://nz.linkedin.com/jobs/view/team-lead-veterinary-laboratory-scientist-at-idexx-4427503756,Team Lead - Veterinary Laboratory Scientist,IDEXX,posted,2026-09-26T19:11:26.266240,1735
4524b8bc19b217ae,https://nz.linkedin.com/jobs/view/associate-electrical-engineer-buildings-at-beca-4429293965,Associate Electrical Engineer - Buildings,,scraped,2026-09-26T19:12:16.868118,
80af1fd6cafef488,https://nz.linkedin.com/jobs/view/assistant-store-manager-queenstown-at-pandora-4469322524,Assistant Store Manager (Queenstown),,scraped,2026-09-26T22:22:39.935747,
cbf45b941c785953,https://nz.linkedin.com/jobs/view/plumbing-retail-assistant-full-time-at-mitre-10-new-zealand-limited-4470564097,Plumbing Retail Assistant - Full-time,,scraped,2026-09-26T22:24:44.920096,
96ccffcb3e36f656,https://nz.linkedin.com/jobs/view/customer-success-representative-at-semios-4470391843,Customer Success Representative,,scraped,2026-09-26T22:33:07.674349,
165653ecbce7e477,https://nz.linkedin.com/jobs/view/product-designer-at-the-flex-4472409125,Product Designer,,scraped,2026-09-27T03:19:20.180279,
a6c2e4810af1fa90,https://nz.linkedin.com/jobs/view/trade-operations-supervisor-mitre10-mega-wanaka-at-mitre-10-new-zealand-limited-4470564589,Trade Operations Supervisor - Mitre10 Mega Wanaka,Mitre 10 (New Zealand) Limited,posted,2026-09-27T03:22:10.621769,919
6c941030444dcbbb,https://nz.linkedin.com/jobs/view/data-ai-consultant-at-eroad-4470577501,Data & AI Consultant,,scraped,2026-09-27T03:23:05.229125,
4f85e8441c4285e8,https://nz.linkedin.com/jobs/view/territory-manager-recon-trauma-at-smith%2Bnephew-4432317644,Territory Manager Recon/Trauma,,scraped,2026-09-27T03:23:15.491400,
5e665fbdf73a3ca2,https://nz.linkedin.com/jobs/view/editor-%E2%80%93-digital-content-at-university-of-auckland-4472003879,Editor – Digital Content,University of Auckland,posted,2026-09-27T03:27:26.233237,611
58e8643d73e7064b,https://nz.linkedin.com/jobs/view/account-manager-at-the-access-group-4471077635,Account Manager,,scraped,2026-09-27T09:47:51.214082,
467225ddd44c1d35,https://nz.linkedin.com/jobs/view/front-of-house-pier-qtown-at-careeraiforge-4472288731,Front Of House Pier Qtown,careerAIForge,posted,2026-09-27T09:54:20.512601,1737
8212dbabb8a4590f,https://nz.linkedin.com/jobs/view/senior-c%23-software-engineer-at-eroad-4470575578,Senior C# Software Engineer,,scraped,2026-09-27T09:57:13.180949,
b9fd2598f73749e0,https://nz.linkedin.com/jobs/view/full-stack-software-engineer-at-xe-com-4472015026,Full Stack Software Engineer,,scraped,2026-09-27T15:00:58.906810,
86bcd59f1432bd52,https://nz.linkedin.com/jobs/view/financial-advisor-at-stealth-startup-4471143880,Financial Advisor,Stealth Startup,posted,2026-09-27T15:01:27.316116,1739
cff878ab62e1dd22,https://nz.linkedin.com/jobs/view/cake-baker-at-candid-jobs-4470088644,Cake Baker,,scraped,2026-09-27T15:01:31.909216,
76582f7dfc8d1195,https://nz.linkedin.com/jobs/view/senior-consultant-or-manager-actuarial-financial-services-at-ey-4414075982,Senior Consultant or Manager - Actuarial - Financial Services,EY,posted,2026-09-27T15:03:09.266002,1741
521abc1e08eb315d,https://nz.linkedin.com/jobs/view/account-executive-100%25-remote-anz-at-hostaway-4463615159,Account Executive - 100% remote - ANZ,,scraped,2026-09-27T15:04:06.083301,
59770af1f99aa69d,https://nz.linkedin.com/jobs/view/preconstruction-manager-at-redpath-partners-4470049302,Preconstruction Manager,,scraped,2026-09-27T15:04:50.856782,
2ff9ff76d3681ef4,https://nz.linkedin.com/jobs/view/manager-ey-finance-cfo-advisory-at-ey-4434941193,Manager - EY Finance -CFO Advisory,EY,posted,2026-09-27T15:05:26.652526,1743
5f8e7f56a488e5f5,https://nz.linkedin.com/jobs/view/finance-manager-at-archway-recruitment-4461061732,Finance Manager,,scraped,2026-09-27T15:05:29.267494,
3fe528882b7ef8be,https://nz.linkedin.com/jobs/view/assistant-gardener-waikumete-cemetery-at-persol-4468932790,Assistant Gardener - Waikumete Cemetery,,scraped,2026-09-27T15:05:37.065385,
7f9aab7ae1d82b3c,https://nz.linkedin.com/jobs/view/senior-software-engineer-at-propellerhead-4430848039,Senior Software Engineer,,scraped,2026-09-27T15:06:15.926160,
747f03db2ee55d60,https://nz.linkedin.com/jobs/view/ios-developer-at-synechron-4467357497,IOS Developer,Synechron,posted,2026-09-27T15:06:30.562557,1745
2c0f448291b0cae8,https://nz.linkedin.com/jobs/view/expression-of-interest-%E2%80%94-tax-senior-associate-new-manager-at-pwc-new-zealand-4385168563,Expression of Interest — Tax Senior Associate / New Manager,PwC New Zealand,posted,2026-09-27T15:06:43.918615,1747
ba542acdb8777b70,https://nz.linkedin.com/jobs/view/office-manager-at-cloudy-bay-vineyards-4471177417,Office Manager,,scraped,2026-09-27T15:07:04.551380,
507dd112ab66124f,https://nz.linkedin.com/jobs/view/cloud-solution-architect-early-in-profession-at-microsoft-4471471370,Cloud Solution Architect (Early in Profession),Microsoft,posted,2026-09-27T15:07:18.988436,1749
8a71fdc3e1b7f05b,https://nz.linkedin.com/jobs/view/senior-surveyor-at-downer-4471175094,Senior Surveyor,,scraped,2026-09-27T15:07:31.580178,
4ed4db6097c70d64,https://nz.linkedin.com/jobs/view/trade-customer-service-mitre10-mega-wanaka-at-mitre-10-new-zealand-limited-4470161929,Trade Customer Service - Mitre10 Mega Wanaka,Mitre 10 (New Zealand) Limited,posted,2026-09-27T15:08:00.259888,605
a522c4bd934f05f0,https://nz.linkedin.com/jobs/view/beauty-advisor-artist-beauty-advisor-at-the-est%C3%A9e-lauder-companies-inc-4470313515,Beauty Advisor/Artist Beauty Advisor,The Estée Lauder Companies Inc.,posted,2026-09-27T15:08:11.893056,1751
1ba5c376c98ab95b,https://nz.linkedin.com/jobs/view/designer-roads-highways-at-smec-an-sj-group-company-4461138588,Designer - Roads & Highways,SMEC (an SJ Group company),posted,2026-09-27T15:09:29.090938,1753
101da9877e39c931,https://nz.linkedin.com/jobs/view/treasury-manager-at-revolut-4443858906,Treasury Manager,,scraped,2026-09-27T15:10:03.843939,
080e3fc3c8216865,https://nz.linkedin.com/jobs/view/people-coordinator-at-the-ironman-group-4472054984,People Coordinator,The IRONMAN Group,posted,2026-09-27T15:10:36.890134,1755
d5ad4cc06a6ae327,https://nz.linkedin.com/jobs/view/senior-solutions-consultant-anz-at-ecoonline-4453568992,Senior Solutions Consultant - ANZ,,scraped,2026-09-27T15:10:39.545044,
c45cc1683b90c632,https://nz.linkedin.com/jobs/view/senior-full-stack-developer-at-lab3-4437983476,Senior Full Stack Developer,,scraped,2026-09-27T15:10:50.028633,
8228138a9cc53698,https://nz.linkedin.com/jobs/view/technician-iii-materials-development-and-testing-at-rocket-lab-4459986841,Technician III - Materials Development and Testing,Rocket Lab,posted,2026-09-27T15:11:20.602225,1757
148bab17ce7b0cd9,https://nz.linkedin.com/jobs/view/director-of-ai-adoption-at-pax8-4470303834,Director of AI Adoption,Pax8,posted,2026-09-27T15:11:32.915538,1759
f460a5f873b6f35f,https://nz.linkedin.com/jobs/view/corporate-governance-manager-at-westpac-new-zealand-4470102142,Corporate Governance Manager,Westpac New Zealand,posted,2026-09-27T15:12:22.119520,1761
1f1688c9ae67fef6,https://nz.linkedin.com/jobs/view/ion-propulsion-production-test-technician-at-rocket-lab-4441078771,Ion Propulsion Production & Test Technician,Rocket Lab,posted,2026-09-27T15:13:14.505139,1763
2e440e612117291d,https://nz.linkedin.com/jobs/view/caregiver-dementia-at-ryman-healthcare-4470585121,Caregiver - Dementia,,scraped,2026-09-27T15:15:23.119856,
87a3642e6b27c95c,https://nz.linkedin.com/jobs/view/renewable-energy-analyst-graduate-at-renewable-careers-4472272406,Renewable Energy Analyst (Graduate),,scraped,2026-09-27T15:15:31.251781,
6aca72697636ff43,https://nz.linkedin.com/jobs/view/manager-commercial-and-sectors-at-standards-new-zealand-4471805195,Manager Commercial and Sectors,,scraped,2026-09-27T15:16:03.487124,
3dfc1bd807729a96,https://nz.linkedin.com/jobs/view/senior-compliance-officer-at-environment-canterbury-4471840926,Senior Compliance Officer,,scraped,2026-09-27T15:16:12.310941,
6bf2c0b6354bae04,https://nz.linkedin.com/jobs/view/sales-support-manager-the-warehouse-rangiora-at-the-warehouse-4471156813,"Sales Support Manager - The Warehouse, Rangiora",,scraped,2026-09-27T15:16:22.339593,
d491b02e12f76268,https://nz.linkedin.com/jobs/view/hse-coordinator-at-ghd-4461142424,HSE Coordinator,,scraped,2026-09-27T15:16:30.827680,
03d2b096d43bbf86,https://nz.linkedin.com/jobs/view/principal-frontend-engineer-at-xe-com-4472469031,Principal Frontend Engineer,,scraped,2026-09-27T19:30:52.967407,
87f590194014a089,https://nz.linkedin.com/jobs/view/window-tinter-4444631559,Window Tinter,Tcentury LTD,posted,2026-09-27T19:31:27.302693,1765
877f0050f6b78471,https://nz.linkedin.com/jobs/view/geospatial-assistant-at-whakat%C4%81ne-district-council-4469323041,Geospatial Assistant,,scraped,2026-09-27T19:36:03.990307,
6165237eca91d5cc,https://nz.linkedin.com/jobs/view/engineering-geologist-at-archway-recruitment-4471162824,Engineering Geologist,,scraped,2026-09-27T19:37:10.007987,
032b7e22d4642d05,https://nz.linkedin.com/jobs/view/trade-sales-at-plumbing-world-4471892981,Trade Sales,,scraped,2026-09-27T19:39:53.604789,
f0336d593a0bf2b7,https://nz.linkedin.com/jobs/view/principal-engineer-water-stormwater-at-wsp-in-canada-4376430366,Principal Engineer - Water (Stormwater),WSP in Canada,failed|wp_post_failed,2026-09-27T19:41:04.741596,
3e2eacb845342a35,https://nz.linkedin.com/jobs/view/reel-mower-operator-class-2-at-programmed-4472456887,Reel Mower Operator - Class 2,,scraped,2026-09-27T22:47:55.286674,
f8f2709bfcf36452,https://nz.linkedin.com/jobs/view/program-manager-at-consultanz-civil-engineering-construction-surveying-recruitment-4471313188,Program Manager,,scraped,2026-09-27T22:48:49.803525,
d0d657afd82f404a,https://nz.linkedin.com/jobs/view/manager-investor-information-at-financial-markets-authority-%E2%80%93-te-mana-t%C4%81tai-hokohoko-4471094779,"Manager, Investor Information",Financial Markets Authority – Te Mana Tātai Hokohoko,failed|wp_post_failed,2026-09-27T22:49:23.029419,
1d90a96602eadc5e,https://nz.linkedin.com/jobs/view/senior-lawyer-corporate-advisory-at-russell-mcveagh-4471307431,Senior Lawyer - Corporate Advisory,,scraped,2026-09-27T22:49:33.923035,
8b28b0982c5b1aba,https://nz.linkedin.com/jobs/view/kitchen-and-interior-designer-livspace-wellington-at-carters-4472460827,Kitchen and Interior Designer - LivSpace Wellington,,scraped,2026-09-27T22:50:44.569723,
d2deaffe6834b16f,https://nz.linkedin.com/jobs/view/fp-a-lead-global-markets-at-fonterra-4472456886,"FP&A Lead, Global Markets",,scraped,2026-09-27T22:52:56.011099,
5464254f20bff7d4,https://nz.linkedin.com/jobs/view/solicitor-senior-solicitor-construction-at-russell-mcveagh-4471302519,Solicitor / Senior Solicitor - Construction,,scraped,2026-09-27T22:54:14.887853,
879867ac564f891d,https://nz.linkedin.com/jobs/view/financial-insights-analyst-at-hamilton-city-council-4471098661,Financial Insights Analyst,Hamilton City Council,failed|wp_post_failed,2026-09-27T22:56:22.225520,
be3b472b253c033b,https://nz.linkedin.com/jobs/view/court-victim-advisor-at-ministry-of-justice-new-zealand-4472457893,Court Victim Advisor,,scraped,2026-09-27T22:56:50.849034,
382d703192d15bb5,https://nz.linkedin.com/jobs/view/experienced-jumbo-operator-at-oceanagold-corporation-4472461640,Experienced Jumbo Operator,,scraped,2026-09-27T22:57:15.696676,
13417a49b1570eaf,https://nz.linkedin.com/jobs/view/graduate-engineer-at-zuru-4454556398,Graduate Engineer,,scraped,2026-09-27T22:57:40.175904,
125e100da1b2f0fb,https://nz.linkedin.com/jobs/view/vehicle-groomer-at-trc-toyota-at-albany-toyota-4470805985,Vehicle Groomer at TRC Toyota,,scraped,2026-09-27T22:57:51.313815,
2911d383143b0a53,https://nz.linkedin.com/jobs/view/beauty-advisor-artist-beauty-advisor-at-the-est%C3%A9e-lauder-companies-inc-4471083899,Beauty Advisor/Artist Beauty Advisor,The Estée Lauder Companies Inc.,failed|wp_post_failed,2026-09-27T22:58:12.341215,
8d0f3e8cc8c1d409,https://nz.linkedin.com/jobs/view/assistant-legal-counsel-at-ministry-of-justice-new-zealand-4472466373,Assistant Legal Counsel,,scraped,2026-09-27T22:59:11.078275,
3d1a8963a7ad5a14,https://nz.linkedin.com/jobs/view/physiotherapist-concussion-services-at-apm-new-zealand-4305352759,Physiotherapist - Concussion Services,,scraped,2026-09-27T23:00:02.082671,
cb7752dcb9151406,https://nz.linkedin.com/jobs/view/finance-business-partner-at-air-new-zealand-4472477062,Finance Business Partner,,scraped,2026-09-27T23:00:37.257485,
3f85fa206507de9e,https://nz.linkedin.com/jobs/view/reel-mower-operator-class-2-at-persol-4470820670,Reel Mower Operator - Class 2,,scraped,2026-09-28T03:11:58.901645,
818e9da0642460dd,https://nz.linkedin.com/jobs/view/class-2-sports-field-renovations-at-programmed-4472482438,Class 2 - Sports Field Renovations,,scraped,2026-09-28T03:12:08.435039,
b4f67703cdcc39cd,https://nz.linkedin.com/jobs/view/staff-software-engineer-product-surfaces-at-tactiq-4471322052,"Staff Software Engineer, Product Surfaces",,scraped,2026-09-28T03:12:25.082130,
24f57f588d2b9809,https://nz.linkedin.com/jobs/view/platypus-assistant-store-manager-glenfield-at-platypus-shoes-4444423355,Platypus Assistant Store Manager - Glenfield,,scraped,2026-09-28T03:13:29.378121,
d618a2c0330bde1c,https://nz.linkedin.com/jobs/view/marketing-manager-founding-at-the-good-source-4472471623,Marketing Manager (Founding),,scraped,2026-09-28T03:13:35.771805,
dc597f47a3f7accb,https://nz.linkedin.com/jobs/view/product-lead-at-trimble-inc-4454506651,Product Lead,Trimble Inc.,failed|wp_post_failed,2026-09-28T03:13:59.759602,
bc678ee845358b9a,https://nz.linkedin.com/jobs/view/associate-director-director-infrastructure-economics-at-kpmg-new-zealand-4434397800,Associate Director / Director - Infrastructure Economics,KPMG New Zealand,failed|wp_post_failed,2026-09-28T03:14:10.346385,
2c26b678e321d644,https://nz.linkedin.com/jobs/view/class-2-driver-at-persol-4470123550,Class 2 Driver,,scraped,2026-09-28T03:14:14.913154,
0e3bb975d3990e85,https://nz.linkedin.com/jobs/view/ict-enterprise-architect-at-meridian-energy-4471327026,ICT Enterprise Architect,,scraped,2026-09-28T03:14:42.387726,
a169486453b572c9,https://nz.linkedin.com/jobs/view/digital-performance-director-at-mbm-4434390909,Digital / Performance Director,,scraped,2026-09-28T03:15:05.557994,
1d37596953e05a95,https://nz.linkedin.com/jobs/view/senior-centralised-payroll-support-at-foodstuffs-north-island-limited-4471305879,Senior Centralised Payroll Support,,scraped,2026-09-28T03:16:12.049180,
b7f3da9588faa6f5,https://nz.linkedin.com/jobs/view/secondary-teacher-english-at-acg-schools-4472485112,Secondary Teacher - English,,scraped,2026-09-28T03:16:38.712645,
c7f41f422713d39a,https://nz.linkedin.com/jobs/view/senior-financial-analyst-at-tata-consultancy-services-4460227043,Senior Financial Analyst,Tata Consultancy Services,failed|wp_post_failed,2026-09-28T03:18:05.429144,
cea0af85607b5eb2,https://nz.linkedin.com/jobs/view/general-manager-rotorua-at-rwa-people-4472480053,General Manager - Rotorua,,scraped,2026-09-28T03:18:34.088178,
b0bac7cb64477e81,https://nz.linkedin.com/jobs/view/strategic-account-manager-food-fmcg-fresh-red-meat-at-sealed-air-corporation-4472426588,Strategic Account Manager (Food/FMCG/Fresh red meat),Sealed Air Corporation,failed|wp_post_failed,2026-09-28T03:18:50.638189,
e4a0f809f48c5926,https://nz.linkedin.com/jobs/view/account-manager-at-are-media-pty-ltd-4472472371,Account Manager,,scraped,2026-09-28T03:19:07.410609,
73f7c7560878fd24,https://nz.linkedin.com/jobs/view/junior-graphic-designer-at-new-zealand-media-entertainment-nzme-4472475566,Junior Graphic Designer,,scraped,2026-09-28T03:19:28.164393,
958d7d0afef1b547,https://nz.linkedin.com/jobs/view/expressions-of-interest-senior-consultant-digital-risk-risk-consulting-at-ey-4452315273,Expressions of Interest - Senior Consultant - Digital Risk - Risk Consulting,EY,failed|wp_post_failed,2026-09-28T03:19:46.933464,
91701c8ae580346e,https://nz.linkedin.com/jobs/view/secondary-teacher-physics-at-acg-schools-4472472660,Secondary Teacher - Physics,,scraped,2026-09-28T03:21:03.511590,
85996b83c25c1c3d,https://nz.linkedin.com/jobs/view/group-sales-coordinator-at-ihg-hotels-resorts-4470825136,Group Sales Coordinator,,scraped,2026-09-28T03:22:02.428554,
df43ef691df123f4,https://nz.linkedin.com/jobs/view/senior-planner-at-ghd-4385675642,Senior Planner,,scraped,2026-09-28T03:22:47.942361,
aa710d0120f222c3,https://nz.linkedin.com/jobs/view/customer-specialist-dunedin-advice-centre-at-asb-bank-4470598689,Customer Specialist - Dunedin Advice Centre,,scraped,2026-09-28T03:23:03.924533,
62a6aa841a047e9f,https://nz.linkedin.com/jobs/view/marketing-automation-specialist-at-nib-group-4471317279,Marketing Automation Specialist,nib Group,failed|wp_post_failed,2026-09-28T03:23:59.479151,
e9e2d9dae09ddbbb,https://nz.linkedin.com/jobs/view/manager-international-tax-and-transaction-services-at-ey-4385094042,Manager - International Tax and Transaction Services,EY,failed|wp_post_failed,2026-09-28T03:24:20.378471,
966d1294691a3aac,https://nz.linkedin.com/jobs/view/electrical-engineer-ict-security-principal-technical-principal-at-wsp-4470822593,Electrical Engineer (ICT&Security): Principal/Technical Principal,WSP,failed|wp_post_failed,2026-09-28T03:25:07.407745,
87cfab10fe2bf30d,https://nz.linkedin.com/jobs/view/maintenance-plumber-gasfitter-at-fox-plumbing-nz-4472472200,Maintenance Plumber & Gasfitter,,scraped,2026-09-28T03:25:57.954079,
7e709ea5ba1ddae8,https://nz.linkedin.com/jobs/view/health-and-safety-advisor-at-landpower-4471306701,Health And Safety Advisor,,scraped,2026-09-28T03:26:20.145986,
6c2011aee2a4ad8e,https://nz.linkedin.com/jobs/view/mws-senior-system-engineer-at-tata-consultancy-services-4460284998,MWS Senior System Engineer,Tata Consultancy Services,failed|wp_post_failed,2026-09-28T03:27:11.239804,
27401bd5286bd059,https://nz.linkedin.com/jobs/view/sales-support-and-capability-manager-at-open-country-dairy-ltd-4471309754,Sales Support and Capability Manager,Open Country Dairy Ltd,failed|wp_post_failed,2026-09-28T03:27:51.846035,
39c5dc312fa4c726,https://nz.linkedin.com/jobs/view/platypus-store-manager-bayfair-at-platypus-shoes-4473083354,Platypus Store Manager - Bayfair,,scraped,2026-09-29T09:10:39.563280,
1f2c998484d7001d,https://nz.linkedin.com/jobs/view/solution-architect-at-hays-4473035536,Solution Architect,,scraped,2026-09-29T09:10:58.044188,
2a9927f46b0c10d5,https://nz.linkedin.com/jobs/view/lead-generation-representative-at-xe-com-4472717917,Lead Generation Representative,,scraped,2026-09-29T09:11:09.325947,
29de6c206ca0260b,https://nz.linkedin.com/jobs/view/project-director-at-travel-%2B-leisure-co-4473059038,Project Director,Travel + Leisure Co.,posted,2026-09-29T09:11:34.717022,1767
870f6c49ad511b49,https://nz.linkedin.com/jobs/view/it-architect-at-clarus-4473034154,IT Architect,,scraped,2026-09-29T09:11:37.344339,
71c0cf36e83360dd,https://nz.linkedin.com/jobs/view/assistant-store-manager-2ic-papamoa-nz-at-petstock-group-4471281818,Assistant Store Manager (2IC) | Papamoa NZ,,scraped,2026-09-29T09:11:45.951067,
a4a7045dab06f402,https://nz.linkedin.com/jobs/view/%0A-jobtitle-experienced-operator-%0A-locationname-%21none%21-%0A-jobtype-%21none%21-%0A-workplacetype-%21none%21-%0A-companyname-%21none%21-%0A-4472492265,"{
  ""jobTitle"": ""Experienced Operator"",
  ""locationName"": ""!None!"",
  ""jobType"": ""!None!"",
  ""workplaceType"": ""!None!"",
  ""companyName"": ""!None!""
}",Form Siteworks,posted,2026-09-29T09:12:06.919678,1769
b14ddb033d70aaef,https://nz.linkedin.com/jobs/view/engineering-manager-at-lawvu-4471584015,Engineering Manager,,scraped,2026-09-29T09:12:17.625807,
1d92f291fe3ce0ad,https://nz.linkedin.com/jobs/view/head-of-marketing-commmunity-at-the-creative-store-new-zealand-4471592529,Head of Marketing & Commmunity,,scraped,2026-09-29T09:12:30.219276,
e11aedec460d10c7,https://nz.linkedin.com/jobs/view/restoration-technician-at-servpro-of-vacaville-dixon-4469700897,Restoration Technician,SERVPRO of Vacaville / Dixon,posted,2026-09-29T09:13:00.707180,1771
d8016095953021c2,https://nz.linkedin.com/jobs/view/technical-director-planning-at-slr-consulting-4461129164,Technical Director - Planning,,scraped,2026-09-29T09:13:15.375862,
6fe65ce9d1fc1365,https://nz.linkedin.com/jobs/view/commis-chef-at-pullman-hotels-resorts-4471393380,Commis Chef,,scraped,2026-09-29T09:13:22.231016,
e5e0178f180f9149,https://nz.linkedin.com/jobs/view/global-tax-manager-at-crimson-education-4470795478,Global Tax Manager,Crimson Education,posted,2026-09-29T09:13:50.271758,927
a5fd0304bc1e7f1b,https://nz.linkedin.com/jobs/view/cnc-programmer-christchurch-at-davin-industries-limited-4471200544,CNC Programmer Christchurch,DAVIN INDUSTRIES LIMITED,posted,2026-09-29T09:13:58.381323,302
a6f146a6d82ce6df,https://nz.linkedin.com/jobs/view/lead-integration-consultant-at-theta-nz-4451383603,Lead Integration Consultant,,scraped,2026-09-29T09:14:07.059815,
c5ac2a4af4d25777,https://nz.linkedin.com/jobs/view/line-mechanic-streetlight-electrician-at-downer-4472492373,Line Mechanic / Streetlight Electrician,,scraped,2026-09-29T09:14:15.463695,
5ea7e93e19107f4d,https://nz.linkedin.com/jobs/view/store-manager-richmond-mall-at-lovisa-pty-ltd-4472485422,Store Manager | Richmond Mall,,scraped,2026-09-29T09:14:29.166092,
2b2e209bdcb50d9d,https://nz.linkedin.com/jobs/view/senior-software-engineer-nz-at-partly-4370098323,"Senior Software Engineer, NZ",Partly,posted,2026-09-29T09:14:40.108415,525
9ccf1f0f7344c6ff,https://nz.linkedin.com/jobs/view/engineering-manager-at-vector-limited-4445353723,Engineering Manager,,scraped,2026-09-29T09:14:48.911337,
7326a97c302dd5b6,https://nz.linkedin.com/jobs/view/sales-support-2ic-the-warehouse-south-dunedin-at-the-warehouse-4472498177,"Sales Support 2IC - The Warehouse, South Dunedin",,scraped,2026-09-29T09:14:56.245598,
65a227cf5fc2739a,https://nz.linkedin.com/jobs/view/chef-de-partie-at-hind-management-4470678940,Chef de Partie,,scraped,2026-09-29T09:15:11.144178,
39fda1dc31f9f064,https://nz.linkedin.com/jobs/view/conferences-events-coordinator-crowne-plaza-auckland-at-ihg-hotels-resorts-4470160013,Conferences & Events Coordinator | Crowne Plaza Auckland,,scraped,2026-09-29T09:15:20.093935,
77ea5a0c82c2587f,https://nz.linkedin.com/jobs/view/financial-adviser-at-craigs-investment-partners-4472700636,Financial Adviser,,scraped,2026-09-29T09:15:26.983941,
f7b382611779a513,https://nz.linkedin.com/jobs/view/traffic-management-planner-at-agile-infrastructure-services-limited-4472708071,Traffic management planner,,scraped,2026-09-29T09:15:44.407534,
0da3126deb91ad97,https://nz.linkedin.com/jobs/view/pharmacist-cambridge-at-woolworths-group-4472495066,Pharmacist | Cambridge,,scraped,2026-09-29T09:15:54.863081,
8333bfad38481fbb,https://nz.linkedin.com/jobs/view/operator-process-timaru-at-mccain-foods-4473215143,Operator Process - Timaru,,scraped,2026-09-29T09:17:09.234697,
dc580e13267e326b,https://nz.linkedin.com/jobs/view/technical-director-planning-at-slr-consulting-4461134072,Technical Director - Planning,,scraped,2026-09-29T09:17:25.996228,
b8119e6ed3dac065,https://nz.linkedin.com/jobs/view/compliance-manager-at-southern-cross-health-insurance-4471239225,Compliance Manager,,scraped,2026-09-29T09:17:34.631515,
14f4f69363ecda91,https://nz.linkedin.com/jobs/view/senior-planner-and-merchandise-planner-opportunities-at-the-warehouse-group-4473035978,Senior Planner and Merchandise Planner Opportunities,,scraped,2026-09-29T09:18:46.185414,
f4b385b1ed403854,https://nz.linkedin.com/jobs/view/senior-planner-at-ghd-4435034069,Senior Planner,,scraped,2026-09-29T09:19:09.128828,
5c60193e35536095,https://nz.linkedin.com/jobs/view/senior-architect-at-atlasphere-search-4472706649,Senior Architect,Atlasphere Search,posted,2026-09-29T09:19:30.421725,20
699b6c267b714e77,https://nz.linkedin.com/jobs/view/bartender-at-star-group-4471380725,Bartender,,scraped,2026-09-29T09:19:38.967924,
457db30c99b56124,https://nz.linkedin.com/jobs/view/software-engineer-serko-ai-at-serko-4472467530,Software Engineer - Serko.ai,,scraped,2026-09-29T09:19:58.027431,
d2990d0576704e08,https://nz.linkedin.com/jobs/view/vlca-gp-lead-papakura-at-tend-health-ltd-4471377914,"VLCA GP Lead, Papakura",,scraped,2026-09-29T09:20:12.687016,
2636eb51db29b9ba,https://nz.linkedin.com/jobs/view/glasshouse-technician-at-t-g-global-limited-4471237191,Glasshouse Technician,,scraped,2026-09-29T09:20:25.449099,
5fdcd3aa286da5b8,https://nz.linkedin.com/jobs/view/assistant-winemaker-at-winejobsonline-com-4470828517,Assistant Winemaker,,scraped,2026-09-29T09:20:32.656573,
ca34740d520c2051,https://nz.linkedin.com/jobs/view/business-development-manager-at-toll-group-4442311223,Business Development Manager,,scraped,2026-09-29T09:20:39.843721,
8f1836b2f8081c5d,https://nz.linkedin.com/jobs/view/senior-occupational-therapist-at-habit-health-4473204551,Senior Occupational Therapist,,scraped,2026-09-29T09:20:46.403395,
229a6450497ef68c,https://nz.linkedin.com/jobs/view/kitchen-attendant-at-novotel-hotels-4471333530,Kitchen Attendant,,scraped,2026-09-29T09:21:04.432458,
13c93a768d982e88,https://nz.linkedin.com/jobs/view/audit-senior-at-baker-tilly-staples-rodway-4461047099,Audit Senior,,scraped,2026-09-29T09:21:24.782356,
88f5819624c844f4,https://nz.linkedin.com/jobs/view/solutions-consultant-at-flexitime-4472470743,Solutions Consultant,,scraped,2026-09-29T09:21:32.309594,
76381893e393ddd3,https://nz.linkedin.com/jobs/view/channel-marketer-at-westcon-comstor-4473035411,Channel Marketer,Westcon-Comstor,posted,2026-09-29T09:21:52.141543,1773
2906e40ee6796a44,https://nz.linkedin.com/jobs/view/class-5-driver-at-team-global-express-4472492332,Class 5 Driver,,scraped,2026-09-29T09:22:18.849609,
e93bbe506fdf34cf,https://nz.linkedin.com/jobs/view/hybrid-tech-solutions-specialist-timaru-at-the-warehouse-group-4473097316,Hybrid Tech Solutions Specialist - Timaru,,scraped,2026-09-29T09:22:40.091420,
a7a2227d41914590,https://nz.linkedin.com/jobs/view/national-demand-planning-manager-at-db-breweries-4473008990,National Demand Planning Manager,,scraped,2026-09-29T09:22:58.940682,
4df6ed1f977c5162,https://nz.linkedin.com/jobs/view/maintenance-electrician-nightshift-auckland-at-coca-cola-europacific-partners-4472730302,Maintenance Electrician Nightshift - Auckland,Coca-Cola Europacific Partners,posted,2026-09-29T09:23:44.782288,1775
9dcfcea97112455c,https://nz.linkedin.com/jobs/view/lead-design-engineer-accessories-at-tait-communications-4471243811,Lead Design Engineer - Accessories,,scraped,2026-09-29T09:23:49.499937,
a921cbacacd65bc3,https://nz.linkedin.com/jobs/view/banquet-manager-at-hilton-4473092003,Banquet Manager,Hilton,posted,2026-09-29T09:24:10.314634,1777
10af606e3d24f474,https://nz.linkedin.com/jobs/view/senior-occupational-therapist-at-habit-health-4473206543,Senior Occupational Therapist,,scraped,2026-09-29T09:24:22.961214,
393cc5c75ca4b989,https://nz.linkedin.com/jobs/view/front-of-house-team-member-at-star-group-4471378798,Front of House Team Member,,scraped,2026-09-29T09:24:36.583034,
7d62e2d4d9698055,https://nz.linkedin.com/jobs/view/major-fill-operations-specialist-at-woolworths-group-4472492236,Major Fill Operations Specialist,,scraped,2026-09-29T09:24:59.474881,
1e0486fa47086033,https://nz.linkedin.com/jobs/view/customer-service-representative-at-gallagher-4471587479,Customer Service Representative,,scraped,2026-09-29T09:25:20.246880,
b3c8bd3d1a961a7e,https://nz.linkedin.com/jobs/view/team-medical-gp-lead-at-the-doctors-medical-centres-4471240853,Team Medical - GP Lead,,scraped,2026-09-29T09:25:41.950529,
fff84519f7941ecb,https://nz.linkedin.com/jobs/view/production-technician-at-hynds-pipe-systems-limited-4473203356,Production Technician,,scraped,2026-09-29T09:25:52.739021,
0c1f250f1b69ab52,https://nz.linkedin.com/jobs/view/cos-floor-manager-westfield-newmarket-at-bof-careers-4473206464,COS Floor Manager (Westfield Newmarket),BoF Careers,posted,2026-09-29T09:26:13.044087,1779
5daea8175122813e,https://nz.linkedin.com/jobs/view/mice-sales-manager-at-realnz-4473202092,MICE Sales Manager,,scraped,2026-09-29T09:26:15.790366,
c679e0b42caf06ee,https://nz.linkedin.com/jobs/view/catering-assistant-ess-waiouru-at-compass-group-new-zealand-4473096239,Catering Assistant - ESS Waiouru,,scraped,2026-09-29T09:26:25.377478,
d412f9b56b04625f,https://nz.linkedin.com/jobs/view/assistant-retail-store-manager-newmarket-at-lorna-jane-4472787285,Assistant Retail Store Manager - Newmarket,,scraped,2026-09-29T09:26:42.383890,
4bd8286de751049b,https://nz.linkedin.com/jobs/view/senior-adviser-senior-legal-counsel-regulatory-policy-at-financial-markets-authority-%E2%80%93-te-mana-t%C4%81tai-hokohoko-4471550335,"Senior Adviser / Senior Legal Counsel, Regulatory Policy",Financial Markets Authority – Te Mana Tātai Hokohoko,posted,2026-09-29T09:27:15.431023,1781
d9f2a5fb41e11175,https://nz.linkedin.com/jobs/view/sales-consultant-noel-leeming-wanganui-at-noel-leeming-4472701137,"Sales Consultant - Noel Leeming, Wanganui",Noel Leeming,posted,2026-09-29T09:27:35.986225,1783
107b809bbd438eca,https://nz.linkedin.com/jobs/view/senior-design-engineer-team-lead-at-connetics-4469985438,Senior Design Engineer & Team Lead,,scraped,2026-09-29T09:27:40.602860,
335b1c5534c89a9d,https://nz.linkedin.com/jobs/view/cybercx-microsoft-cloud-security-consultant-at-accenture-new-zealand-4471314910,CyberCX - Microsoft Cloud Security Consultant,,scraped,2026-09-29T09:27:47.949493,
d504316b04ed47c6,https://nz.linkedin.com/jobs/view/food-beverage-attendant-at-hilton-4473077419,Food & Beverage Attendant,Hilton,posted,2026-09-29T09:28:11.778129,1785
779ed5550239d63b,https://nz.linkedin.com/jobs/view/principal-advisor-organisational-design-specialist-at-te-t%C5%AB%C4%81papa-kura-k%C4%81inga-%E2%80%93-ministry-of-housing-and-urban-development-nz-4472474778,Principal Advisor - Organisational Design Specialist,,scraped,2026-09-29T09:28:26.385645,
db3f5bca093b5b32,https://nz.linkedin.com/jobs/view/customer-service-representative-bnt-tauriko-at-bapcor-limited-4471259564,Customer Service Representative - BNT Tauriko,,scraped,2026-09-29T09:28:46.360721,
623b9d1d90cb3b2e,https://nz.linkedin.com/jobs/view/engineering-manager-multiple-roles-nz-at-xero-4471286849,Engineering Manager - Multiple Roles (NZ),,scraped,2026-09-29T09:28:54.367351,
ce2085ab3f9be719,https://nz.linkedin.com/jobs/view/customer-service-representative-noel-leeming-papakura-at-noel-leeming-4472488482,"Customer Service Representative - Noel Leeming, Papakura",Noel Leeming,posted,2026-09-29T09:29:29.714179,1787
80cc09f33ac889ee,https://nz.linkedin.com/jobs/view/teacher-of-business-studies-state-other-subjects-at-school-jobs-4471255185,Teacher of Business Studies - State other subjects,School Jobs,posted,2026-09-29T09:29:58.098351,1789
7c2b90e576127c3c,https://nz.linkedin.com/jobs/view/enterprise-account-executive-new-zealand-wellington-at-commvault-4406238015,"Enterprise Account Executive, New Zealand (Wellington)",Commvault,posted,2026-09-29T09:30:19.128703,1791
76975d2e0a5ff37c,https://nz.linkedin.com/jobs/view/senior-financial-accountant-at-reserve-bank-of-new-zealand-4471283012,Senior Financial Accountant,Reserve Bank of New Zealand,posted,2026-09-29T09:30:38.640611,1793
38f0fcd9b9714d65,https://nz.linkedin.com/jobs/view/airline-maintenance-planner-forward-planner-at-air-new-zealand-4473026628,Airline Maintenance Planner (Forward Planner),,scraped,2026-09-29T09:30:41.258238,
0834b8d02d437681,https://nz.linkedin.com/jobs/view/senior-digital-architect-at-civil-aviation-authority-of-new-zealand-4473002704,Senior Digital Architect,,scraped,2026-09-29T09:30:49.438801,
dcc6e3c64bf7f394,https://nz.linkedin.com/jobs/view/retail-assistant-replenishment-at-woolworths-group-4472707930,Retail Assistant - Replenishment,,scraped,2026-09-29T09:30:58.650166,
7aa4c508b8f6c374,https://www.linkedin.com/jobs/view/2027/,"11,000+Senior Business Intelligence Consultant Jobs in United States",,failed|wp_post_failed,2026-09-29T09:31:09.313345,
5b6b0a6443392c45,https://nz.linkedin.com/jobs/view/availability-operations-specialist-at-woolworths-group-4472497046,Availability Operations Specialist,,scraped,2026-09-29T09:31:12.001082,
c58a663541af8216,https://nz.linkedin.com/jobs/view/architectural-graduate-at-archway-recruitment-4473098621,Architectural Graduate,,scraped,2026-09-29T09:31:28.788344,
d4e0990e59b5e168,https://nz.linkedin.com/jobs/view/executive-assistant-office-manager-at-archway-recruitment-4473202279,Executive Assistant/Office Manager,,scraped,2026-09-29T09:31:36.658513,
12e969e1ee6a72ec,https://nz.linkedin.com/jobs/view/banking-specialist-lambton-quay-at-kiwibank-4473090705,"Banking Specialist, Lambton Quay",Kiwibank,posted,2026-09-29T09:32:44.129460,1795
a35f4a1f40b535cf,https://nz.linkedin.com/jobs/view/senior-podiatrist-at-habit-health-4471347008,Senior Podiatrist,,scraped,2026-09-29T09:32:58.781926,
c4ff770f2febfe0b,https://nz.linkedin.com/jobs/view/business-development-specialist-at-randstad-new-zealand-4471282889,Business Development Specialist,,scraped,2026-09-29T09:33:11.080284,
af30e8d4a08598ca,https://nz.linkedin.com/jobs/view/recruitment-consultant-sales-at-tradestaff-4473033241,Recruitment Consultant - Sales,,scraped,2026-09-29T09:33:19.663392,
cc9f7e5ea7a61db9,https://nz.linkedin.com/jobs/view/coach-%E2%80%93-team-operations-nike-manawa-bay-auckland-at-nike-4472753353,"Coach – Team Operations - Nike, Manawa Bay, Auckland",Nike,posted,2026-09-29T09:33:43.699086,1797
34e787f9c3793f08,https://nz.linkedin.com/jobs/view/senior-consultant-workday-at-datacom-4455233556,Senior Consultant - Workday,Datacom,posted,2026-09-29T09:33:53.058734,473
a19512c285cc4e30,https://nz.linkedin.com/jobs/view/maintenance-engineer-at-northpower-4472498207,Maintenance Engineer,,scraped,2026-09-29T09:33:59.895107,
af58eff39dca9b80,https://nz.linkedin.com/jobs/view/apac-pu-marketing-manager-at-dow-4470830925,APAC PU Marketing Manager,Dow,posted,2026-09-29T09:34:35.249226,1799
f215f89718fda5f1,https://nz.linkedin.com/jobs/view/commercial-leasing-manager-at-ministry-of-justice-new-zealand-4471256136,Commercial Leasing Manager,Ministry of Justice - New Zealand,posted,2026-09-29T09:35:21.463692,1801
6084cab10fd5f142,https://nz.linkedin.com/jobs/view/territory-sales-manager-at-coca-cola-europacific-partners-4472781445,Territory Sales Manager,Coca-Cola Europacific Partners,posted,2026-09-29T09:35:53.638481,1260
d3ad82087b476d9a,https://nz.linkedin.com/jobs/view/engineer-water-at-wsp-4471229667,Engineer - Water,WSP,posted,2026-09-29T09:36:14.331166,1803
db2316dd33273f49,https://nz.linkedin.com/jobs/view/data-reliability-engineer-at-asb-bank-4471220559,Data Reliability Engineer,,scraped,2026-09-29T09:36:17.042845,
c6a16acf984bfd85,https://nz.linkedin.com/jobs/view/graduate-account-executive-at-3rdeye-recruitment-and-talent-management-agency-4471262629,Graduate Account Executive,,scraped,2026-09-29T09:36:28.062087,
d6dc068ce8143773,https://nz.linkedin.com/jobs/view/customer-support-analyst-at-actionstep-4472487399,Customer Support Analyst,Actionstep,posted,2026-09-29T09:36:50.665751,1805
9a5b363c82aa3562,https://nz.linkedin.com/jobs/view/programme-manager-strategic-delivery-at-fonterra-4473022462,Programme Manager - Strategic Delivery,,scraped,2026-09-29T09:36:53.322830,
2c02a2c156cb4078,https://nz.linkedin.com/jobs/view/assistant-branch-manager-at-hynds-pipe-systems-limited-4473095852,Assistant Branch Manager,,scraped,2026-09-29T09:37:10.275714,
29a8293c073f696f,https://nz.linkedin.com/jobs/view/senior-associate-at-asap-finance-4473016816,Senior Associate,,scraped,2026-09-29T09:37:17.617603,
caf5e0e0106c26bb,https://nz.linkedin.com/jobs/view/power-platform-techno-functional-consultant-technology-consulting-at-ey-4433130881,Power Platform Techno-Functional Consultant - Technology Consulting,EY,posted,2026-09-29T09:37:41.834483,1807
d9e929a098fb788b,https://nz.linkedin.com/jobs/view/property-assessor-lower-hutt-at-k%C4%81inga-ora-homes-and-communities-4470825925,Property Assessor (Lower Hutt),,scraped,2026-09-29T09:37:46.549107,
c99cfd6569671ac8,https://nz.linkedin.com/jobs/view/head-chef-qt-auckland-at-evt-entertainment-ventures-travel-4471252667,Head Chef - QT Auckland,,scraped,2026-09-29T09:37:54.793505,
490607a9b754dbf4,https://nz.linkedin.com/jobs/view/systems-accountant-at-the-warehouse-group-4472496218,Systems Accountant,,scraped,2026-09-29T09:38:01.370164,
ab71fa7f2d32e44a,https://nz.linkedin.com/jobs/view/senior-associate-at-asap-finance-4473033957,Senior Associate,,scraped,2026-09-29T09:38:10.536356,
8c53bf63d5311b82,https://nz.linkedin.com/jobs/view/automotive-parts-interpreter-repco-hornby-at-repco-4471250906,Automotive Parts Interpreter | Repco Hornby,Repco,posted,2026-09-29T09:38:36.467904,1809
cd73988022d1cb23,https://nz.linkedin.com/jobs/view/engineering-planner-materials-coordinator-at-oji-fibre-solutions-4471572669,Engineering Planner & Materials Coordinator,,scraped,2026-09-29T09:38:41.117398,
ef846e38502edde0,https://nz.linkedin.com/jobs/view/services-consultant-sr-at-dayforce-4470876840,Services Consultant Sr,Dayforce,posted,2026-09-29T09:38:55.560246,445
2198766883c5ad45,https://nz.linkedin.com/jobs/view/data-practice-lead-at-momentum-consulting-group-4473212099,Data Practice Lead,,scraped,2026-09-29T09:39:06.264206,
9b55102a85c3df13,https://nz.linkedin.com/jobs/view/asphalt-manager-at-heb-construction-4473206507,Asphalt Manager,,scraped,2026-09-29T09:39:15.150486,
a3361a8fcd5ca267,https://nz.linkedin.com/jobs/view/front-of-house-team-member-at-star-group-4471380730,Front of House Team Member,,scraped,2026-09-29T09:39:23.893336,
5404e394919b4c6d,https://nz.linkedin.com/jobs/view/technical-principal-water-at-wsp-4470826331,Technical Principal - Water,WSP,posted,2026-09-29T09:39:55.861177,1811
39522775a1a6ce4b,https://nz.linkedin.com/jobs/view/gm-technology-data-ai-operations-at-fonterra-4470652050,"GM Technology, Data & AI- Operations",,scraped,2026-09-29T09:40:02.625728,
8e7126bcd8853480,https://nz.linkedin.com/jobs/view/senior-consultant-siem-engineer-cybersecurity-at-ey-4421599617,Senior Consultant - SIEM Engineer - Cybersecurity,EY,posted,2026-09-29T09:40:24.227248,1813
2a453e788c2e40bb,https://nz.linkedin.com/jobs/view/device-performance-engineer-at-halter-4471597320,Device Performance Engineer,,scraped,2026-09-29T09:40:26.917641,
5c1721dcdd36b20f,https://nz.linkedin.com/jobs/view/platforms-lead-at-tribe-group-4473053770,Platforms Lead,,scraped,2026-09-29T09:40:33.328416,
6aee3a90849d3c21,https://nz.linkedin.com/jobs/view/store-manager-at-mountain-warehouse-4306481731,Store Manager,,scraped,2026-09-30T09:08:49.633192,
6e8f67f33dc9d7d8,https://nz.linkedin.com/jobs/view/senior-recruitment-consultant-%E2%80%93-marketing-at-rice-co-4473579029,Senior Recruitment Consultant – Marketing,,scraped,2026-09-30T09:09:00.630410,
c2561f54171eda33,https://nz.linkedin.com/jobs/view/information-security-analyst-tnz-at-tait-communications-4473596987,Information Security Analyst - TNZ,,scraped,2026-09-30T09:09:15.616812,
fb405df54f4e0e68,https://nz.linkedin.com/jobs/view/housekeeping-team-leader-at-mgallery-hotel-collection-4471992218,Housekeeping Team Leader,,scraped,2026-09-30T09:09:36.051511,
01e7e59b11aa8c37,https://nz.linkedin.com/jobs/view/mri-scientist-at-siemens-healthineers-4471245342,MRI Scientist,,scraped,2026-09-30T09:09:51.789701,
4eea504b6ba94e26,https://nz.linkedin.com/jobs/view/store-manager-cotton-on-body-queensgate-at-cotton-on-group-4472703402,Store Manager - Cotton On Body Queensgate,,scraped,2026-09-30T09:10:03.533493,
d910cbed551d783b,https://nz.linkedin.com/jobs/view/senior-researcher-talent-intelligence-at-tribe-group-4473544540,Senior Researcher | Talent Intelligence,,scraped,2026-09-30T09:10:16.202506,
0099d94d7adf113d,https://nz.linkedin.com/jobs/view/cnc-machinist-christchurch-at-dawn-aerospace-4472728866,CNC Machinist - Christchurch,,scraped,2026-09-30T09:10:24.617040,
cc4de674aacef29b,https://nz.linkedin.com/jobs/view/senior-consultant-tax-advisory-at-crowe-australasia-4472104888,Senior Consultant - Tax Advisory,,scraped,2026-09-30T09:10:35.663818,
5cc90ad13e157e9d,https://nz.linkedin.com/jobs/view/platypus-assistant-store-manager-queen-st-at-platypus-shoes-4473078400,Platypus Assistant Store Manager - Queen St,,scraped,2026-09-30T09:10:41.964670,
75ae9e5b652267b4,https://nz.linkedin.com/jobs/view/talent-manager-at-archway-recruitment-4473716799,Talent Manager,,scraped,2026-09-30T09:10:48.423354,
365265146f7fe08f,https://nz.linkedin.com/jobs/view/senior-occupational-therapist-at-habit-health-4473205573,Senior Occupational Therapist,,scraped,2026-09-30T09:10:58.218946,
81fab9f2c32c1a3c,https://nz.linkedin.com/jobs/view/sales-representative-at-western-itm-4473571915,Sales Representative,,scraped,2026-09-30T09:11:06.261404,
c4f728789cdd651d,https://nz.linkedin.com/jobs/view/senior-accountant-at-hampton-tci-executive-search-advisory-4473710567,Senior Accountant,,scraped,2026-09-30T09:11:19.810926,
05d64bff501ac0bc,https://nz.linkedin.com/jobs/view/floor-manager-westfield-newmarket-at-cos-4472701325,Floor Manager (Westfield Newmarket),COS,failed|wp_post_failed,2026-09-30T09:11:47.109518,
9da0421ad9ad0eb4,https://nz.linkedin.com/jobs/view/servicenow-developer-at-ac3-4471274459,ServiceNow Developer,,scraped,2026-09-30T09:11:49.787678,
9cc5f9f5c924ea14,https://nz.linkedin.com/jobs/view/partnerships-account-executive-remote-at-employment-hero-4473558453,Partnerships Account Executive - Remote,,scraped,2026-09-30T09:13:03.702995,
ecd89faa71b0427d,https://nz.linkedin.com/jobs/view/press-brake-operator-at-cut-fold-nz-ltd-4473595487,Press brake operator,Cut Fold NZ Ltd,failed|wp_post_failed,2026-09-30T09:13:24.018879,
b5f9c649fc885e1a,https://nz.linkedin.com/jobs/view/senior-account-executive-at-teletrac-navman-4473515850,Senior Account Executive,Teletrac Navman,failed|wp_post_failed,2026-09-30T09:13:43.464535,
2478961971ff921c,https://nz.linkedin.com/jobs/view/account-manager-at-brand-influence-group-big-4471315359,Account Manager,,scraped,2026-09-30T09:13:54.366239,
018de5eaea9e5ff6,https://nz.linkedin.com/jobs/view/human-resources-director-new-zealand-at-dksh-4472126624,"Human Resources Director, New Zealand",,scraped,2026-09-30T09:14:04.903642,
e89b48679ea6c46c,https://nz.linkedin.com/jobs/view/key-account-manager-at-airline-rep-services-4473595768,Key Account Manager,Airline Rep Services,posted,2026-09-30T09:14:25.923418,1063
87399f32d25c3bce,https://nz.linkedin.com/jobs/view/senior-adviser-investment-management-at-financial-markets-authority-%E2%80%93-te-mana-t%C4%81tai-hokohoko-4471307391,"Senior Adviser, Investment Management",Financial Markets Authority – Te Mana Tātai Hokohoko,failed|wp_post_failed,2026-09-30T09:14:44.242035,
ee29989fc3c8979d,https://nz.linkedin.com/jobs/view/secondary-teacher-mathematics-at-acg-schools-4471882006,Secondary Teacher - Mathematics,,scraped,2026-09-30T09:14:48.865334,
6c61507a123f64b3,https://nz.linkedin.com/jobs/view/senior-architect-at-archway-recruitment-4471416732,Senior Architect,,scraped,2026-09-30T09:15:13.703544,
f7638b19a7924b4e,https://nz.linkedin.com/jobs/view/labourer-at-higgins-4471233194,Labourer,,scraped,2026-09-30T09:15:33.263470,
428f21592c3cb32d,https://nz.linkedin.com/jobs/view/installation-specialist-noel-leeming-queenstown-at-noel-leeming-4473585077,"Installation Specialist - Noel Leeming, Queenstown",Noel Leeming,posted,2026-09-30T09:15:56.707776,134
1d31ff096d2032f6,https://nz.linkedin.com/jobs/view/principal-planner-dunedin-at-slr-consulting-4471968868,Principal Planner - Dunedin,,scraped,2026-09-30T09:15:59.394379,
800af85e03c9ebcb,https://nz.linkedin.com/jobs/view/accounts-administrator-at-hw-richardson-group-4472219765,Accounts Administrator,,scraped,2026-09-30T09:16:30.075027,
f7cd2e72cc264b61,https://nz.linkedin.com/jobs/view/concierge-at-canon-business-services-anz-4461148919,Concierge,Canon Business Services ANZ,failed|wp_post_failed,2026-09-30T09:16:55.151548,
9dfa49b1a743697a,https://nz.linkedin.com/jobs/view/infrastructure-systems-engineer-at-hamilton-city-council-4471990264,Infrastructure Systems Engineer,Hamilton City Council,failed|wp_post_failed,2026-09-30T09:17:37.114042,
3265e30d8e9e6d52,https://nz.linkedin.com/jobs/view/vintage-winemaking-assistant-at-vinarchy-4471963229,Vintage Winemaking Assistant,Vinarchy,failed|wp_post_failed,2026-09-30T09:17:56.814799,
3900be4fb4e54b1e,https://nz.linkedin.com/jobs/view/graphic-content-designer-at-kernel-4471599606,Graphic & Content Designer,,scraped,2026-09-30T09:18:03.567455,
15080ebc894f0442,https://nz.linkedin.com/jobs/view/manager-senior-manager-tax-advisory-at-crowe-australasia-4472112594,Manager/Senior Manager - Tax Advisory,,scraped,2026-09-30T09:18:16.455705,
42d9a90586da9640,https://nz.linkedin.com/jobs/view/fit-reservations-agent-at-pullman-hotels-resorts-4471918013,FIT Reservations Agent,,scraped,2026-09-30T09:18:39.061364,
39602db1c102320e,https://nz.linkedin.com/jobs/view/unarmed-guard-local-guard-force-at-continuitygs-4473557732,Unarmed Guard (Local Guard Force),ContinuityGS,failed|wp_post_failed,2026-09-30T09:19:04.019455,
08d7e69e826c174d,https://nz.linkedin.com/jobs/view/food-beverage-attendant-at-novotel-hotels-4471903516,Food & Beverage Attendant,,scraped,2026-09-30T09:19:06.585175,
b944850b046e230b,https://nz.linkedin.com/jobs/view/personal-assistant-at-achieve-hospitality-4470859968,Personal Assistant,,scraped,2026-09-30T09:19:40.569149,
98b3cbdb8c6cf2fd,https://nz.linkedin.com/jobs/view/electrical-engineer-4473562568,Electrical Engineer,Ensor Consulting Limited,failed|wp_post_failed,2026-09-30T09:20:00.359556,
f58a35c5e316d48d,https://nz.linkedin.com/jobs/view/electrical-engineer-4473587706,Electrical Engineer,Ensor Consulting Limited,scraped,2026-09-30T09:20:03.743366,
fbc160a5bb5067b4,https://nz.linkedin.com/jobs/view/electrical-engineer-4473599056,Electrical Engineer,Ensor Consulting Limited,scraped,2026-09-30T09:20:07.210373,
527759204ddf3e5b,https://nz.linkedin.com/jobs/view/recruitment-manager-%E2%80%93-business-support-at-rice-co-4472712762,Recruitment manager – Business Support,,scraped,2026-09-30T09:20:23.906285,
b63956aafab82421,https://nz.linkedin.com/jobs/view/architect-at-atlasphere-search-4472710365,Architect,Atlasphere Search,failed|wp_post_failed,2026-09-30T09:20:50.360089,
79b03e7593decf32,https://nz.linkedin.com/jobs/view/mdm-sme-at-tata-consultancy-services-4460601106,MDM SME,Tata Consultancy Services,failed|wp_post_failed,2026-09-30T09:21:12.938831,
d497b96ec6ab2dca,https://nz.linkedin.com/jobs/view/lead-principal-protection-engineer-at-worley-4437134544,Lead/Principal Protection Engineer,Worley,failed|wp_post_failed,2026-09-30T09:21:30.863242,
442d082313391072,https://nz.linkedin.com/jobs/view/customer-relationship-manager-%E2%80%93-central-north-island-at-hunter-campbell-4448288543,Customer Relationship Manager – Central North Island,,scraped,2026-09-30T09:21:33.495395,
c7a06a804a85244a,https://nz.linkedin.com/jobs/view/assurance-%E2%80%93-wellington-%E2%80%93-senior-manager-at-pwc-new-zealand-4437140529,Assurance – Wellington – Senior Manager,PwC New Zealand,failed|wp_post_failed,2026-09-30T09:22:06.125061,
c4b9bfb75786646b,https://nz.linkedin.com/jobs/view/senior-policy-planner-at-waimakariri-district-council-4470311520,Senior Policy Planner,,scraped,2026-09-30T09:22:08.789604,
402161c3e034ad08,https://nz.linkedin.com/jobs/view/credit-controller-at-university-of-auckland-4473569836,Credit Controller,University of Auckland,failed|wp_post_failed,2026-09-30T09:22:41.471257,
583e61c3daae05db,https://nz.linkedin.com/jobs/view/repairs-coordinator-at-gallagher-4472300097,Repairs Coordinator,,scraped,2026-09-30T09:22:44.070265,
1ada80cf5c1bf63d,https://nz.linkedin.com/jobs/view/people-culture-business-partner-at-beca-4473568101,People & Culture Business Partner,,scraped,2026-09-30T09:24:01.102063,
25cde85a1deac9d8,https://nz.linkedin.com/jobs/view/sales-consultant-noel-leeming-thames-at-noel-leeming-4472499190,"Sales Consultant - Noel Leeming, Thames",Noel Leeming,posted,2026-09-30T09:24:15.112651,150
3825f34110da9ed4,https://nz.linkedin.com/jobs/view/electrician-roofer-4473729755,Electrician/Roofer,Still Grafting limited,failed|wp_post_failed,2026-09-30T09:24:29.447829,
e5bc506c271d7c5e,https://nz.linkedin.com/jobs/view/service-operations-specialist-at-woolworths-group-4472488337,Service Operations Specialist,,scraped,2026-09-30T09:24:40.338378,
b338e918f47189aa,https://nz.linkedin.com/jobs/view/senior-commercial-analyst-%E2%80%93-strategy-insights-at-enlite-partners-4472480870,Senior Commercial Analyst – Strategy & Insights,,scraped,2026-09-30T09:25:03.603969,
3e401fcb1332b4b1,https://nz.linkedin.com/jobs/view/solution-architect-at-datacom-4472484051,Solution Architect,Datacom,posted,2026-09-30T09:25:19.007147,1083
e952dd0548b77643,https://nz.linkedin.com/jobs/view/sales-operations-planning-lead-at-halter-4471987716,Sales & Operations Planning Lead,,scraped,2026-09-30T09:25:21.614469,
adb0bc32ad2f90b4,https://nz.linkedin.com/jobs/view/planner-scheduler-at-rio-tinto-4472302160,Planner Scheduler,,scraped,2026-09-30T09:25:31.926915,
45346a9754157516,https://nz.linkedin.com/jobs/view/manager-international-tax-and-transaction-services-at-ey-4385076652,Manager - International Tax and Transaction Services,EY,posted,2026-09-30T09:25:46.642818,280
576b6f094ff07588,https://nz.linkedin.com/jobs/view/senior-software-engineer-at-tait-communications-4471254452,Senior Software Engineer,,scraped,2026-09-30T09:25:53.288670,
d521a80ba40e815e,https://nz.linkedin.com/jobs/view/reservations-manager-at-ihg-hotels-resorts-4470823707,Reservations Manager,,scraped,2026-09-30T09:26:07.915496,
62d8d9cd3d340975,https://nz.linkedin.com/jobs/view/activity-and-lifestyle-coordinator-at-ryman-healthcare-4471255723,Activity and Lifestyle Coordinator,,scraped,2026-09-30T09:26:18.733528,
4c2a620f95ab8232,https://nz.linkedin.com/jobs/view/enterprise-customer-success-manager-at-idexx-4461107692,Enterprise Customer Success Manager,IDEXX,failed|wp_post_failed,2026-09-30T09:26:43.278507,
c5b204c6890fe4c2,https://nz.linkedin.com/jobs/view/operations-data-analyst-at-partners-life-4471916063,Operations Data Analyst,,scraped,2026-09-30T09:26:47.934766,
bb1d7eb8e04ed6d1,https://nz.linkedin.com/jobs/view/repairs-coordinator-at-gallagher-animal-management-4472125185,Repairs Coordinator,,scraped,2026-09-30T09:26:58.008275,
5d0c6f0c8ff25a2b,https://nz.linkedin.com/jobs/view/senior-geotechnical-engineer-engineering-geologist-at-hays-4471560538,Senior Geotechnical Engineer / Engineering Geologist,,scraped,2026-09-30T09:27:07.802764,
c7a1691205c6981c,https://nz.linkedin.com/jobs/view/payroll-specialist-manager-at-omnicom-advertising-4471323125,Payroll Specialist/Manager,Omnicom Advertising,failed|wp_post_failed,2026-09-30T09:27:36.805734,
8d53a640d82499b9,https://nz.linkedin.com/jobs/view/senior-risk-transformation-analyst-at-kiwibank-4471099931,Senior Risk Transformation Analyst,Kiwibank,failed|wp_post_failed,2026-09-30T09:28:35.141342,
bc5c5e13da9519eb,https://nz.linkedin.com/jobs/view/lead-principal-protection-engineer-at-worley-4437133607,Lead/Principal Protection Engineer,Worley,failed|wp_post_failed,2026-09-30T09:28:51.166300,
41e0e9cc7857d944,https://nz.linkedin.com/jobs/view/technical-project-manager-busy-bar-at-jobgether-4470770911,Technical Project Manager (BUSY Bar),,scraped,2026-09-30T09:28:53.926175,
340e8386557e0234,https://nz.linkedin.com/jobs/view/class-2-driver-silverdale-at-persol-4472088054,Class 2 Driver Silverdale,,scraped,2026-09-30T09:29:00.438580,
d53a6bca53974401,https://nz.linkedin.com/jobs/view/account-manager-microbiology-new-zealand-at-oxoid-remel-microbiology-acquired-from-thermo-fisher-scientific-4472753673,Account Manager - Microbiology (New Zealand),,scraped,2026-09-30T09:29:08.495911,
c9bdf2d8cd56eb88,https://nz.linkedin.com/jobs/view/cooks-assistant-at-ryman-healthcare-4471215916,Cooks Assistant,,scraped,2026-09-30T09:29:17.122763,
ca79449585334686,https://nz.linkedin.com/jobs/view/intermediate-developer-at-momentum-consulting-group-4473092172,Intermediate Developer,,scraped,2026-09-30T09:29:28.961483,
60cd0f3270762469,https://nz.linkedin.com/jobs/view/customer-account-manager-at-motion-asia-pacific-4472486513,Customer Account Manager,,scraped,2026-09-30T09:29:35.849575,
a9f2715b5c21aa5e,https://nz.linkedin.com/jobs/view/sales-marketing-coordinator-at-hunter-campbell-4471954983,Sales & Marketing Coordinator,,scraped,2026-09-30T09:29:48.978565,
8ca242d0de0452c2,https://nz.linkedin.com/jobs/view/ux-researcher-at-westpac-new-zealand-4472117233,UX Researcher,Westpac New Zealand,failed|wp_post_failed,2026-09-30T09:30:16.209283,
1c74de2ff15277d8,https://nz.linkedin.com/jobs/view/lead-advisor-at-nz-transport-agency-waka-kotahi-4472141085,Lead Advisor,NZ Transport Agency Waka Kotahi,failed|wp_post_failed,2026-09-30T09:30:34.482828,
8add9a8c5cdd9762,https://nz.linkedin.com/jobs/view/executive-manager-strategy-at-iag-4472131455,"Executive Manager, Strategy",IAG,failed|wp_post_failed,2026-09-30T09:30:54.627707,
d326069aff41a8bb,https://nz.linkedin.com/jobs/view/finfish-process-workers-at-moana-new-zealand-4471292832,Finfish Process Workers,,scraped,2026-09-30T09:31:07.310331,
1cfa2b49c2833e95,https://nz.linkedin.com/jobs/view/finance-business-partner-at-gallagher-4471310796,Finance Business Partner,,scraped,2026-09-30T09:31:42.609002,
c96275b6cd2d277e,https://nz.linkedin.com/jobs/view/team-experience-leader-at-woolworths-group-4473554637,Team Experience Leader,,scraped,2026-09-30T09:31:51.711507,
543dd7bef7780871,https://nz.linkedin.com/jobs/view/physiotherapist-at-apm-new-zealand-4374216480,Physiotherapist,,scraped,2026-09-30T09:33:04.073469,
009fefba12810594,https://nz.linkedin.com/jobs/view/project-architect-at-archway-recruitment-4473589356,Project Architect,,scraped,2026-09-30T09:33:13.616971,
4ff3ab0fdf01fcb4,https://nz.linkedin.com/jobs/view/principal-consultant-modern-work-power-platform-at-fusion5-4473581064,Principal Consultant - Modern Work (Power Platform),,scraped,2026-09-30T09:33:27.628488,
37c97f60aa1f853b,https://nz.linkedin.com/jobs/view/senior-full-stack-engineer-practice-engineering-at-xero-4471278975,Senior Full Stack Engineer - Practice Engineering,,scraped,2026-09-30T09:33:35.262473,
54819ccc1b4da698,https://nz.linkedin.com/jobs/view/senior-full-stack-engineer-practice-engineering-at-xero-4471298156,Senior Full Stack Engineer - Practice Engineering,,scraped,2026-09-30T09:33:43.859667,
df73b30be4b2db99,https://nz.linkedin.com/jobs/view/course-advisor-%E2%80%93-travel-tourism-aviation-at-the-international-travel-college-of-new-zealand-ltd-4473573708,"Course Advisor – Travel, Tourism & Aviation",,scraped,2026-09-30T09:33:52.357054,
5d0a64d642b5ade0,https://nz.linkedin.com/jobs/view/property-manager-at-glasshouse-property-management-4473542088,Property Manager,,scraped,2026-09-30T09:34:20.856470,
2d44fd522b98fb9f,https://nz.linkedin.com/jobs/view/senior-product-manager-1-at-pushpay-4451905715,Senior Product Manager 1,Pushpay,failed|wp_post_failed,2026-09-30T09:34:47.476148,
17438b64f9fb2e96,https://nz.linkedin.com/jobs/view/the-doctors-mt-roskill-gp-lead-at-the-doctors-medical-centres-4471796626,The Doctors Mt Roskill - GP Lead,,scraped,2026-09-30T09:34:50.241936,
acbfaa0c0ead23a2,https://nz.linkedin.com/jobs/view/senior-partner-4473546942,Senior Partner,FTS,failed|wp_post_failed,2026-09-30T09:35:34.274550,
39cebc5298ccd31d,https://nz.linkedin.com/jobs/view/registered-nurse-at-heritage-lifecare-4473005112,Registered Nurse,,scraped,2026-09-30T09:35:36.944967,
f656d4d3af5c011c,https://nz.linkedin.com/jobs/view/electricity-programme-coordinator-at-vector-limited-4473045686,Electricity Programme Coordinator,,scraped,2026-09-30T09:35:44.481245,
c2d67d039ae802eb,https://nz.linkedin.com/jobs/view/senior-software-engineer-quality-at-jobgether-4472144239,"Senior Software Engineer, Quality",,scraped,2026-09-30T09:35:58.079997,
96e34e2b2c5f3f0b,https://nz.linkedin.com/jobs/view/account-executive-smb-at-uber-4472139145,Account Executive - SMB,Uber,failed|wp_post_failed,2026-09-30T09:36:21.853718,
fbbe4ed0a13c4cc7,https://nz.linkedin.com/jobs/view/hydro-truck-operator-at-hw-richardson-group-4473256325,Hydro Truck Operator,,scraped,2026-09-30T09:36:28.636304,
5da95251bb9195a4,https://nz.linkedin.com/jobs/view/project-manager-at-verbrec-4471717604,Project Manager,,scraped,2026-09-30T09:36:41.672609,
a27fee943c7b32a1,https://nz.linkedin.com/jobs/view/health-safety-manager-at-diocesan-school-for-girls-4473570594,Health & Safety Manager,Diocesan School for Girls,failed|wp_post_failed,2026-09-30T09:37:15.444556,
9ef40f8411d2c49c,https://nz.linkedin.com/jobs/view/technical-facilities-manager-at-nz-post-4473592993,Technical Facilities Manager,,scraped,2026-09-30T09:37:18.058264,
9b2205e4cacd2682,https://nz.linkedin.com/jobs/view/national-demand-planning-manager-at-the-heineken-company-4471559469,National Demand Planning Manager,The HEINEKEN Company,failed|wp_post_failed,2026-09-30T09:37:45.110171,
bd0e1b7c242567f0,https://nz.linkedin.com/jobs/view/ttm-designer-at-downer-4473223244,TTM Designer,,scraped,2026-09-30T09:37:53.793811,
b0688ef6b20834e6,https://nz.linkedin.com/jobs/view/senior-engineer-ai-at-serko-4472478234,Senior Engineer - AI,,scraped,2026-09-30T09:38:05.639239,
df8b5d3c73f8e978,https://nz.linkedin.com/jobs/view/salesforce-administrator-at-hays-4473709499,Salesforce Administrator,,scraped,2026-09-30T09:38:26.072561,
5551a8ac446c394d,https://nz.linkedin.com/jobs/view/senior-cx-engineer-at-contacx-4470827479,Senior CX Engineer,,scraped,2026-09-30T09:39:27.495577,
1ffb0dc439a36d29,https://nz.linkedin.com/jobs/view/senior-consultant-workday-at-datacom-4455250510,Senior Consultant - Workday,Datacom,posted,2026-09-30T09:39:43.056890,473
3316cf13c1e35f62,https://nz.linkedin.com/jobs/view/senior-consultant-workday-at-datacom-4455252510,Senior Consultant - Workday,Datacom,posted,2026-09-30T09:39:52.146460,473
26eeaee4b8e70c5e,https://nz.linkedin.com/jobs/view/vocational-consultant-at-habit-health-4473206541,Vocational Consultant,,scraped,2026-09-30T09:40:10.880864,
9606d9cfc78f0348,https://nz.linkedin.com/jobs/view/ride-on-mower-operator-streetscapes-mowing-at-programmed-4474103715,Ride-On Mower Operator - Streetscapes Mowing,,scraped,2026-10-01T09:30:04.569028,
af61e5d84e13b382,https://nz.linkedin.com/jobs/view/merchandiser-hamilton-at-coca-cola-europacific-partners-4472175591,Merchandiser - Hamilton,Coca-Cola Europacific Partners,failed|wp_post_failed,2026-10-01T09:30:31.183109,
f0766a17d58e03b3,https://nz.linkedin.com/jobs/view/ride-on-mower-operator-streetscapes-mowing-at-persol-4472682713,Ride-On Mower Operator - Streetscapes Mowing,,scraped,2026-10-01T09:30:41.717933,
8887f8e74b7969d8,https://nz.linkedin.com/jobs/view/grc-manager-cybersecurity-at-defend-4473989047,GRC Manager - Cybersecurity,,scraped,2026-10-01T09:30:49.302066,
45b6de054f215bf3,https://nz.linkedin.com/jobs/view/manager-strategy-consulting-at-grant-executive-search-4467136565,Manager - Strategy Consulting,Grant Executive Search,failed|wp_post_failed,2026-10-01T09:31:41.798147,
b7748e66d7f15d8f,https://nz.linkedin.com/jobs/view/merchandise-coordinator-at-jb-hi-fi-4461889320,Merchandise Coordinator,,scraped,2026-10-01T09:31:44.407707,
d6bb1cc459c48d0e,https://nz.linkedin.com/jobs/view/chef-de-partie-at-star-group-4471382717,Chef de Partie,,scraped,2026-10-01T09:31:51.059768,
5c7b9fbb15948f47,https://nz.linkedin.com/jobs/view/room-attendant-at-pullman-hotels-resorts-4473718640,Room Attendant,,scraped,2026-10-01T09:31:59.782051,
71b7120962d188e4,https://nz.linkedin.com/jobs/view/room-attendants-at-mgallery-hotel-collection-4472313118,Room Attendants,,scraped,2026-10-01T09:32:08.300300,
fb001a78bdbef820,https://nz.linkedin.com/jobs/view/team-member-queen-street-fast-track-into-management-at-nando-s-australia-new-zealand-4474118406,Team Member - Queen Street | Fast-Track Into Management,,scraped,2026-10-01T09:32:17.625739,
cce815fc5b2df97c,https://nz.linkedin.com/jobs/view/analytics-engineer-at-southern-cross-health-insurance-4470148188,Analytics Engineer,,scraped,2026-10-01T09:32:26.337784,
3add5ff37d51648b,https://nz.linkedin.com/jobs/view/cluster-director-of-engineering-at-rosewood-cape-kidnappers-4472700193,Cluster Director of Engineering,,scraped,2026-10-01T09:32:33.812449,
444378d9bf4f9cf4,https://nz.linkedin.com/jobs/view/executive-assistant-auckland-at-chorus-nz-limited-4473045116,Executive Assistant - Auckland,,scraped,2026-10-01T09:32:40.752812,
efcd79fb9e915e7a,https://nz.linkedin.com/jobs/view/store-manager-at-early-settler-4471286992,Store Manager,,scraped,2026-10-01T09:32:48.483948,
4a78c0f49a2eaac0,https://nz.linkedin.com/jobs/view/machine-learning-engineer-all-levels-at-halter-4376006643,Machine Learning Engineer - All Levels,,scraped,2026-10-01T09:32:56.239145,
1f07f2afdb0cfbe1,https://nz.linkedin.com/jobs/view/visual-merchandising-team-member-support-office-based-at-the-warehouse-group-4471859534,Visual Merchandising Team Member (Support Office based),,scraped,2026-10-01T09:33:02.917462,
f6c197e49baa9f07,https://nz.linkedin.com/jobs/view/retail-assistant-repco-frankton-at-repco-4471865140,Retail Assistant | Repco Frankton,Repco,failed|wp_post_failed,2026-10-01T09:33:24.452128,
c417ba5f9e565b12,https://nz.linkedin.com/jobs/view/store-manager-tauranga-at-freedom-australia-4472681625,Store Manager - Tauranga,,scraped,2026-10-01T09:33:27.041665,
0ed98bceaf1a3838,https://nz.linkedin.com/jobs/view/kmart-bay-of-plenty-region-nz-store-manager-at-kmart-australia-limited-4472691462,Kmart Bay of Plenty Region NZ - Store Manager,Kmart Australia Limited,failed|wp_post_failed,2026-10-01T09:33:52.920534,
3354c2eec78fa058,https://nz.linkedin.com/jobs/view/group-management-accountant-at-spa-world-4473080147,Group Management Accountant,,scraped,2026-10-01T09:33:59.664901,
e7c9f91c4adc3600,https://nz.linkedin.com/jobs/view/class-4-driver-at-mondiale-vgl-4471319249,Class 4 Driver,,scraped,2026-10-01T09:34:06.951732,
b35c8427f3307604,https://nz.linkedin.com/jobs/view/maintenance-planner-at-tiaki-wai-4473547703,Maintenance Planner,Tiaki Wai,failed|wp_post_failed,2026-10-01T09:34:23.971075,
bbf94decffa640bb,https://nz.linkedin.com/jobs/view/senior-data-ai-governance-specialist-at-xero-4471978914,Senior Data & AI Governance Specialist,,scraped,2026-10-01T09:34:26.696478,
9b3d75efac54fe2e,https://nz.linkedin.com/jobs/view/bid-manager-at-datacom-4472643925,Bid Manager,Datacom,posted,2026-10-01T09:34:41.383812,869
2f5ef110990fdd9e,https://nz.linkedin.com/jobs/view/operator-concrete-at-higgins-4471224424,Operator (Concrete),,scraped,2026-10-01T09:34:46.001574,
1ba609d9fb647c9a,https://nz.linkedin.com/jobs/view/cake-baker-at-candid-jobs-4472533277,Cake Baker,Candid Jobs,failed|wp_post_failed,2026-10-01T09:35:12.195622,
0eb889120d265923,https://nz.linkedin.com/jobs/view/experienced-room-attendant-housekeeping-dunedin-at-distinction-hotel-group-4471233087,Experienced Room Attendant/Housekeeping - Dunedin,,scraped,2026-10-01T09:35:16.821105,
c320573990781a75,https://nz.linkedin.com/jobs/view/global-talent-acquisition-director-at-zuru-4444778898,Global Talent Acquisition Director,,scraped,2026-10-01T09:35:24.829074,
fc0d6c0d8efda3dd,https://nz.linkedin.com/jobs/view/associate-merchandise-planner-opportunities-at-the-warehouse-group-4473081898,Associate Merchandise Planner Opportunities,,scraped,2026-10-01T09:35:34.307242,
84a22b68918ba97a,https://nz.linkedin.com/jobs/view/senior-quantity-surveyor-at-glasshouse-recruitment-4472341961,Senior Quantity Surveyor,,scraped,2026-10-01T09:35:40.996922,
a55fd174219b2017,https://nz.linkedin.com/jobs/view/financial-controller-at-hunter-campbell-4472394814,Financial Controller,,scraped,2026-10-01T09:35:47.761361,
0645eedaf7d0191e,https://nz.linkedin.com/jobs/view/business-development-executive-at-dxc-technology-4472325131,Business Development Executive,DXC Technology,posted,2026-10-01T09:36:03.243008,809
d3cf33f83f978703,https://nz.linkedin.com/jobs/view/software-development-engineer-in-test-at-trimble-inc-4474112597,Software Development Engineer in Test,Trimble Inc.,failed|wp_post_failed,2026-10-01T09:36:18.330309,
65896e52070dc357,https://nz.linkedin.com/jobs/view/business-development-manager-at-hunter-campbell-4472363611,Business Development Manager,,scraped,2026-10-01T09:36:24.959610,
20bdba6b0e397114,https://nz.linkedin.com/jobs/view/senior-underwriter-at-qbe-insurance-4471336129,Senior Underwriter,QBE Insurance,failed|wp_post_failed,2026-10-01T09:36:47.125583,
931217a2bda6fcdf,https://nz.linkedin.com/jobs/view/devops-engineer-at-softwareone-4472320667,DevOps Engineer,SoftwareOne,failed|wp_post_failed,2026-10-01T09:37:28.673753,
ed6187832ea557df,https://nz.linkedin.com/jobs/view/revenue-strategy-manager-at-tegel-foods-ltd-4473537390,Revenue Strategy Manager,,scraped,2026-10-01T09:37:51.363014,
ce486c8359b55e10,https://nz.linkedin.com/jobs/view/solutions-architect-at-southern-cross-health-insurance-4470850174,Solutions Architect,,scraped,2026-10-01T09:38:05.149425,
c9f3486ef81090cf,https://nz.linkedin.com/jobs/view/industrial-electrician-late-night-shift-at-persol-4472683653,Industrial Electrician - LATE NIGHT SHIFT,,scraped,2026-10-01T09:38:12.574417,
4995aded8e562ac5,https://nz.linkedin.com/jobs/view/finance-analyst-at-persol-4472683654,Finance Analyst,,scraped,2026-10-01T09:38:26.391297,
14e4f127cd88279c,https://nz.linkedin.com/jobs/view/senior-cybersecurity-consultant-at-datacom-4443234134,Senior Cybersecurity Consultant,Datacom,failed|wp_post_failed,2026-10-01T09:38:56.992541,
7608b975bc87b1f9,https://nz.linkedin.com/jobs/view/housekeeping-supervisor-at-mgallery-hotel-collection-4471579767,Housekeeping Supervisor,,scraped,2026-10-01T09:39:03.631137,
f380c9fdc215231e,https://nz.linkedin.com/jobs/view/class-4-driver-christchurch-at-hw-richardson-group-4472723845,Class 4 Driver Christchurch,,scraped,2026-10-01T09:39:12.670461,
56390075ecbd1ebd,https://nz.linkedin.com/jobs/view/finance-manager-at-allrecruits-4471864054,Finance Manager,,scraped,2026-10-01T09:39:19.728406,
fa3f6dfa64a7f609,https://nz.linkedin.com/jobs/view/maintenance-technician-mechanical-auckland-airport-f-m-at-alstef-group-4473997825,Maintenance Technician - Mechanical - Auckland Airport F/M,,scraped,2026-10-01T09:39:30.756365,
24b1697cbbfbba22,https://nz.linkedin.com/jobs/view/manager-technology-information-security-risk-at-anz-4471257216,"Manager, Technology & Information Security Risk",,scraped,2026-10-01T09:39:39.889590,
b44186733b61e787,https://nz.linkedin.com/jobs/view/data-platform-engineer-at-southern-cross-health-insurance-4470143315,Data Platform Engineer,,scraped,2026-10-01T09:39:50.531410,
74c986cf17a54547,https://nz.linkedin.com/jobs/view/assistant-store-manager-sylvia-park-at-lovisa-pty-ltd-4474111705,Assistant Store Manager | Sylvia Park,,scraped,2026-10-01T09:39:58.028703,
6ae37c6ab975c3c9,https://nz.linkedin.com/jobs/view/af-export-operative-at-hellmann-worldwide-logistics-4473756630,AF Export Operative,Hellmann Worldwide Logistics,failed|wp_post_failed,2026-10-01T09:40:24.025969,
bfd63b3d13b3d620,https://nz.linkedin.com/jobs/view/credit-claims-officer-at-hunter-campbell-4472505390,Credit Claims Officer,,scraped,2026-10-01T09:40:26.673860,
1d9cda8edf8ecade,https://nz.linkedin.com/jobs/view/room-attendant-rotorua-at-distinction-hotel-group-4471235086,Room Attendant - Rotorua,,scraped,2026-10-01T09:40:36.079277,
b09fc8fb8b67f965,https://nz.linkedin.com/jobs/view/back-end-software-engineer-senior-at-xe-com-4472369806,Back End Software Engineer (Senior),,scraped,2026-10-01T09:40:46.267442,
37c12cc15fb6d26b,https://nz.linkedin.com/jobs/view/agency-customer-support-officer-at-airline-rep-services-4471972598,Agency & Customer Support Officer,Airline Rep Services,failed|wp_post_failed,2026-10-01T09:41:13.834050,
17b766fa4bcd3d4f,https://nz.linkedin.com/jobs/view/industrial-designer-at-tait-communications-4474117007,Industrial Designer,,scraped,2026-10-01T09:41:16.472000,
e1850f29544ddf1f,https://nz.linkedin.com/jobs/view/finance-business-partnering-manager-at-hamilton-city-council-4472358633,Finance Business Partnering Manager,Hamilton City Council,failed|wp_post_failed,2026-10-01T09:41:48.391761,
9c841d5f651c562f,https://nz.linkedin.com/jobs/view/pricing-retail-analyst-at-gallagher-animal-management-4461115798,Pricing & Retail Analyst,,scraped,2026-10-01T09:41:51.219524,
329ce1d032b81fca,https://nz.linkedin.com/jobs/view/senior-consultant-rewards-at-ey-4450852301,Senior Consultant | Rewards,EY,failed|wp_post_failed,2026-10-01T09:42:23.810536,
7b893689974a80c7,https://nz.linkedin.com/jobs/view/aviation-security-officers-full-time-at-civil-aviation-authority-of-new-zealand-4472701674,Aviation Security Officers - Full Time,,scraped,2026-10-01T09:42:26.544115,
7bee0809b4c70cb0,https://nz.linkedin.com/jobs/view/customer-success-operations-senior-program-manager-at-cubic-corporation-4471264203,"Customer Success Operations, Senior Program Manager",Cubic Corporation,failed|wp_post_failed,2026-10-01T09:42:45.846440,
89bd3802640d3f72,https://nz.linkedin.com/jobs/view/director-strategic-planning-and-assurance-at-ministry-of-justice-new-zealand-4472461599,"Director, Strategic Planning and Assurance",,scraped,2026-10-01T09:43:04.468545,
dbd2103d53c1d54c,https://nz.linkedin.com/jobs/view/head-of-enterprise-investment-and-portfolio-management-at-careeraiforge-4474107617,Head of Enterprise Investment and Portfolio Management,careerAIForge,failed|wp_post_failed,2026-10-01T09:43:23.925942,
956fb9e81c4f250d,https://nz.linkedin.com/jobs/view/vlca-gp-lead-orakei-at-tend-health-ltd-4471375979,"VLCA GP Lead, Orakei",,scraped,2026-10-01T09:43:26.666031,
d876458b159505df,https://nz.linkedin.com/jobs/view/senior-tech-lead-ai-engineer-at-datacom-4464979951,Senior / Tech Lead AI Engineer,Datacom,posted,2026-10-01T09:43:39.221825,589
9d2772178d9e23d6,https://nz.linkedin.com/jobs/view/science-advisor-at-agresearch-4472479533,Science Advisor,,scraped,2026-10-01T09:43:41.890881,
a36a9a280539d851,https://nz.linkedin.com/jobs/view/business-development-manager-drive-growth-in-auckland-nz-at-thryv-australia-new-zealand-4472115279,Business Development Manager | Drive Growth in Auckland NZ,Thryv Australia & New Zealand,failed|wp_post_failed,2026-10-01T09:44:03.189178,
a1227a19b7d714ec,https://nz.linkedin.com/jobs/view/bartender-at-sofitel-4470077797,Bartender,,scraped,2026-10-01T09:44:05.863951,
587ec7afe070c95b,https://nz.linkedin.com/jobs/view/project-planner-m-f-at-vinci-construction-4473768237,Project Planner M/F,,scraped,2026-10-01T09:44:13.115232,
346fe4cc360910fa,https://nz.linkedin.com/jobs/view/learning-and-development-coordinator-at-landpower-4471311527,Learning and Development Coordinator,,scraped,2026-10-01T09:44:25.133047,
9c259fc5130e703c,https://nz.linkedin.com/jobs/view/business-development-manager-at-tribe-group-4463173584,Business Development Manager,,scraped,2026-10-01T09:44:34.239476,
eeb5bc26b4fa73e5,https://nz.linkedin.com/jobs/view/physiotherapist-community-services-and-concussion-at-apm-new-zealand-4305346934,Physiotherapist - Community Services and Concussion,,scraped,2026-10-01T09:44:40.706780,
5244527a59b75e8d,https://nz.linkedin.com/jobs/view/skechers-sales-assistant-botany-at-skechers-australia-new-zealand-4471518481,Skechers Sales Assistant - Botany,,scraped,2026-10-01T09:44:58.384029,
3a1961916be28230,https://nz.linkedin.com/jobs/view/project-manager-water-at-wsp-4471226669,Project Manager - Water,WSP,failed|wp_post_failed,2026-10-01T09:45:20.862617,
2442dad5b8363a10,https://nz.linkedin.com/jobs/view/bartender-non-solo-pizza-at-savor-group-4474103675,Bartender | Non Solo Pizza,Savor Group,failed|wp_post_failed,2026-10-01T09:45:38.209923,
67ecbd5c3373a8b2,https://nz.linkedin.com/jobs/view/pr-group-business-director-at-eleven-4470057181,PR Group Business Director,,scraped,2026-10-01T09:45:40.810163,
7bb97fb5f3e0f99a,https://nz.linkedin.com/jobs/view/strategic-business-development-manager-at-hays-4474100395,Strategic Business Development Manager,,scraped,2026-10-01T09:45:48.774873,
171394bf09995d64,https://nz.linkedin.com/jobs/view/engineering-manager-at-alliance-group-limited-4474129340,Engineering Manager,,scraped,2026-10-01T09:45:56.095619,
4358c43b7ff446bd,https://nz.linkedin.com/jobs/view/fpa-procurement-specialist-indirect-at-fisher-paykel-appliances-4474107022,FPA Procurement Specialist - Indirect,,scraped,2026-10-01T09:46:14.476738,
193875c71f87c47b,https://nz.linkedin.com/jobs/view/sales-manager-new-logo-at-enghouse-systems-4471994945,Sales Manager (New Logo),,scraped,2026-10-01T09:46:35.913486,
cdb675add5a85774,https://nz.linkedin.com/jobs/view/finance-business-partner-at-gallagher-animal-management-4471316949,Finance Business Partner,,scraped,2026-10-01T09:46:43.674636,
2eaa2c974d163daa,https://nz.linkedin.com/jobs/view/senior-software-engineer-business-automation-at-dawn-aerospace-4473779664,Senior Software Engineer - Business Automation,,scraped,2026-10-01T09:46:55.474038,
0dcff3afe7996aa5,https://nz.linkedin.com/jobs/view/vehicle-inspector-at-vinz-vehicle-inspection-nz-4471584765,Vehicle Inspector,,scraped,2026-10-01T09:47:08.404228,
a51e50c25bf617aa,https://nz.linkedin.com/jobs/view/business-development-manager-nz-at-partly-4406226985,"Business Development Manager, NZ",Partly,failed|wp_post_failed,2026-10-01T09:47:27.683267,
8038c574ec9eb14a,https://nz.linkedin.com/jobs/view/dynamics-365-f-o-finance-lead-at-capgemini-4472356408,Dynamics 365 F&O Finance Lead,,scraped,2026-10-01T09:47:32.393358,
2e97269605bfecfa,https://nz.linkedin.com/jobs/view/tech-solution-specialist-instore-at-the-warehouse-group-4471864290,Tech Solution Specialist - InStore,,scraped,2026-10-01T09:47:38.952736,
3c1aaceb44c2bea2,https://nz.linkedin.com/jobs/view/merchandise-operations-specialist-at-woolworths-group-4472181085,Merchandise Operations Specialist,,scraped,2026-10-01T09:47:55.625554,
0eeb4ed661ee6ec6,https://nz.linkedin.com/jobs/view/audit-manager-at-suncorp-group-4472673845,Audit Manager,,scraped,2026-10-01T09:48:02.791243,
7e26b7e94490bf43,https://nz.linkedin.com/jobs/view/class-5-driver-night-linehaul-at-hw-richardson-group-4472381296,Class 5 Driver - Night Linehaul,,scraped,2026-10-01T09:48:13.702429,
bef735057a5bb851,https://nz.linkedin.com/jobs/view/compliance-officer-at-apex-group-ltd-4472694942,Compliance Officer,,scraped,2026-10-01T09:48:22.715770,
8c5d896bab8b9070,https://nz.linkedin.com/jobs/view/data-and-ai-solution-architect-at-genesis-4474113580,Data and AI Solution Architect,Genesis,failed|wp_post_failed,2026-10-01T09:49:22.800347,
8537b520d19285d5,https://nz.linkedin.com/jobs/view/gm-finance-commercial-at-hunter-campbell-4471562588,GM Finance & Commercial,,scraped,2026-10-01T09:49:25.577595,
bf7a41a74154c258,https://nz.linkedin.com/jobs/view/workshop-assistant-timaru-at-keith-andrews-4471597660,Workshop Assistant - Timaru,,scraped,2026-10-01T09:49:35.346511,
03df1160cfd5ffba,https://nz.linkedin.com/jobs/view/junior-data-ai-engineer-at-zuru-4474133727,Junior Data & AI Engineer,,scraped,2026-10-01T09:49:42.035478,
edd504f8a03599e1,https://nz.linkedin.com/jobs/view/software-engineer-at-microsoft-4341035834,Software Engineer,Microsoft,posted,2026-10-01T09:50:01.461599,1310
d34f1751fe34ae46,https://nz.linkedin.com/jobs/view/senior-ecologist-at-wsp-in-new-zealand-4394962999,Senior Ecologist,WSP in New Zealand,failed|wp_post_failed,2026-10-01T09:50:21.742050,
f087768a63f90e3e,https://nz.linkedin.com/jobs/view/reporting-and-analytics-lead-at-defend-4472456877,Reporting and Analytics Lead,,scraped,2026-10-01T09:50:24.525861,
84f61a8aaff1d247,https://nz.linkedin.com/jobs/view/join-our-building-services-teams-at-beca-4413914779,Join Our Building Services Teams,,scraped,2026-10-01T09:50:36.817062,
ff7dd378caba408d,https://nz.linkedin.com/jobs/view/electricity-programme-governance-risk-at-vector-limited-4473959624,Electricity Programme Governance & Risk,,scraped,2026-10-01T09:50:58.661456,
9a8af4d3c0c523cf,https://nz.linkedin.com/jobs/view/hr-administrator-at-hunter-campbell-4472396722,HR Administrator,,scraped,2026-10-01T09:51:06.702277,
8070f7094bb27213,https://nz.linkedin.com/jobs/view/senior-business-development-manager-corporate-new-business-at-lexisnexis-4472392869,Senior Business Development Manager (Corporate New Business),LexisNexis,failed|wp_post_failed,2026-10-01T09:51:26.249179,
46ec69aa8eedf158,https://nz.linkedin.com/jobs/view/research-development-officer-at-yoobee-college-of-creative-innovation-4472678499,Research Development Officer,Yoobee College of Creative Innovation,failed|wp_post_failed,2026-10-01T09:51:41.541528,
b54adac35746aafa,https://nz.linkedin.com/jobs/view/lead-secondary-protection-engineer-at-jacobs-4471702979,Lead Secondary & Protection Engineer,Jacobs,failed|wp_post_failed,2026-10-01T09:52:06.006248,
80f007fdbfaaf409,https://nz.linkedin.com/jobs/view/assistant-manager-manager-risk-consultant-at-kpmg-new-zealand-4396391603,Assistant Manager/ Manager - Risk Consultant,KPMG New Zealand,failed|wp_post_failed,2026-10-01T09:52:28.483247,
5367f811d1d0cfdc,https://nz.linkedin.com/jobs/view/cemetery-gardener-sexton-at-downer-4473090064,Cemetery Gardener/Sexton,,scraped,2026-10-01T09:52:31.124339,
410bef1b38a474f8,https://nz.linkedin.com/jobs/view/physiotherapist-at-apm-new-zealand-4340940854,Physiotherapist,,scraped,2026-10-01T09:52:38.598288,
3672840eddb7beeb,https://nz.linkedin.com/jobs/view/technical-director-water-quality-at-pattle-delamore-partners-4471968368,Technical Director - Water Quality,,scraped,2026-10-01T09:52:47.419643,
0be56fcbc3a4609b,https://nz.linkedin.com/jobs/view/assistant-store-manager-sylvia-park-at-stylerunner-4474125251,Assistant Store Manager - Sylvia Park,Stylerunner,failed|wp_post_failed,2026-10-01T09:53:12.835552,
dee1006d41feef55,https://nz.linkedin.com/jobs/view/growth-product-manager-at-flexitime-4473018513,Growth Product Manager,,scraped,2026-10-01T09:53:29.462215,
8c760413df8ec6c4,https://nz.linkedin.com/jobs/view/business-development-manager-mice-at-park-hyatt-4474136632,Business Development Manager - MICE,Park Hyatt,failed|wp_post_failed,2026-10-01T09:53:58.575250,
ae8549e67269bc82,https://nz.linkedin.com/jobs/view/refrigeration-services-engineer-at-alliance-group-limited-4472489402,Refrigeration & Services Engineer,,scraped,2026-10-01T09:54:05.219527,
51f6f180b2cf26e6,https://nz.linkedin.com/jobs/view/executive-manager-strategy-at-iag-4472124643,"Executive Manager, Strategy",IAG,failed|wp_post_failed,2026-10-01T09:54:25.916430,
f811e00477becfc3,https://nz.linkedin.com/jobs/view/principal-security-consultant-at-fenko-security-4406330870,Principal Security Consultant,,scraped,2026-10-01T09:54:34.560019,
d0d0454e29953a98,https://nz.linkedin.com/jobs/view/gnc-autonomy-engineer-at-syos-aerospace-4471704657,GNC / Autonomy Engineer,,scraped,2026-10-01T09:54:40.826811,
ff84836cf0a070fe,https://nz.linkedin.com/jobs/view/operator-packing-timaru-at-mccain-foods-4473099927,Operator Packing - Timaru,,scraped,2026-10-01T09:54:53.069986,
8aca673e8775288e,https://nz.linkedin.com/jobs/view/sales-and-events-manager-at-aka-rooftop-4474142395,Sales And Events Manager,,scraped,2026-10-01T09:54:59.792666,
069b98e3153f8cb6,https://nz.linkedin.com/jobs/view/project-coordinator-at-gallagher-animal-management-4461132345,Project Coordinator,,scraped,2026-10-01T09:55:20.162734,
16439b5beae8a377,https://nz.linkedin.com/jobs/view/customer-service-representative-at-gallagher-animal-management-4471264651,Customer Service Representative,,scraped,2026-10-01T09:55:34.135915,
753bc50e4811dab9,https://nz.linkedin.com/jobs/view/strategic-partner-manager-at-kiwibank-4472384047,Strategic Partner Manager,Kiwibank,failed|wp_post_failed,2026-10-01T09:56:41.578434,
acec04e8f8274616,https://nz.linkedin.com/jobs/view/finance-manager-at-hilton-4474122274,Finance Manager,Hilton,failed|wp_post_failed,2026-10-01T09:57:03.259221,
6b4411ef8a0a05f0,https://nz.linkedin.com/jobs/view/senior-adviser-strategy-and-planning-at-ministry-for-primary-industries-mpi-4471999703,Senior Adviser Strategy and Planning,,scraped,2026-10-01T09:57:09.864093,
5ec9f9a473782de7,https://nz.linkedin.com/jobs/view/business-support-lead-at-shaw-asphalters-4473948380,Business Support Lead,,scraped,2026-10-01T09:57:20.214697,
07203d876130e1d7,https://nz.linkedin.com/jobs/view/timetable-performance-analyst-at-kiwirail-4471941228,Timetable Performance Analyst,,scraped,2026-10-01T09:57:30.519339,
1cf984c0793637aa,https://nz.linkedin.com/jobs/view/senior-or-principal-ecologist-at-wsp-in-new-zealand-4410283952,Senior or Principal Ecologist,WSP in New Zealand,failed|wp_post_failed,2026-10-01T09:57:52.958125,
c24e0ab69effcb16,https://nz.linkedin.com/jobs/view/key-account-manager-at-sc-johnson-australia-new-zealand-4461573365,Key Account Manager,SC Johnson Australia & New Zealand,posted,2026-10-01T09:58:01.550551,1063
696d3e0a97191686,https://nz.linkedin.com/jobs/view/solution-architect-at-datacom-4472468668,Solution Architect,Datacom,posted,2026-10-01T09:58:09.435367,1083
511329969421fb25,https://nz.linkedin.com/jobs/view/lead-advisor-at-nz-transport-agency-waka-kotahi-4472141083,Lead Advisor,NZ Transport Agency Waka Kotahi,failed|wp_post_failed,2026-10-01T09:58:42.671722,
fff6723ae35114dc,https://nz.linkedin.com/jobs/view/technical-facilities-manager-at-nz-post-4473594837,Technical Facilities Manager,,scraped,2026-10-01T09:58:45.288063,
a94d4ddff7198a7e,https://nz.linkedin.com/jobs/view/senior-engineer-technical-lead-key-customers-at-securecom-4473982264,Senior Engineer / Technical Lead - Key Customers,,scraped,2026-10-01T09:59:16.559295,
e7a4cf65db10720f,https://nz.linkedin.com/jobs/view/underwriter-at-aia-nz-4473993785,Underwriter,,scraped,2026-10-01T09:59:23.155579,
f4c8e67845a24030,https://nz.linkedin.com/jobs/view/maintenance-manager-at-oceania-4471993911,Maintenance Manager,,scraped,2026-10-01T09:59:29.891771,
3447cfa79f436b35,https://nz.linkedin.com/jobs/view/court-registry-officer-at-ministry-of-justice-new-zealand-4474119148,Court Registry Officer,,scraped,2026-10-01T09:59:40.366007,
41bae13bdd9c4872,https://nz.linkedin.com/jobs/view/executive-coordinator-legal-at-tiaki-wai-4473559440,"Executive Coordinator, Legal",Tiaki Wai,failed|wp_post_failed,2026-10-01T10:00:07.090915,
ac7a2edd6389b63f,https://nz.linkedin.com/jobs/view/communications-workflow-manager-at-woolworths-group-4474115490,Communications Workflow Manager,,scraped,2026-10-01T10:00:11.699563,
5ac9c59a5dbc770f,https://nz.linkedin.com/jobs/view/senior-developer-at-momentum-consulting-group-4471587434,Senior Developer,,scraped,2026-10-01T10:00:18.671443,
364ed16dfab16a1a,https://nz.linkedin.com/jobs/view/senior-manager-business-management-at-westpac-new-zealand-4472686546,Senior Manager Business Management,Westpac New Zealand,failed|wp_post_failed,2026-10-01T10:00:40.100710,
981951d3a6ed4d04,https://nz.linkedin.com/jobs/view/machinery-operator-central-otago-at-winejobsonline-com-4470824666,Machinery Operator - Central Otago,,scraped,2026-10-01T10:00:42.647409,
937ca029f4fd283f,https://nz.linkedin.com/jobs/view/consulting-senior-engineer-project-manager-at-liftpass-4473704692,Consulting Senior Engineer / Project Manager,,scraped,2026-10-01T10:00:53.402256,
f3eb5e591a800aa4,https://nz.linkedin.com/jobs/view/product-manager-at-changing-state-technologies-4473992866,Product Manager,,scraped,2026-10-01T10:01:00.449075,
9d9983cc3b11c182,https://nz.linkedin.com/jobs/view/head-of-product-and-customer-at-meridian-energy-4472465398,Head of Product and Customer,,scraped,2026-10-01T10:01:07.091267,
d787e33f42ca3d96,https://nz.linkedin.com/jobs/view/head-of-organisational-development-at-2degrees-4473711035,Head of Organisational Development,,scraped,2026-10-01T10:01:15.674017,
dccb9312b4e28517,https://nz.linkedin.com/jobs/view/regional-sales-director-government-solutions-at-archistar-4471288928,Regional Sales Director - Government Solutions,Archistar,failed|wp_post_failed,2026-10-01T10:01:43.706863,
065cd792213f6c02,https://nz.linkedin.com/jobs/view/digital-channels-advisor-at-waikato-regional-council-4473001938,Digital Channels Advisor,Waikato Regional Council,failed|wp_post_failed,2026-10-01T10:02:02.928472,
e39a84339f482c3f,https://nz.linkedin.com/jobs/view/ecom-operations-specialist-at-woolworths-group-4473557622,eCom Operations Specialist,,scraped,2026-10-01T10:02:05.544894,
47a2edddbd1d1bff,https://nz.linkedin.com/jobs/view/clinic-manager-fraser-st-at-triton-hearing-4473080454,Clinic Manager - Fraser St,,scraped,2026-10-01T10:02:14.231115,
dd2c35e4fa6c0fae,https://nz.linkedin.com/jobs/view/allied-support-workers-taupo-at-oranga-tamariki%E2%80%94ministry-for-children-4471579790,Allied Support Workers - Taupo,,scraped,2026-10-01T10:02:26.055251,
b86b7452da8df655,https://nz.linkedin.com/jobs/view/lead-communications-engagement-partner-at-tauranga-city-council-4473977381,Lead Communications & Engagement Partner,,scraped,2026-10-01T10:02:34.889626,
fe4cd4ff2a65da8e,https://nz.linkedin.com/jobs/view/quality-controller-at-moana-new-zealand-4471292831,Quality Controller,,scraped,2026-10-01T10:02:47.031997,
059d9047de868f82,https://nz.linkedin.com/jobs/view/real-estate-salesperson-at-whittle-knight-4471962287,Real Estate Salesperson,,scraped,2026-10-01T10:03:00.662311,
e0638953e0c490f4,https://nz.linkedin.com/jobs/view/ecologist-at-whirika-consulting-4471554688,Ecologist,,scraped,2026-10-01T10:03:17.518089,
8153ac4719d5deb7,https://nz.linkedin.com/jobs/view/property-assistant-at-acg-schools-4472496486,Property Assistant,,scraped,2026-10-01T10:03:24.150913,
0b385802662b453d,https://nz.linkedin.com/jobs/view/technical-training-advisor-at-gallagher-security-4463224424,Technical Training Advisor,,scraped,2026-10-01T10:03:34.977454,
0c1e827f4a342a77,https://nz.linkedin.com/jobs/view/registered-nurse-at-summerset-retirement-villages-4471267081,Registered Nurse,,scraped,2026-10-01T10:03:44.740449,
74241d60952c1939,https://nz.linkedin.com/jobs/view/laboratory-technician-at-als-4424853308,Laboratory Technician,,scraped,2026-10-01T10:03:51.341323,
32a1fcd2796c5b5b,https://nz.linkedin.com/jobs/view/senior-analytics-engineer-at-randstad-digital-new-zealand-4472181433,senior analytics engineer,,scraped,2026-10-01T10:04:04.216404,
ae7dd76f71004561,https://nz.linkedin.com/jobs/view/senior-policy-advisor-at-ministry-of-justice-new-zealand-4473703296,Senior Policy Advisor,,scraped,2026-10-01T10:04:12.976175,
3d89151b9bd04318,https://nz.linkedin.com/jobs/view/customer-specialist-lambton-quay-at-asb-bank-4471263833,Customer Specialist - Lambton Quay,,scraped,2026-10-01T10:04:20.250599,
e9a1668382dfff05,https://nz.linkedin.com/jobs/view/senior-ai-engineer-at-kpmg-new-zealand-4473095623,Senior AI Engineer,KPMG New Zealand,failed|wp_post_failed,2026-10-01T10:04:43.113135,
d8413ad563e6c0a2,https://nz.linkedin.com/jobs/view/airline-maintenance-planner-forward-planner-at-air-new-zealand-4473033135,Airline Maintenance Planner (Forward Planner),,scraped,2026-10-01T10:04:47.694996,
223aff8584c4ab64,https://nz.linkedin.com/jobs/view/specialist-cleaner-%E2%80%93-auckland-at-millennium-services-group-limited-4472919823,Specialist Cleaner – Auckland,,scraped,2026-10-02T09:05:25.989819,
d00daedc52c79109,https://nz.linkedin.com/jobs/view/software-engineer-at-seequent-4474117848,Software Engineer,,scraped,2026-10-02T09:05:54.533583,
27e5bb04dd20a8e6,https://nz.linkedin.com/jobs/view/cyber-security-manager-at-generate-kiwisaver-scheme-4474586703,Cyber Security Manager,,scraped,2026-10-02T09:06:09.062049,
38ff6ebf42c2ef51,https://nz.linkedin.com/jobs/view/electrical-design-estimator-at-hays-4472395162,Electrical Design Estimator,,scraped,2026-10-02T09:06:35.830722,
f224725bd5fbbc88,https://nz.linkedin.com/jobs/view/partnership-development-representative-at-fitness-passport-4474550414,Partnership Development Representative,,scraped,2026-10-02T09:06:51.106302,
5606afe2b39609b0,https://nz.linkedin.com/jobs/view/junior-intermediate-and-senior-software-engineers-at-gallagher-4471965913,"Junior, Intermediate and Senior Software Engineers",,scraped,2026-10-02T09:07:07.169471,
383c2b263ee820a7,https://nz.linkedin.com/jobs/view/business-development-executive-at-zuru-toys-4461134832,Business Development Executive,,scraped,2026-10-02T09:07:14.466999,
f50681bbdfd1322a,https://nz.linkedin.com/jobs/view/branch-manager-repco-dunedin-at-repco-4464450502,Branch Manager | Repco Dunedin,Repco,failed|wp_post_failed,2026-10-02T09:07:50.628219,
c8a63807db227336,https://nz.linkedin.com/jobs/view/performance-manager-at-global-wave-group-4474560537,Performance Manager,Global Wave Group,failed|wp_post_failed,2026-10-02T09:08:06.101776,
2a790f9a9b68a2c5,https://nz.linkedin.com/jobs/view/sign-applicator-installer-at-river-city-signs-4473961493,Sign Applicator & Installer,River City Signs,failed|wp_post_failed,2026-10-02T09:08:29.705539,
6318afdf6065c9ad,https://nz.linkedin.com/jobs/view/baker-at-woolworths-group-4474599254,Baker,,scraped,2026-10-02T09:08:32.330222,
5f8cede9ae7bfdfa,https://nz.linkedin.com/jobs/view/computer-vision-engineer-at-gallagher-animal-management-4461133783,Computer Vision Engineer,,scraped,2026-10-02T09:08:41.310219,
5e4466ba9828e08d,https://nz.linkedin.com/jobs/view/servicenow-developer-at-ac3-4471281173,ServiceNow Developer,,scraped,2026-10-02T09:09:02.949881,
3b45be3fcaf82596,https://nz.linkedin.com/jobs/view/sales-consultant-noel-leeming-dunedin-city-at-noel-leeming-4472474455,"Sales Consultant - Noel Leeming, Dunedin City",Noel Leeming,posted,2026-10-02T09:09:15.290184,306
066259467b489bba,https://nz.linkedin.com/jobs/view/sales-manager-at-jb-hi-fi-4471782832,Sales Manager,,scraped,2026-10-02T09:09:18.064750,
03da99bc293efa0c,https://nz.linkedin.com/jobs/view/personal-lending-specialist-at-avanti-finance-4472113031,Personal Lending Specialist,Avanti Finance,failed|wp_post_failed,2026-10-02T09:09:39.132719,
aed4dc34a712223b,https://nz.linkedin.com/jobs/view/executive-assistant-to-ceo-at-tribe-group-4474574688,Executive Assistant to CEO,,scraped,2026-10-02T09:09:51.789604,
7818f9e2ed9e44a2,https://nz.linkedin.com/jobs/view/maintenance-electrician-at-pact-group-holdings-ltd-4474579261,Maintenance Electrician,,scraped,2026-10-02T09:10:12.259471,
9ae989b104d71cb9,https://nz.linkedin.com/jobs/view/store-manager-nelson-at-bendon-group-4473068723,Store Manager - Nelson,,scraped,2026-10-02T09:10:29.229591,
3cdf5b756c39eeec,https://nz.linkedin.com/jobs/view/senior-cybersecurity-consultant-at-datacom-4443242060,Senior Cybersecurity Consultant,Datacom,failed|wp_post_failed,2026-10-02T09:11:19.127810,
ee82d89d61380500,https://nz.linkedin.com/jobs/view/inside-sales-representative-new-zealand-at-softvire-4472828781,Inside Sales Representative - New Zealand,Softvire,failed|wp_post_failed,2026-10-02T09:11:41.215337,
e8bb16cef37c3785,https://nz.linkedin.com/jobs/view/community-support-worker-south-auckland-at-spectrum-care-4470854960,Community Support Worker - South Auckland,,scraped,2026-10-02T09:11:49.768344,
18fb63becc2e4f2d,https://nz.linkedin.com/jobs/view/data-analytics-enablement-lead-at-xero-4471320334,Data & Analytics Enablement Lead,,scraped,2026-10-02T09:12:00.046857,
2cb61d71a6c56b6e,https://nz.linkedin.com/jobs/view/operator-at-higgins-4470825201,Operator,,scraped,2026-10-02T09:12:06.880913,
efad21ffb920e6ce,https://nz.linkedin.com/jobs/view/ecommerce-coordinator-at-the-creative-store-new-zealand-4471585008,Ecommerce Coordinator,,scraped,2026-10-02T09:12:19.794527,
1b56cb397fc5eee1,https://nz.linkedin.com/jobs/view/line-mechanic-at-npe-tech-ltd-4472835660,Line Mechanic,,scraped,2026-10-02T09:12:42.440150,
6e75f348333bc75c,https://nz.linkedin.com/jobs/view/compliance-and-commercial-analyst-at-seequent-4474121758,Compliance and Commercial Analyst,,scraped,2026-10-02T09:12:49.826069,
d4671e3327ff9ac0,https://nz.linkedin.com/jobs/view/cybercx-senior-microsoft-cloud-security-consultant-at-cybercx-4471323431,CyberCX - Senior Microsoft Cloud Security Consultant,CyberCX,failed|wp_post_failed,2026-10-02T09:13:17.592226,
6a926e227ad41429,https://nz.linkedin.com/jobs/view/specialist-governance-enablement-at-iag-4474566489,"Specialist, Governance Enablement",IAG,failed|wp_post_failed,2026-10-02T09:13:34.844186,
1dc0510603c59d59,https://nz.linkedin.com/jobs/view/senior-secondary-protection-engineer-at-jacobs-4471702979,Senior Secondary & Protection Engineer,Jacobs,failed|wp_post_failed,2026-10-02T09:13:47.843775,
f296308fe1f2d623,https://nz.linkedin.com/jobs/view/food-beverage-supervisor-at-hilton-4474531643,Food & Beverage Supervisor,Hilton,posted,2026-10-02T09:13:52.779847,278
c61426afc029d088,https://nz.linkedin.com/jobs/view/data-analytics-lead-at-sg-consulting-limited-4474550004,Data Analytics Lead,,scraped,2026-10-02T09:13:55.395424,
1ad2f2a3ec405e4e,https://nz.linkedin.com/jobs/view/dispatcher-at-hw-richardson-group-4474570170,Dispatcher,,scraped,2026-10-02T09:14:18.280547,
06e073cacf3bf4be,https://nz.linkedin.com/jobs/view/gardener-at-green-by-nature-4472976906,Gardener,Green by Nature,posted,2026-10-02T09:14:27.491439,581
499e80bfc2da61c4,https://nz.linkedin.com/jobs/view/lead-store-supervisor-3ic-at-amer-sports-4474100257,Lead (Store Supervisor/3IC),,scraped,2026-10-02T09:14:34.122123,
1f0fca7f5eb36bfe,https://nz.linkedin.com/jobs/view/wordpress-administrator-at-ec-markets-4472968265,WordPress Administrator,,scraped,2026-10-02T09:14:43.505609,
fdb9b0e084f13bbb,https://nz.linkedin.com/jobs/view/senior-security-specialist-at-serko-4474588004,Senior Security Specialist,,scraped,2026-10-02T09:14:52.041670,
be1cf8aec777fa8b,https://nz.linkedin.com/jobs/view/nz-qualified-electrician-at-level%C2%AE-group-anz-4473991711,NZ Qualified Electrician,,scraped,2026-10-02T09:14:58.445976,
8d3f1bd87c9842db,https://nz.linkedin.com/jobs/view/talent-enablement-lead-at-nz-post-4472398437,Talent Enablement Lead,,scraped,2026-10-02T09:15:15.933146,
547cf9d0315211a1,https://nz.linkedin.com/jobs/view/lead-principal-protection-engineer-at-worley-4437150078,Lead/Principal Protection Engineer,Worley,failed|wp_post_failed,2026-10-02T09:15:44.836149,
b58763404d90f5f3,https://nz.linkedin.com/jobs/view/director-specialised-wealth-at-craigs-investment-partners-4474581507,"Director, Specialised Wealth",,scraped,2026-10-02T09:15:51.535774,
20ea09b92a36f3d6,https://nz.linkedin.com/jobs/view/dynamics-365-f-o-finance-lead-at-capgemini-4472356403,Dynamics 365 F&O Finance Lead,,scraped,2026-10-02T09:15:58.994133,
bd0f72370dc223da,https://nz.linkedin.com/jobs/view/assistant-store-manager-at-early-settler-4471296354,Assistant Store Manager,,scraped,2026-10-02T09:16:05.697184,
962f5331fb13a505,https://nz.linkedin.com/jobs/view/general-manager-people-and-culture-at-chubb-life-insurance-new-zealand-4472517065,General Manager People and Culture,,scraped,2026-10-02T09:16:12.977545,
67dbc3917bc73442,https://nz.linkedin.com/jobs/view/assistant-valuer-wellington-at-cbre-4473799299,Assistant Valuer - Wellington,CBRE,failed|wp_post_failed,2026-10-02T09:16:39.312491,
041914c71743b331,https://nz.linkedin.com/jobs/view/centre-manager-early-learning-at-acg-strathallan-4474137404,Centre Manager - Early Learning,,scraped,2026-10-02T09:16:41.871815,
4e3fe9131e1a296d,https://nz.linkedin.com/jobs/view/technical-director-ecology-at-pattle-delamore-partners-4471905107,Technical Director - Ecology,,scraped,2026-10-02T09:16:48.389975,
d638b4aac6b85323,https://nz.linkedin.com/jobs/view/reporting-and-analytics-lead-at-defend-4472454997,Reporting and Analytics Lead,,scraped,2026-10-02T09:16:58.117803,
df4a585e19c5ff1d,https://nz.linkedin.com/jobs/view/cluster-director-of-sales-rydges-auckland-at-evt-entertainment-ventures-travel-4473032165,Cluster Director of Sales - Rydges Auckland,,scraped,2026-10-02T09:17:06.677013,
532c035e01945c6b,https://nz.linkedin.com/jobs/view/senior-electronic-design-engineer-at-profound-people-4473581894,Senior Electronic Design Engineer,,scraped,2026-10-02T09:17:13.103575,
58ff2f42361dab7d,https://nz.linkedin.com/jobs/view/territory-sales-manager-at-coca-cola-europacific-partners-4474198050,Territory Sales Manager,Coca-Cola Europacific Partners,posted,2026-10-02T09:17:28.414667,1260
080256e890b340be,https://nz.linkedin.com/jobs/view/suspended-ceiling-installer-at-k%C4%81-te-rama-switched-on-group-4473574404,Suspended Ceiling Installer,,scraped,2026-10-02T09:17:34.958539,
68acb6786d873321,https://nz.linkedin.com/jobs/view/assistant-store-manager-2ic-at-amer-sports-4473988791,Assistant Store Manager (2IC),,scraped,2026-10-02T09:17:43.926571,
81b9cc015df906c3,https://nz.linkedin.com/jobs/view/marine-electrician-at-babcock-australia-new-zealand-4464693545,Marine Electrician,,scraped,2026-10-02T09:17:51.035551,
302ead98b978d442,https://nz.linkedin.com/jobs/view/general-manager-people-and-culture-at-chubb-life-insurance-new-zealand-4472503612,General Manager People and Culture,,scraped,2026-10-02T09:18:07.604193,
b7c5fb1558b3db4f,https://nz.linkedin.com/jobs/view/people-experience-lead-at-asb-bank-4473114289,People Experience Lead,,scraped,2026-10-02T09:18:20.168849,
50c8205039646082,https://nz.linkedin.com/jobs/view/senior-full-stack-engineer-reporting-at-xero-4472388602,Senior Full stack Engineer - Reporting,,scraped,2026-10-02T09:18:27.376955,
68efd54d29e50544,https://nz.linkedin.com/jobs/view/engineering-manager-database-reliability-at-xero-4472140852,Engineering Manager - Database Reliability,,scraped,2026-10-02T09:18:44.063475,
9133db0f48851d5e,https://nz.linkedin.com/jobs/view/engineering-manager-database-reliability-at-xero-4472141899,Engineering Manager - Database Reliability,,scraped,2026-10-02T09:18:50.386596,
2f61ccb74f401340,https://nz.linkedin.com/jobs/view/programme-manager-transport-at-hamilton-city-council-4472845564,Programme Manager - Transport,Hamilton City Council,failed|wp_post_failed,2026-10-02T09:19:23.481695,
18cb8a22aa9622b5,https://nz.linkedin.com/jobs/view/graphic-designer-at-tribe-group-4474563377,Graphic Designer,,scraped,2026-10-02T09:19:26.024837,
294331ae3aee98f8,https://nz.linkedin.com/jobs/view/pricing-analyst-freight-at-kiwirail-4472320793,Pricing Analyst - Freight,,scraped,2026-10-02T09:19:36.478047,
e54bfabe0c837e9e,https://nz.linkedin.com/jobs/view/digital-marketing-lead-at-gallagher-animal-management-4472838612,Digital Marketing Lead,,scraped,2026-10-02T09:19:50.669111,
efb938bd6efb7647,https://nz.linkedin.com/jobs/view/cnc-machinist-aircraft-machinist-at-air-new-zealand-4474700069,CNC Machinist / Aircraft Machinist,,scraped,2026-10-02T09:20:00.018723,
ea0125c7e23cd016,https://nz.linkedin.com/jobs/view/major-fill-operations-specialist-at-woolworths-group-4473565355,Major Fill Operations Specialist,,scraped,2026-10-02T09:20:13.493164,
60dd3219216c8672,https://nz.linkedin.com/jobs/view/finance-manager-at-assa-abloy-group-4473113072,Finance Manager,,scraped,2026-10-02T09:20:26.654513,
76ad07d344481c22,https://nz.linkedin.com/jobs/view/account-manager-at-millennium-services-group-limited-4472980778,Account Manager,,scraped,2026-10-02T09:20:39.157094,
44a0e04ac70edfd5,https://nz.linkedin.com/jobs/view/technical-lead-software-engineer-at-idexx-4437773425,Technical Lead Software Engineer,IDEXX,posted,2026-10-02T09:20:52.996689,1161
8ad92f38fbecdb2d,https://nz.linkedin.com/jobs/view/production-operator-at-cloudy-bay-vineyards-4474597035,Production Operator,,scraped,2026-10-02T09:21:11.505610,
6322647702528073,https://nz.linkedin.com/jobs/view/trade-counter-office-manager-at-wesco-4474594411,Trade Counter & Office Manager,Wesco,failed|wp_post_failed,2026-10-02T09:21:34.150837,
bb56566dfe832661,https://nz.linkedin.com/jobs/view/front-office-manager-at-hind-management-4474578957,Front Office Manager,,scraped,2026-10-02T09:21:42.763307,
ecf523a84593ac60,https://nz.linkedin.com/jobs/view/hydraulic-modeller-at-beca-4338799222,Hydraulic Modeller,,scraped,2026-10-02T09:21:53.678566,
612d933deb940305,https://nz.linkedin.com/jobs/view/jet-boat-driver-at-fiordland-jet-4472248253,Jet Boat Driver,Fiordland Jet,failed|wp_post_failed,2026-10-02T09:23:03.951611,
3156eb87d92a1be1,https://nz.linkedin.com/jobs/view/business-development-manager-at-black-box-4471997113,Business Development Manager,Black Box,posted,2026-10-02T09:23:08.822051,266
ce7769faef7d25d4,https://nz.linkedin.com/jobs/view/service-and-warranty-administrator-spa-world-at-spa-world-4473707260,Service and Warranty Administrator - Spa World,,scraped,2026-10-02T09:23:12.415629,
3012197f2b9246d6,https://nz.linkedin.com/jobs/view/m-p-engineer-ii-at-rocket-lab-4472664148,M&P Engineer II,Rocket Lab,failed|wp_post_failed,2026-10-02T09:23:31.030530,
03fb4065858a0f9f,https://nz.linkedin.com/jobs/view/project-engineer-at-besix-watpac-4472887090,Project Engineer,,scraped,2026-10-02T09:23:41.571680,
1e96bd75cac8d86e,https://nz.linkedin.com/jobs/view/senior-transmission-line-engineer-electrical-at-aurecon-4474535764,Senior Transmission Line Engineer - Electrical,,scraped,2026-10-02T09:23:53.134397,
ac39be11c6c56924,https://nz.linkedin.com/jobs/view/site-manager-at-besix-watpac-4472880251,Site Manager,,scraped,2026-10-02T09:24:05.239195,
504f95631cd8114f,https://nz.linkedin.com/jobs/view/heavy-diesel-mechanic-at-higgins-4472992235,Heavy Diesel Mechanic,,scraped,2026-10-02T09:24:12.738023,
5d737e2e186aae74,https://nz.linkedin.com/jobs/view/team-leader-water-ecology-science-at-environment-canterbury-4474703019,Team Leader - Water Ecology Science,,scraped,2026-10-02T09:24:37.400266,
6b7118870fd99279,https://nz.linkedin.com/jobs/view/test-automation-engineer-at-jade-software-corporation-4472679529,Test Automation Engineer,,scraped,2026-10-02T09:24:45.499690,
c77fb7fcef648815,https://nz.linkedin.com/jobs/view/systems-specialist-at-fisher-paykel-healthcare-4471584345,Systems Specialist,,scraped,2026-10-02T09:25:05.963888,
f39dab198e1ac01e,https://nz.linkedin.com/jobs/view/gm-brand-marketing-at-realnz-4472930469,GM Brand & Marketing,,scraped,2026-10-02T09:25:16.700378,
67b3534ee5ca6f04,https://nz.linkedin.com/jobs/view/senior-solution-specialist-m365-at-datacom-4473781091,Senior Solution Specialist | M365,Datacom,posted,2026-10-02T09:25:41.465746,138
cc5422478614505a,https://nz.linkedin.com/jobs/view/senior-geotechnical-engineer-at-archway-recruitment-4474126915,Senior Geotechnical Engineer,,scraped,2026-10-02T09:25:44.069215,
b1c6fdb3253fce6a,https://nz.linkedin.com/jobs/view/structural-engineer-at-archway-recruitment-4474127872,Structural Engineer,,scraped,2026-10-02T09:25:51.665656,
5d3e849949e4ec15,https://nz.linkedin.com/jobs/view/architectural-graduate-at-archway-recruitment-4474128819,Architectural Graduate,,scraped,2026-10-02T09:26:01.341577,
363e7c9efd5c239a,https://nz.linkedin.com/jobs/view/trade-specialist-napa-napier-at-napa-australia-4474117492,Trade Specialist | NAPA Napier,,scraped,2026-10-02T09:26:24.916939,
6f52b403241d766a,https://nz.linkedin.com/jobs/view/the-doctors-mt-wellington-gp-lead-at-the-doctors-medical-centres-4415277043,The Doctors Mt Wellington- GP Lead,,scraped,2026-10-02T09:26:33.454320,
1a144ee603aaa14c,https://nz.linkedin.com/jobs/view/senior-electronics-engineer-at-gallagher-4472847965,Senior Electronics Engineer,,scraped,2026-10-02T09:26:45.511072,
bbb12bd20c45bfc7,https://nz.linkedin.com/jobs/view/loss-adjuster-invercargill-at-sedgwick-4472665245,Loss Adjuster - Invercargill,Sedgwick,failed|wp_post_failed,2026-10-02T09:27:08.374665,
1cfe0c390e267c38,https://nz.linkedin.com/jobs/view/associate-dean-of-m%C4%81ori-at-the-university-of-waikato-4473571666,Associate Dean of Māori,The University of Waikato,failed|wp_post_failed,2026-10-02T09:27:27.614942,
03d62d3035511824,https://nz.linkedin.com/jobs/view/senior-data-analyst-at-ministry-for-primary-industries-mpi-4472348228,Senior Data Analyst,,scraped,2026-10-02T09:27:32.317306,
4a6d0e481d16bef5,https://nz.linkedin.com/jobs/view/implementation-consultant-at-sourced-it-recruitment-4459759212,Implementation Consultant,,scraped,2026-10-02T09:27:40.171817,
9cc10265e9a3abc1,https://nz.linkedin.com/jobs/view/senior-electronics-engineer-at-gallagher-animal-management-4472867700,Senior Electronics Engineer,,scraped,2026-10-02T09:27:47.835485,
a762ba82a40be3ed,https://nz.linkedin.com/jobs/view/safer-gambling-advisor-at-entain-australia-new-zealand-4474538359,Safer Gambling Advisor,,scraped,2026-10-02T09:27:56.880350,
77ecf895b51a8df1,https://nz.linkedin.com/jobs/view/site-supervisor-the-palms-shopping-centre-at-red-badge-group-4471390469,Site Supervisor  - The Palms Shopping Centre,,scraped,2026-10-02T09:28:04.282004,
148590b9a71d4888,https://nz.linkedin.com/jobs/view/equity-analyst-at-anz-4474577950,Equity Analyst,,scraped,2026-10-02T09:28:18.488605,
bfb0a0998abfbdb3,https://nz.linkedin.com/jobs/view/quality-assessor-at-silver-fern-farms-ltd-4474534244,Quality Assessor,,scraped,2026-10-02T09:28:25.091330,
add84bdfe6423f60,https://nz.linkedin.com/jobs/view/principal-advisor-entity-performance-at-ministry-of-business-innovation-and-employment-4474114387,Principal Advisor | Entity Performance,,scraped,2026-10-02T09:28:39.176160,
83a0d090fb6e854d,https://nz.linkedin.com/jobs/view/traffic-controller-at-ventia-4471333906,Traffic Controller,,scraped,2026-10-02T09:28:47.447221,
aef8879552543b8c,https://nz.linkedin.com/jobs/view/it-support-engineer-nz-at-blackpoint-cyber-4471591715,"IT Support Engineer, NZ",Blackpoint Cyber,failed|wp_post_failed,2026-10-02T09:29:04.745393,
8aaf7c688b6485bf,https://nz.linkedin.com/jobs/view/management-accountant-at-whakat%C4%81ne-district-council-4472178845,Management Accountant,,scraped,2026-10-02T09:29:07.359140,
3f93f1ec03f0443d,https://nz.linkedin.com/jobs/view/court-registry-officer-at-public-defence-service-new-zealand-4472683811,Court Registry Officer,,scraped,2026-10-02T09:29:19.114310,
edb9b2dd1b78c4d5,https://nz.linkedin.com/jobs/view/line-mechanic-at-northpower-4474551894,Line Mechanic,,scraped,2026-10-02T09:29:26.137613,
e0f57ab49c12818c,https://nz.linkedin.com/jobs/view/senior-manager-business-management-at-westpac-new-zealand-4472688388,Senior Manager Business Management,Westpac New Zealand,failed|wp_post_failed,2026-10-02T09:29:50.657378,
891e52c7ed6e1349,https://nz.linkedin.com/jobs/view/trade-sales-driver-at-plumbing-world-4473764678,Trade Sales / Driver,Plumbing World,failed|wp_post_failed,2026-10-02T09:30:10.666019,
53eff2dfc434a5a1,https://nz.linkedin.com/jobs/view/tech-sales-development-representative-mandarin-speaker-at-eims-4472142358,Tech Sales Development Representative / Mandarin Speaker,,scraped,2026-10-02T09:30:17.302730,
fcfb107f480cac31,https://nz.linkedin.com/jobs/view/operations-support-analyst-at-woolworths-group-4474599258,Operations Support Analyst,,scraped,2026-10-02T09:30:27.096379,
81e67333f58a1df5,https://nz.linkedin.com/jobs/view/regional-quality-manager-at-t-g-global-limited-4472647801,Regional Quality Manager,,scraped,2026-10-02T09:30:33.899053,
93353fd0d9de8779,https://nz.linkedin.com/jobs/view/advisor-entity-performance-at-ministry-of-business-innovation-and-employment-4474109662,Advisor | Entity Performance,,scraped,2026-10-02T09:30:41.531719,
a9e552b4077f1c20,https://nz.linkedin.com/jobs/view/drainage-cctv-operator-at-brian-perry-civil-4472363584,Drainage CCTV Operator,,scraped,2026-10-02T09:30:53.797298,
e548345e98a98e1b,https://nz.linkedin.com/jobs/view/regional-quality-manager-at-t-g-global-limited-4472358543,Regional Quality Manager,,scraped,2026-10-02T09:31:04.071887,
80664db3957a0121,https://nz.linkedin.com/jobs/view/customer-service-representative-noel-leeming-pukekohe-at-noel-leeming-4474135088,"Customer Service Representative - Noel Leeming, Pukekohe",Noel Leeming,posted,2026-10-02T09:31:18.484679,1476
074d16f5c9ef38ab,https://nz.linkedin.com/jobs/view/inwards-goods-team-member-napier-at-placemakers-christchurch-4472785162,Inwards Goods Team Member - Napier,PlaceMakers Christchurch,failed|wp_post_failed,2026-10-02T09:31:36.278400,
dbaa13421adaea8e,https://nz.linkedin.com/jobs/view/senior-staff-nurse-ah-ic-at-worq-ai-4472604087,Senior / Staff Nurse (AH IC),Worq AI,failed|wp_post_failed,2026-10-02T09:32:02.463470,
9f7d8e00e5b4cb7a,https://nz.linkedin.com/jobs/view/quantity-surveyor-at-fletcher-construction-4472856711,Quantity Surveyor,,scraped,2026-10-02T09:32:05.076643,
782163c0e40f438e,https://nz.linkedin.com/jobs/view/data-analyst-mandarin-speaking-at-global-wave-group-4474553721,Data Analyst - Mandarin Speaking,Global Wave Group,failed|wp_post_failed,2026-10-02T09:32:29.537648,
238846b7a19c5b67,https://nz.linkedin.com/jobs/view/intermediate-civil-engineer-at-atkinsr%C3%A9alis-4474592948,Intermediate Civil Engineer,,scraped,2026-10-02T09:32:36.231796,
0a68ea1be236f136,https://nz.linkedin.com/jobs/view/claims-specialist-liability-at-qbe-insurance-4472876271,Claims Specialist - Liability,QBE Insurance,failed|wp_post_failed,2026-10-02T09:33:01.894326,
b7a684e06d3adf65,https://nz.linkedin.com/jobs/view/head-of-contracts-and-commercial-at-health-new-zealand-te-whatu-ora-4473703878,Head of Contracts and Commercial,,scraped,2026-10-02T09:33:08.501309,
e837c9fa137169cb,https://nz.linkedin.com/jobs/view/housekeeping-supervisor-cordis-auckland-at-langham-hospitality-group-4472492077,Housekeeping Supervisor - Cordis Auckland,Langham Hospitality Group,failed|wp_post_failed,2026-10-02T09:33:45.010560,
21beb6dac7d13754,https://nz.linkedin.com/jobs/view/store-operator-timaru-at-graincorp-4472106374,Store Operator - Timaru,,scraped,2026-10-02T09:33:47.678654,
0b5ef8750af16dd1,https://nz.linkedin.com/jobs/view/r-d-engineer-technician-mechanical-at-engender-technologies-limited-4473990478,R&D Engineer Technician - Mechanical,,scraped,2026-10-02T09:34:02.694391,
8705da6cc4d11427,https://nz.linkedin.com/jobs/view/cyber-leader-%E2%80%93-director-at-deloitte-4472702070,Cyber Leader – Director,Deloitte,failed|wp_post_failed,2026-10-02T09:34:22.840768,
fee7ab1da9ac9dbc,https://nz.linkedin.com/jobs/view/field-service-technician-at-aristocrat-gaming-4456133663,Field Service Technician,,scraped,2026-10-02T09:34:27.466728,
b6fe148fffb3a06b,https://nz.linkedin.com/jobs/view/associate-or-seniorassociate-%E2%80%93litigation-at-sarago%C3%A7a-da-matta-silveiro-de-barros-sociedade-de-advogados-r-l-4472969526,Associate or SeniorAssociate –Litigation,"Saragoça da Matta &amp; Silveiro de Barros - Sociedade de Advogados, R.L.",failed|wp_post_failed,2026-10-02T09:34:44.686977,
7578b94c0353fd91,https://nz.linkedin.com/jobs/view/lead-graphic-designer-nz-at-asahi-beverages-4473716049,Lead Graphic Designer - NZ,,scraped,2026-10-02T09:34:47.311423,
648dbd766c85b978,https://nz.linkedin.com/jobs/view/senior-hydraulics-modeller-at-mott-macdonald-4472489389,Senior Hydraulics Modeller,Mott MacDonald,failed|wp_post_failed,2026-10-02T09:35:13.222805,
7e9dcc3fbdf8ab61,https://nz.linkedin.com/jobs/view/senior-software-engineer-at-gallagher-animal-management-4472880225,Senior Software Engineer,,scraped,2026-10-02T09:35:25.900882,
52333d5b6b86d8d2,https://nz.linkedin.com/jobs/view/regional-manager-at-habit-health-4472395188,Regional Manager,,scraped,2026-10-02T09:35:35.596573,
f2869169907321bf,https://nz.linkedin.com/jobs/view/painter-at-persol-4473100722,Painter,,scraped,2026-10-03T08:38:17.778816,
30ba176a27ebec63,https://nz.linkedin.com/jobs/view/software-engineer-at-seequent-4474116862,Software Engineer,,scraped,2026-10-03T08:38:27.118206,
cbbc7843521cd191,https://nz.linkedin.com/jobs/view/mid-market-sales-development-representative-nz-remote-at-employment-hero-4475077928,Mid-Market Sales Development Representative - NZ - Remote,,scraped,2026-10-03T08:38:47.343585,
7fd15925f1670759,https://nz.linkedin.com/jobs/view/finance-systems-software-engineer-ai-at-halter-4472885468,Finance Systems Software Engineer - AI,,scraped,2026-10-03T08:39:16.496516,
5dbe56a865981309,https://nz.linkedin.com/jobs/view/drainage-operator-at-stellar-recruitment-4473392032,Drainage Operator,,scraped,2026-10-03T08:39:49.072812,
70200fff572e84b6,https://nz.linkedin.com/jobs/view/associate-director-director-nz-fixed-income-sales-at-commonwealth-bank-4474182639,"Associate Director / Director, NZ Fixed Income Sales",,scraped,2026-10-03T08:39:59.429606,
f3b5e742324ec67f,https://nz.linkedin.com/jobs/view/director-of-sales-marketing-at-ihg-hotels-resorts-4470828542,Director of Sales & Marketing,,scraped,2026-10-03T08:40:07.731971,
ce352225498f5f5e,https://nz.linkedin.com/jobs/view/electrician-4475041561,Electrician,K&M Electrical,posted,2026-10-03T08:40:24.098348,42
fe148d29eb17d28b,https://nz.linkedin.com/jobs/view/lead-integration-consultant-at-theta-nz-4451393267,Lead Integration Consultant,,scraped,2026-10-03T08:40:34.649144,
c9b2e8ac0d96a329,https://nz.linkedin.com/jobs/view/java-software-engineer-at-dotmatics-4472197027,Java Software Engineer,Dotmatics,failed|wp_post_failed,2026-10-03T08:40:52.756196,
8b107c45c42a14af,https://nz.linkedin.com/jobs/view/optometrist-at-rose-optometry-4475079192,Optometrist,,scraped,2026-10-03T08:41:05.408631,
c752b56b2f885c22,https://nz.linkedin.com/jobs/view/bartender-azabu-mission-bay-at-savor-group-4474107251,Bartender | Azabu Mission Bay,Savor Group,failed|wp_post_failed,2026-10-03T08:41:32.673163,
5531e394839d75f2,https://nz.linkedin.com/jobs/view/bartender-ebisu-at-savor-group-4474101714,Bartender | Ebisu,Savor Group,failed|wp_post_failed,2026-10-03T08:42:07.600712,
b88b8d7a7536f7c0,https://nz.linkedin.com/jobs/view/commerce-business-teacher-at-school-jobs-4470839117,Commerce/Business Teacher,School Jobs,failed|wp_post_failed,2026-10-03T08:42:22.272091,
b26c8ed6d2a3cee6,https://nz.linkedin.com/jobs/view/senior-marketing-analyst-at-jobgether-4472887544,Senior Marketing analyst,,scraped,2026-10-03T08:42:24.853776,
8476751d796b1219,https://nz.linkedin.com/jobs/view/senior-business-development-manager-at-yoogo-fleet-4473500901,Senior Business Development Manager,,scraped,2026-10-03T08:42:33.135964,
781b51842ea0d271,https://nz.linkedin.com/jobs/view/senior-cybersecurity-consultant-at-datacom-4443242059,Senior Cybersecurity Consultant,Datacom,failed|wp_post_failed,2026-10-03T08:43:09.696140,
4def4af6ad522508,https://nz.linkedin.com/jobs/view/financial-controller-at-hunter-campbell-4473703743,Financial Controller,,scraped,2026-10-03T08:43:26.261744,
5f27ad8d2e167e16,https://nz.linkedin.com/jobs/view/senior-tech-lead-ai-engineer-at-datacom-4464996095,Senior / Tech Lead AI Engineer,Datacom,posted,2026-10-03T08:43:41.266247,589
9e5ad03db1aacf67,https://nz.linkedin.com/jobs/view/night-baker-at-candid-jobs-4473393261,Night Baker,,scraped,2026-10-03T08:43:45.837617,
717a829bfd17ea2f,https://nz.linkedin.com/jobs/view/construction-equipment-technician-at-careeraiforge-4475087469,Construction Equipment Technician,careerAIForge,failed|wp_post_failed,2026-10-03T08:44:04.535312,
1bf0771b08949d3f,https://nz.linkedin.com/jobs/view/senior-business-development-manager-corporate-new-business-at-lexisnexis-4472379728,Senior Business Development Manager (Corporate New Business),LexisNexis,failed|wp_post_failed,2026-10-03T08:44:22.734025,
87ea3e19381e3c39,https://nz.linkedin.com/jobs/view/senior-merchandise-planner-opportunities-at-the-warehouse-group-4474113979,Senior Merchandise Planner Opportunities,,scraped,2026-10-03T08:44:31.338585,
f186d9dbd1689ee1,https://nz.linkedin.com/jobs/view/adviser-intensive-supervision-at-financial-markets-authority-%E2%80%93-te-mana-t%C4%81tai-hokohoko-4471557142,"Adviser, Intensive Supervision",Financial Markets Authority – Te Mana Tātai Hokohoko,failed|wp_post_failed,2026-10-03T08:44:51.750203,
cfec51936db1a535,https://nz.linkedin.com/jobs/view/traffic-management-operator-stms-at-veolia-australia-new-zealand-4472487155,Traffic Management Operator-STMS,,scraped,2026-10-03T08:45:06.245793,
f1209052be059d22,https://nz.linkedin.com/jobs/view/frontend-engineer-at-tribe-group-4473990901,Frontend Engineer,,scraped,2026-10-03T08:45:15.293026,
2d72a6ced366f031,https://nz.linkedin.com/jobs/view/digital-performance-manager-at-werk-agency-4473716624,Digital Performance Manager,,scraped,2026-10-03T08:45:23.319961,
834da719f5324fd5,https://nz.linkedin.com/jobs/view/account-manager-at-vmo-4472855593,Account Manager,,scraped,2026-10-03T08:45:31.206211,
79474f36ddd55938,https://nz.linkedin.com/jobs/view/kmart-bay-of-plenty-region-nz-department-manager-at-kmart-australia-limited-4472698129,Kmart Bay of Plenty Region NZ - Department Manager,Kmart Australia Limited,failed|wp_post_failed,2026-10-03T08:45:56.783146,
b2e7f523742cabe9,https://nz.linkedin.com/jobs/view/senior-ecologist-at-wsp-in-canada-4393080507,Senior Ecologist,WSP in Canada,failed|wp_post_failed,2026-10-03T08:46:22.001690,
45bf89847c3c0a64,https://nz.linkedin.com/jobs/view/premium-revenue-coordinator-at-nib-group-4471321540,Premium Revenue Coordinator,nib Group,failed|wp_post_failed,2026-10-03T08:47:18.840475,
4a32d7ecf3358e94,https://nz.linkedin.com/jobs/view/sales-assistant-stock-support-at-flo-frankie-4473340438,Sales Assistant / Stock Support,,scraped,2026-10-03T08:47:23.444872,
7dadf7c5adc74e77,https://nz.linkedin.com/jobs/view/intermediate-structural-engineer-at-cook-costello-4473037015,Intermediate Structural Engineer,,scraped,2026-10-03T08:47:36.459117,
6ca939c917031a6f,https://nz.linkedin.com/jobs/view/cloud-and-solutions-architect-at-dds-it-4472118557,Cloud and Solutions Architect,,scraped,2026-10-03T08:47:44.534088,
3cf1c1b12dbdac28,https://nz.linkedin.com/jobs/view/senior-strategy-manager-at-fonterra-4474533098,Senior Strategy Manager,,scraped,2026-10-03T08:47:52.881051,
f123cb0b2959bb0a,https://nz.linkedin.com/jobs/view/logistics-administrator-at-ziwi-4472934443,Logistics Administrator,ZIWI,failed|wp_post_failed,2026-10-03T08:48:38.406850,
102fc01052a015f3,https://nz.linkedin.com/jobs/view/account-manager-at-aon-4475052482,Account Manager,,scraped,2026-10-03T08:48:41.015151,
bd67dc92535bb654,https://nz.linkedin.com/jobs/view/clinical-pharmacist-at-worq-ai-4472936597,Clinical Pharmacist,Worq AI,failed|wp_post_failed,2026-10-03T08:49:08.130191,
2d00edf05eab2694,https://nz.linkedin.com/jobs/view/engineering-manager-at-oji-fibre-solutions-4472886089,Engineering Manager,,scraped,2026-10-03T08:49:20.687323,
bbe2471455ff33b0,https://nz.linkedin.com/jobs/view/senior-full-stack-developer-at-generate-kiwisaver-scheme-4447259796,Senior Full Stack Developer,,scraped,2026-10-03T08:49:51.371582,
9e735194cb83ef0c,https://nz.linkedin.com/jobs/view/team-lead-radio-frequency-engineer-ground-segment-at-rocket-lab-4408942165,Team Lead - Radio Frequency Engineer (Ground Segment),Rocket Lab,failed|wp_post_failed,2026-10-03T08:50:11.924279,
60d4e76e06eba269,https://nz.linkedin.com/jobs/view/duty-manager-at-star-group-4472312063,Duty Manager,,scraped,2026-10-03T08:50:26.530851,
b9de49829775d94a,https://nz.linkedin.com/jobs/view/tradify-products-engineering-at-the-access-group-4473300020,Tradify Products & Engineering,,scraped,2026-10-03T08:50:48.999317,
c7fd2884ab5d0cdf,https://nz.linkedin.com/jobs/view/account-manager-at-habit-health-4472536077,Account Manager,,scraped,2026-10-03T08:50:55.320890,
5f04686ab63b5b34,https://nz.linkedin.com/jobs/view/architect-data-engineering-at-slalom-4447675568,Architect - Data Engineering,Slalom,failed|wp_post_failed,2026-10-03T08:51:22.710287,
aecda5be9dbc7ba2,https://nz.linkedin.com/jobs/view/site-manager-%E2%80%93-cleaning-security-invercargill-central-at-millennium-services-group-limited-4473117227,Site Manager – Cleaning & Security Invercargill Central,,scraped,2026-10-03T08:51:25.275448,
9cb8dc58a63af0fb,https://nz.linkedin.com/jobs/view/diagnostics-quality-manager-at-livestock-improvement-corporation-lic-4472392406,Diagnostics Quality Manager,,scraped,2026-10-03T08:51:52.615035,
7fd32b3455807d35,https://nz.linkedin.com/jobs/view/head-of-legal-at-madison-recruitment-4472520021,Head of Legal,,scraped,2026-10-03T08:52:16.920806,
f066222ddc672b7f,https://nz.linkedin.com/jobs/view/vehicle-inspector-x-2-roles-at-vinz-vehicle-inspection-nz-4472300203,Vehicle Inspector x 2 roles,,scraped,2026-10-03T08:52:30.030647,
304202bccafd525c,https://nz.linkedin.com/jobs/view/anz-senior-sales-and-relationship-manager-at-suncorp-group-4472673846,ANZ Senior Sales and Relationship Manager,,scraped,2026-10-03T08:52:35.981740,
14e7fb54b2c7a949,https://nz.linkedin.com/jobs/view/procurement-assistant-at-radisson-hotel-group-4473964843,Procurement Assistant,Radisson Hotel Group,failed|wp_post_failed,2026-10-03T08:52:59.517410,
4209a94d78e1a89c,https://nz.linkedin.com/jobs/view/head-of-content-at-letterboxd-4472853599,Head of Content,Letterboxd,failed|wp_post_failed,2026-10-03T08:53:18.266713,
d667d4f158ce7cff,https://nz.linkedin.com/jobs/view/sales-rep-4475036549,Sales rep,Papakura ITM,failed|wp_post_failed,2026-10-03T08:53:36.308088,
3603c3ccda27bf0e,https://nz.linkedin.com/jobs/view/business-development-manager-at-allpress-espresso-4471549844,Business Development Manager,,scraped,2026-10-03T08:53:38.851547,
5a5b0fd4a6175c1a,https://nz.linkedin.com/jobs/view/aviation-security-officer-full-time-at-civil-aviation-authority-of-new-zealand-4474102733,Aviation Security Officer - Full time,,scraped,2026-10-03T08:53:47.228945,
98d9a0c88f0e8580,https://nz.linkedin.com/jobs/view/court-security-officer-at-ministry-of-justice-new-zealand-4472461600,Court Security Officer,,scraped,2026-10-03T08:53:55.433743,
e10deb40dfdedd18,https://nz.linkedin.com/jobs/view/general-manager-at-oceania-4473336659,General Manager,,scraped,2026-10-03T08:54:02.492783,
c9d3d22f65c8e78c,https://nz.linkedin.com/jobs/view/head-of-organisational-design-at-southern-cross-health-insurance-4472650841,Head of Organisational Design,,scraped,2026-10-03T08:54:18.959798,
8f7bb7009e4a39bc,https://nz.linkedin.com/jobs/view/cx-advisory-consultant-at-genesys-4471982853,CX Advisory Consultant,Genesys,failed|wp_post_failed,2026-10-03T08:54:41.885553,
860e49d2812ce115,https://nz.linkedin.com/jobs/view/stainless-steel-fabricators-at-stellar-recruitment-4454949229,Stainless Steel Fabricators,,scraped,2026-10-03T08:54:46.410028,
a9eae01fcac72c14,https://nz.linkedin.com/jobs/view/court-security-officer-at-public-defence-service-new-zealand-4470840314,Court Security Officer,,scraped,2026-10-03T08:54:52.640566,
e1b7f5fc25359ece,https://nz.linkedin.com/jobs/view/senior-lawyer-at-best-practice-lawyers-4471789946,Senior Lawyer,,scraped,2026-10-03T08:55:09.777144,
961aed1fa7d13a88,https://nz.linkedin.com/jobs/view/territory-manager-at-norbrook-laboratories-ltd-4472717359,Territory Manager,,scraped,2026-10-03T08:55:19.904188,
28a4120a5dc0d55f,https://nz.linkedin.com/jobs/view/senior-lecturer-health-and-wellbeing-at-cavalli-college-4473580904,Senior Lecturer - Health and Wellbeing,,scraped,2026-10-03T08:55:28.747282,
b44b114c3ea72f51,https://nz.linkedin.com/jobs/view/regional-sales-director-government-solutions-at-archistar-4471706061,Regional Sales Director - Government Solutions,Archistar,failed|wp_post_failed,2026-10-03T08:55:58.292767,
5a3f676e30ac8d8d,https://nz.linkedin.com/jobs/view/senior-transmission-line-engineer-electrical-at-aurecon-4474529889,Senior Transmission Line Engineer - Electrical,,scraped,2026-10-03T08:56:02.843592,
92849c38a5e6ca58,https://nz.linkedin.com/jobs/view/restructuring-insolvency-lawyer-at-russell-mcveagh-4471312268,Restructuring & Insolvency Lawyer,,scraped,2026-10-03T08:56:13.143492,
080b0b8269859b2e,https://nz.linkedin.com/jobs/view/business-development-manager-at-jobgether-4471713164,Business Development Manager,,scraped,2026-10-03T08:56:22.960899,
12a4db19603e0e34,https://nz.linkedin.com/jobs/view/finance-business-partner-at-aon-4475049588,Finance Business Partner,,scraped,2026-10-03T08:56:29.591060,
2191eed565821bec,https://nz.linkedin.com/jobs/view/asset-commercial-analyst-at-hamilton-city-council-4472354030,Asset & Commercial Analyst,Hamilton City Council,failed|wp_post_failed,2026-10-03T08:57:01.606500,
89be212bc61535dc,https://nz.linkedin.com/jobs/view/senior-structural-technician-bim-coordinator-at-robert-bird-group-4472380953,Senior Structural Technician / BIM Coordinator,,scraped,2026-10-03T08:57:08.169411,
d94e52c1139672d9,https://nz.linkedin.com/jobs/view/store-manager-cashel-street-concept-store-christchurch-at-adidas-4473131463,"Store Manager - Cashel Street Concept Store, Christchurch",,scraped,2026-10-03T08:57:15.606891,
86843d5c6995282c,https://nz.linkedin.com/jobs/view/branch-sales-coordinator-at-plumbing-world-4474732893,Branch Sales Coordinator,Plumbing World,failed|wp_post_failed,2026-10-03T08:57:45.520827,
3256b44ff78f1d5b,https://nz.linkedin.com/jobs/view/chief-financial-officer-at-tribe-group-4474103120,Chief Financial Officer,,scraped,2026-10-03T08:58:14.034808,
d10cd484452a77a0,https://nz.linkedin.com/jobs/view/service-operations-specialist-at-woolworths-group-4473545888,Service Operations Specialist,,scraped,2026-10-03T08:58:20.109866,
2519c70f870b4646,https://nz.linkedin.com/jobs/view/senior-transmission-line-engineer-electrical-at-aurecon-4474530903,Senior Transmission Line Engineer - Electrical,,scraped,2026-10-03T08:58:42.680866,
84ca0446820e4b38,https://nz.linkedin.com/jobs/view/engineering-manager-multiple-roles-nz-at-xero-4471283905,Engineering Manager - Multiple Roles (NZ),,scraped,2026-10-03T08:58:57.139897,
69b4d74b2c34a813,https://nz.linkedin.com/jobs/view/apprentice-at-programmed-4474708738,Apprentice,,scraped,2026-10-03T08:59:07.490796,
5a7346f5cf166542,https://nz.linkedin.com/jobs/view/tcc-category-1-or-2-geo-professional-at-atkinsr%C3%A9alis-4474597640,TCC Category 1 or 2 Geo-Professional,,scraped,2026-10-03T08:59:13.970329,
2e0ea2a09f9d0d4d,https://nz.linkedin.com/jobs/view/production-team-member-cnc-at-assa-abloy-group-4473108381,Production Team Member - CNC,,scraped,2026-10-03T08:59:22.816627,
c155d1957e3e22c9,https://nz.linkedin.com/jobs/view/programme-manager-at-tribe-group-4473583894,Programme Manager,,scraped,2026-10-03T08:59:35.241900,
6c54e20a41687268,https://nz.linkedin.com/jobs/view/judges-clerk-at-ministry-of-justice-new-zealand-4474114247,Judges Clerk,,scraped,2026-10-03T08:59:41.446203,
fcfcb45c1bb6e4db,https://nz.linkedin.com/jobs/view/private-client-director-at-fuse-recruitment-4471336453,Private Client Director,,scraped,2026-10-03T08:59:48.589005,
73ce1b4da327d567,https://nz.linkedin.com/jobs/view/senior-transmission-line-engineer-electrical-at-aurecon-4474531815,Senior Transmission Line Engineer - Electrical,,scraped,2026-10-03T08:59:56.297551,
83a27c8440fb9841,https://nz.linkedin.com/jobs/view/production-operator-at-apl-window-solutions-4473575529,Production Operator,APL Window Solutions,failed|wp_post_failed,2026-10-03T09:00:18.627219,
47414e80ab0bc4d3,https://nz.linkedin.com/jobs/view/stakeholder-engagement-advisor-at-tiaki-wai-4474597269,Stakeholder Engagement Advisor,Tiaki Wai,failed|wp_post_failed,2026-10-03T09:00:37.008275,
9becc7f1a786deea,https://nz.linkedin.com/jobs/view/electrical-for-mechanical-electrician-supervisor-at-thompson-electrical-1983-limited-4474104813,Electrical For Mechanical Electrician/Supervisor,Thompson Electrical (1983) Limited,failed|wp_post_failed,2026-10-03T09:00:56.557852,
58757be153a401fb,https://nz.linkedin.com/jobs/view/project-manager-water-at-wsp-in-new-zealand-4473065702,Project Manager - Water,WSP in New Zealand,failed|wp_post_failed,2026-10-03T09:01:13.231812,
4540688470792728,https://nz.linkedin.com/jobs/view/ms-service-desk-at-ntt-data-inc-4472692513,MS Service Desk,,scraped,2026-10-03T09:01:19.805224,
05a9eaca1f62015a,https://nz.linkedin.com/jobs/view/payroll-coordinator-at-oranga-tamariki%E2%80%94ministry-for-children-4472863099,Payroll Coordinator,,scraped,2026-10-03T09:01:31.360090,
fd87b5d265e34ca5,https://nz.linkedin.com/jobs/view/branch-manager-at-aon-4475051499,Branch Manager,,scraped,2026-10-03T09:01:41.221906,
25233e184689f3d9,https://nz.linkedin.com/jobs/view/ai-engineering-team-lead-at-deloitte-4473991183,AI Engineering Team Lead,Deloitte,failed|wp_post_failed,2026-10-03T09:02:02.263051,
3a750841ca34cd2e,https://nz.linkedin.com/jobs/view/senior-transmission-line-engineer-electrical-at-aurecon-4474530904,Senior Transmission Line Engineer - Electrical,,scraped,2026-10-03T09:02:04.927399,
48180ba34485a726,https://nz.linkedin.com/jobs/view/lead-business-central-solution-designer-at-ferg-search-4472852803,Lead Business Central Solution Designer,,scraped,2026-10-03T09:02:21.198511,
d99419530d9dc2a1,https://nz.linkedin.com/jobs/view/digital-ppc-sem-specialist-at-global-wave-group-4474559599,Digital PPC/SEM Specialist,Global Wave Group,failed|wp_post_failed,2026-10-03T09:02:45.741006,
9c6add81a935ce70,https://nz.linkedin.com/jobs/view/construction-manager-at-archway-recruitment-4474563664,Construction Manager,,scraped,2026-10-03T09:02:54.289846,
872cc872af77898e,https://nz.linkedin.com/jobs/view/senior-quality-partner-at-hilton-foods-4474701116,Senior Quality Partner,,scraped,2026-10-03T09:03:08.000102,
8711cff3480255d3,https://nz.linkedin.com/jobs/view/senior-claims-advocate-at-wtw-4474588921,Senior Claims Advocate,WTW,failed|wp_post_failed,2026-10-03T09:03:31.143487,
92bf9c5c2e35ccee,https://nz.linkedin.com/jobs/view/parts-accessory-consultant-at-north-western-toyota-4472889340,Parts & Accessory Consultant,North Western Toyota,failed|wp_post_failed,2026-10-03T09:03:54.709061,
15124c410246b16b,https://nz.linkedin.com/jobs/view/infrastructure-engineer-at-letterboxd-4473821947,Infrastructure Engineer,Letterboxd,failed|wp_post_failed,2026-10-03T09:04:11.835720,
76a3f5bb654f40ec,https://nz.linkedin.com/jobs/view/tax-accounting-manager-at-fonterra-4473010445,Tax Accounting Manager,,scraped,2026-10-03T09:04:14.418797,
5943b1be243aec3e,https://nz.linkedin.com/jobs/view/service-officer-west-auckland-at-aa-new-zealand-4473211421,Service Officer - West Auckland,,scraped,2026-10-03T09:04:21.235019,
3723361bf12c8b7e,https://nz.linkedin.com/jobs/view/senior-adviser-senior-legal-counsel-regulatory-policy-at-financial-markets-authority-%E2%80%93-te-mana-t%C4%81tai-hokohoko-4471569030,"Senior Adviser / Senior Legal Counsel, Regulatory Policy",Financial Markets Authority – Te Mana Tātai Hokohoko,posted,2026-10-03T09:04:48.482936,1781
0bf2e0130a9b3217,https://nz.linkedin.com/jobs/view/project-engineers-m-f-at-heb-construction-4473214265,Project Engineers M/F,,scraped,2026-10-03T09:04:51.023035,
8ca2a5390087c569,https://nz.linkedin.com/jobs/view/renewable-energy-analyst-graduate-at-renewable-careers-4474724161,Renewable Energy Analyst (Graduate),,scraped,2026-10-03T09:05:01.911956,
4bf0d0a412086127,https://nz.linkedin.com/jobs/view/everwell-product-marketing-manager-remote-nz-12-month-fixed-term-at-evercommerce-4474126568,EverWell - Product Marketing Manager (Remote NZ) - 12 month fixed term,EverCommerce,failed|wp_post_failed,2026-10-03T09:05:19.824109,
7ab906994a2de54d,https://nz.linkedin.com/jobs/view/sales-professional-glenfield-at-michael-hill-4472511730,Sales Professional - Glenfield,,scraped,2026-10-03T09:05:28.417946,
8ca4e3b473c93825,https://nz.linkedin.com/jobs/view/health-safety-advisor-at-the-lines-company-4470849188,Health & Safety Advisor,,scraped,2026-10-03T09:05:38.330396,
a90be6615ae0ecef,https://nz.linkedin.com/jobs/view/senior-site-manager-at-besix-watpac-4472881366,Senior Site Manager,,scraped,2026-10-03T09:05:47.179083,
8dbbaacf75e68ba1,https://nz.linkedin.com/jobs/view/director-administrator-assistant-at-baker-tilly-staples-rodway-4472479593,Director Administrator/Assistant,,scraped,2026-10-03T09:05:54.662949,
6cf99b9d97a41c1a,https://nz.linkedin.com/jobs/view/digital-specialist-content-at-auckland-council-4471321833,Digital Specialist Content,Auckland Council,failed|wp_post_failed,2026-10-03T09:06:19.220641,
15c6291b98d026ff,https://nz.linkedin.com/jobs/view/executive-assistant-product-at-halter-4471350089,Executive Assistant - Product,,scraped,2026-10-03T09:06:35.782948,
1d1456ab4fbc8c62,https://nz.linkedin.com/jobs/view/branch-manager-east-tamaki-at-aon-4475054415,Branch Manager - East Tamaki,,scraped,2026-10-03T09:06:42.046635,
da7ce18a18980622,https://nz.linkedin.com/jobs/view/electrical-substation-engineer-at-aurecon-4474545370,Electrical Substation Engineer,,scraped,2026-10-03T09:06:48.473532,
6484b4a62307cf01,https://nz.linkedin.com/jobs/view/customer-incident-manager-at-xero-4471991536,Customer Incident Manager,,scraped,2026-10-03T09:06:56.531531,
171ff3fdbd49d6b0,https://nz.linkedin.com/jobs/view/power-platform-techno-functional-consultant-technology-consulting-at-ey-4433129944,Power Platform Techno-Functional Consultant - Technology Consulting,EY,posted,2026-10-03T09:07:10.514284,1807
02fda0e69b9f2a70,https://nz.linkedin.com/jobs/view/manager-internal-audit-financial-services-at-ey-4434507273,Manager - Internal Audit - Financial Services,EY,failed|wp_post_failed,2026-10-03T09:07:27.609439,
8dd28d06a9e61cab,https://nz.linkedin.com/jobs/view/associate-merchandise-planner-opportunities-at-the-warehouse-group-4474197216,Associate Merchandise Planner Opportunities,,scraped,2026-10-04T08:56:43.427595,
8c5973b9ab619691,https://nz.linkedin.com/jobs/view/restoration-technician-at-servpro-of-vacaville-dixon-4475339815,Restoration Technician,SERVPRO of Vacaville / Dixon,posted,2026-10-04T08:57:12.987078,1771
b4827687986099cd,https://nz.linkedin.com/jobs/view/maintenance-assistant-at-merlin-entertainments-4472852564,Maintenance Assistant,,scraped,2026-10-04T08:57:35.621548,
d526277e9ab0af02,https://nz.linkedin.com/jobs/view/cake-baker-at-candid-jobs-4473801053,Cake Baker,Candid Jobs,failed|wp_post_failed,2026-10-04T08:58:06.679050,
d0427d58b9b9d932,https://nz.linkedin.com/jobs/view/senior-full-stack-engineer-reporting-at-xero-4472391464,Senior Full stack Engineer - Reporting,,scraped,2026-10-04T08:59:27.388557,
adb327c586d0a485,https://nz.linkedin.com/jobs/view/data-analytics-enablement-lead-at-xero-4471283908,Data & Analytics Enablement Lead,,scraped,2026-10-04T08:59:59.885342,
19c13754f71eda63,https://nz.linkedin.com/jobs/view/department-manager-new-plymouth-nz-at-bunnings-4474591469,Department Manager - New Plymouth NZ,Bunnings,failed|wp_post_failed,2026-10-04T09:00:51.671705,
766f01dfa4431423,https://nz.linkedin.com/jobs/view/senior-occupational-therapist-at-habit-health-4473220034,Senior Occupational Therapist,,scraped,2026-10-04T09:00:58.268387,
76927b740953a368,https://nz.linkedin.com/jobs/view/financial-controller-at-hunter-campbell-4473709563,Financial Controller,,scraped,2026-10-04T09:01:06.197886,
d384f9a2e3233008,https://nz.linkedin.com/jobs/view/business-advisors-nz-au-roles-at-thryv-4475345563,Business Advisors (NZ & AU Roles),Thryv,failed|wp_post_failed,2026-10-04T09:01:31.047471,
5676919ef26a6ddd,https://nz.linkedin.com/jobs/view/activity-and-lifestyle-assistant-dementia-unit-at-ryman-healthcare-4473103673,Activity and Lifestyle Assistant - Dementia Unit,,scraped,2026-10-04T09:01:57.703002,
d197f850a649923d,https://nz.linkedin.com/jobs/view/business-development-manager-at-propellworks-4471546511,Business Development Manager,,scraped,2026-10-04T09:02:05.721852,
0e44d8f664be0831,https://nz.linkedin.com/jobs/view/globalization-assistant-at-fastenal-company-at-uci-oc-alliance-4475381068,Globalization Assistant at Fastenal Company,UCI-OC Alliance,failed|wp_post_failed,2026-10-04T09:02:31.680494,
fbf4bae742ce1cf0,https://nz.linkedin.com/jobs/view/maintenance-technician-mechanical-auckland-airport-f-m-at-alstef-group-4473150782,Maintenance Technician - Mechanical - Auckland Airport F/M,Alstef Group,failed|wp_post_failed,2026-10-04T09:03:05.300394,
5ce675fecc375692,https://nz.linkedin.com/jobs/view/senior-product-manager-open-banking-at-anz-4474144624,Senior Product Manager- Open Banking,,scraped,2026-10-04T09:03:07.876201,
281730549e0302fb,https://nz.linkedin.com/jobs/view/physics-teacher-at-school-jobs-4472990944,Physics Teacher,School Jobs,failed|wp_post_failed,2026-10-04T09:03:20.000474,
22e6549c0adbc396,https://nz.linkedin.com/jobs/view/sales-marketing-manager-4475369146,Sales Marketing Manager,Syncore,failed|wp_post_failed,2026-10-04T09:03:42.829368,
441c77c5d80aed8c,https://nz.linkedin.com/jobs/view/south-canterbury-toyota-vehicle-detailer-at-albany-toyota-4473118780,South Canterbury Toyota - Vehicle Detailer,,scraped,2026-10-04T09:04:03.412298,
c5f8bfbd60b8b132,https://nz.linkedin.com/jobs/view/senior-er-advisor-at-tribe-group-4474534038,Senior ER Advisor,,scraped,2026-10-04T09:05:26.139977,
0ba3ae54bf4c6d7e,https://nz.linkedin.com/jobs/view/manager-stress-testing-at-asb-bank-4471235228,Manager Stress Testing,,scraped,2026-10-04T09:05:48.368591,
e211ee94a967ee9b,https://nz.linkedin.com/jobs/view/teacher-ece-at-acg-strathallan-4474581005,Teacher - ECE,,scraped,2026-10-04T09:06:27.478008,
ada393f7c77c5dfa,https://nz.linkedin.com/jobs/view/commercial-industrial-electrician-queenstown-at-downer-4472484675,Commercial/Industrial Electrician - Queenstown,,scraped,2026-10-04T09:06:35.951106,
8a21bb70141975c4,https://nz.linkedin.com/jobs/view/netsuite-developer-at-halter-4472884494,NetSuite Developer,,scraped,2026-10-04T09:06:53.209514,
c0d1fffb8b26c133,https://nz.linkedin.com/jobs/view/project-manager-at-tigermed-4415760167,Project Manager,,scraped,2026-10-04T09:06:59.428883,
6c6ec77ebe9a3cc5,https://nz.linkedin.com/jobs/view/assistant-branch-manager-bnt-rangiora-at-bapcor-limited-4473975619,Assistant Branch Manager - BNT Rangiora,,scraped,2026-10-04T09:07:11.186080,
c250846b3ba79e27,https://nz.linkedin.com/jobs/view/automotive-parts-interpreter-repco-whangarei-at-repco-4474586975,Automotive Parts Interpreter | Repco Whangarei,Repco,failed|wp_post_failed,2026-10-04T09:07:29.971355,
0fa0d2442c0868fb,https://nz.linkedin.com/jobs/view/customer-service-representative-at-ttec-4472876921,Customer Service Representative,TTEC,failed|wp_post_failed,2026-10-04T09:07:40.399513,
d824e6e2ad23b39f,https://nz.linkedin.com/jobs/view/marketing-analytics-specialist-at-global-wave-group-4474559596,Marketing Analytics Specialist,Global Wave Group,failed|wp_post_failed,2026-10-04T09:08:00.660435,
5cd9d7d55d14f2da,https://nz.linkedin.com/jobs/view/assistant-manager-at-sofitel-4471397071,Assistant Manager,,scraped,2026-10-04T09:08:21.359695,
c7911ab95e94b219,https://nz.linkedin.com/jobs/view/lawyer-regulatory-and-competition-at-woolworths-group-4474585838,Lawyer - Regulatory and Competition,,scraped,2026-10-04T09:08:40.380252,
0f9fdcbacd1a4f67,https://nz.linkedin.com/jobs/view/intermediate-software-engineer-field-operations-at-halter-4471903115,Intermediate Software Engineer - Field Operations,,scraped,2026-10-04T09:09:27.077177,
ca4784fc05354c4d,https://nz.linkedin.com/jobs/view/assistant-brand-manager-%E2%80%93-nz-at-asahi-beverages-4473705551,Assistant Brand Manager – NZ,,scraped,2026-10-04T09:10:33.339213,
2ca4d24c2d7075bb,https://nz.linkedin.com/jobs/view/judges-clerk-at-public-defence-service-new-zealand-4472901020,Judges Clerk,,scraped,2026-10-04T09:10:40.743480,
06c851dd50e05d4b,https://nz.linkedin.com/jobs/view/salesforce-tech-architect-at-tata-consultancy-services-4472542377,Salesforce Tech Architect,Tata Consultancy Services,failed|wp_post_failed,2026-10-04T09:11:07.115925,
49e02c46912612dc,https://nz.linkedin.com/jobs/view/data-management-coordinator-at-christchurch-city-council-4473101837,Data Management Coordinator,,scraped,2026-10-04T09:11:09.704749,
3b0e919078b959f6,https://nz.linkedin.com/jobs/view/associate-architect-infrastructure-at-jacobs-4474735221,Associate Architect - Infrastructure,Jacobs,failed|wp_post_failed,2026-10-04T09:11:39.719370,
9f8b8e113bb3b6de,https://nz.linkedin.com/jobs/view/ai-systems-and-solutions-specialist-at-seequent-4474116860,AI Systems and Solutions Specialist,,scraped,2026-10-04T09:11:48.290577,
deb76e6e19298aaa,https://nz.linkedin.com/jobs/view/client-success-manager-digital-marketing-at-castillo-marketing-4474201411,Client Success Manager - Digital Marketing,,scraped,2026-10-04T09:11:56.710211,
1af233cb33829910,https://nz.linkedin.com/jobs/view/project-support-coordinator-at-archway-recruitment-4474143038,Project Support Coordinator,,scraped,2026-10-04T09:12:17.199201,
42093c7cd8d489e3,https://nz.linkedin.com/jobs/view/test-manager-wellington-at-planit-4474593283,Test Manager - Wellington,,scraped,2026-10-04T09:12:42.746851,
85a441134c7aa3e6,https://nz.linkedin.com/jobs/view/senior-site-manager-at-besix-watpac-4472870607,Senior Site Manager,,scraped,2026-10-04T09:13:05.265257,
8e853a1bb43a08c8,https://nz.linkedin.com/jobs/view/senior-property-advisor-at-tiaki-wai-4472103809,Senior Property Advisor,Tiaki Wai,failed|wp_post_failed,2026-10-04T09:13:20.755935,
6ff6a45017d9d930,https://nz.linkedin.com/jobs/view/team-lead-asset-planning-treatment-at-tiaki-wai-4473969644,"Team Lead Asset Planning, Treatment",Tiaki Wai,failed|wp_post_failed,2026-10-04T09:13:31.185997,
28b9944f72b39b40,https://nz.linkedin.com/jobs/view/business-development-manager-at-hays-4475521526,Business Development Manager,,scraped,2026-10-05T09:41:18.745053,
125ccd09061951bc,https://nz.linkedin.com/jobs/view/specialist-cleaner-auckland-at-millennium-services-group-limited-4472919823,Specialist Cleaner - Auckland,,scraped,2026-10-05T09:41:28.441326,
fbd59aa48f30b82e,https://nz.linkedin.com/jobs/view/optometrist-at-specsavers-4475510730,Optometrist,,scraped,2026-10-05T09:41:40.007621,
802f9901f6a94116,https://nz.linkedin.com/jobs/view/senior-solution-architect-at-rwa-people-4474593169,Senior Solution Architect,,scraped,2026-10-05T09:42:48.816187,
707ba9735d4a3a83,https://nz.linkedin.com/jobs/view/business-development-manager-at-officemax-new-zealand-4473050819,Business Development Manager,,scraped,2026-10-05T09:42:57.368060,
0a2a95643fde9c4a,https://nz.linkedin.com/jobs/view/electrical-engineer-at-babbage-consultants-limited-4474230100,Electrical Engineer,,scraped,2026-10-05T09:43:41.523847,
844e2de0a6c00a29,https://nz.linkedin.com/jobs/view/account-manager-taupo-nz-at-bunnings-4473711348,Account Manager - Taupo NZ,Bunnings,posted,2026-10-05T09:44:21.770996,1815
ea80dba342b26302,https://nz.linkedin.com/jobs/view/reservations-supervisor-at-so-auckland-4473620097,Reservations Supervisor,,scraped,2026-10-05T09:44:38.385669,
17d8568e2d29c93c,https://nz.linkedin.com/jobs/view/retail-consultant-at-early-settler-4474247876,Retail Consultant,,scraped,2026-10-05T09:45:21.197921,
5f422aa6b3528287,https://nz.linkedin.com/jobs/view/senior-product-engineer-at-optimal-4474224791,Senior Product Engineer,,scraped,2026-10-05T09:45:38.150820,
935b010508b1d018,https://nz.linkedin.com/jobs/view/lead-software-engineer-at-zuru-4474213614,Lead Software Engineer,,scraped,2026-10-05T09:45:53.054386,
1b6680d74a792ca8,https://nz.linkedin.com/jobs/view/senior-product-engineer-at-optimal-4474239180,Senior Product Engineer,,scraped,2026-10-05T09:46:02.207639,
6b58840102966756,https://nz.linkedin.com/jobs/view/commercial-dispute-resolution-practice-leader-at-legalvision-4474241203,Commercial Dispute Resolution Practice Leader,LegalVision,posted,2026-10-05T09:46:24.094336,1817
fa6a85338a8632e6,https://nz.linkedin.com/jobs/view/registered-hand-therapist-at-habit-health-4473616663,Registered Hand Therapist,,scraped,2026-10-05T09:46:42.764550,
d6ff529679638908,https://nz.linkedin.com/jobs/view/head-of-data-at-nz-post-4474244123,Head of Data,,scraped,2026-10-05T09:47:03.269547,
2142e55fb71c7861,https://nz.linkedin.com/jobs/view/community-support-worker-south-auckland-at-spectrum-care-4473603312,Community Support Worker - South Auckland,,scraped,2026-10-05T09:47:34.872555,
5de56331d0fad6ef,https://nz.linkedin.com/jobs/view/welder-metal-fabricators-christchurch-at-davin-industries-limited-4473493169,Welder / Metal Fabricators Christchurch,DAVIN INDUSTRIES LIMITED,posted,2026-10-05T09:47:47.708360,875
968f160aa67ef070,https://nz.linkedin.com/jobs/view/senior-air-quailty-technician-at-watercare-services-limited-4475539142,Senior Air Quailty Technician,,scraped,2026-10-05T09:48:08.393220,
024b1af00da3c0c7,https://nz.linkedin.com/jobs/view/risk-security-manager-westfield-newmarket-at-scentre-group-owner-of-westfield-destinations-in-aus-and-nz-4475507937,Risk & Security Manager - Westfield Newmarket,,scraped,2026-10-05T09:48:31.046856,
0d0468f6372d35a8,https://nz.linkedin.com/jobs/view/sales-storeperson-at-persol-4473496618,Sales & Storeperson,,scraped,2026-10-05T09:48:37.941515,
33dda00e5cd266f1,https://nz.linkedin.com/jobs/view/enterprise-success-engineer-apac-at-laravel-4472744645,Enterprise Success Engineer - APAC,Laravel,posted,2026-10-05T09:49:06.116224,1819
5c75568b922a8874,https://nz.linkedin.com/jobs/view/events-catering-chef-at-trn-4475338833,Events Catering Chef,TRN,posted,2026-10-05T09:49:28.700542,1821
4996e2d128f8bbea,https://nz.linkedin.com/jobs/view/corporate-account-manager-at-aon-4442973779,Corporate Account Manager,,scraped,2026-10-05T09:49:33.376670,
ab829584c1b07ad6,https://nz.linkedin.com/jobs/view/senior-analyst-enterprise-portfolio-at-kiwibank-4472849314,Senior Analyst Enterprise Portfolio,Kiwibank,posted,2026-10-05T09:50:27.253492,1823
af936ea020fe5f41,https://nz.linkedin.com/jobs/view/director-of-finance-oceania-at-the-nature-conservancy-4474257273,"Director of Finance, Oceania",The Nature Conservancy,posted,2026-10-05T09:50:36.885759,1825
c7c0c5e56653afa1,https://nz.linkedin.com/jobs/view/senior-product-engineer-at-optimal-4474217908,Senior Product Engineer,,scraped,2026-10-05T09:50:47.542197,
7327b800e864b7ec,https://nz.linkedin.com/jobs/view/principal-adviser-banking-at-financial-markets-authority-%E2%80%93-te-mana-t%C4%81tai-hokohoko-4474223374,"Principal Adviser, Banking",Financial Markets Authority – Te Mana Tātai Hokohoko,posted,2026-10-05T09:51:05.514089,1827
145bf09ffeaedf9f,https://nz.linkedin.com/jobs/view/finance-analyst-at-tribe-group-4475517357,Finance Analyst,,scraped,2026-10-05T09:51:08.127047,
ad52efe767a66f09,https://nz.linkedin.com/jobs/view/communications-and-engagement-manager-water-hawkes-bay-at-populous-people-limited-4474227360,Communications and Engagement Manager - Water Hawkes Bay,,scraped,2026-10-05T09:51:42.628882,
1cec9c0168c93260,https://nz.linkedin.com/jobs/view/manager-associate-director-audit-at-deloitte-4475520321,Manager/ Associate Director - Audit,Deloitte,posted,2026-10-05T09:51:56.088232,1653
087a45110a9fc9b0,https://nz.linkedin.com/jobs/view/financial-insights-analyst-at-hamilton-city-council-4472851598,Financial Insights Analyst,Hamilton City Council,posted,2026-10-05T09:52:39.218594,1829
75e4e0f520b59e59,https://nz.linkedin.com/jobs/view/assistant-manager-manager-risk-consulting-at-kpmg-new-zealand-4396391603,Assistant Manager/ Manager - Risk Consulting,KPMG New Zealand,posted,2026-10-05T09:53:24.008088,1831
c12e82540a2aecf6,https://nz.linkedin.com/jobs/view/regional-manager-%E2%80%93-upper-north-island-at-sgs-4473603482,Regional Manager – Upper North Island,,scraped,2026-10-05T09:53:32.719740,
fdc554cf7daf5ca1,https://nz.linkedin.com/jobs/view/engagement-director-at-clearpoint-4473581469,Engagement Director,,scraped,2026-10-05T09:53:45.797201,
95fb8ebc9fb76943,https://nz.linkedin.com/jobs/view/senior-financial-accountant-at-aia-nz-4475552271,Senior Financial Accountant,,scraped,2026-10-05T09:54:01.338402,
d2d3daf4b7a43443,https://nz.linkedin.com/jobs/view/senior-secondary-engineer-at-jacobs-4471702979,Senior Secondary Engineer,Jacobs,posted,2026-10-05T09:54:20.587954,1833
13c263da996a983e,https://nz.linkedin.com/jobs/view/human-resources-coordinator-at-global-wave-group-4475515322,Human Resources Coordinator,Global Wave Group,posted,2026-10-05T09:54:36.560005,1835
990012c74ece2798,https://nz.linkedin.com/jobs/view/technical-lead-at-meridian-energy-4475548609,Technical Lead,,scraped,2026-10-05T09:54:51.378292,
b35d149520b12246,https://nz.linkedin.com/jobs/view/team-lead-media-at-tiaki-wai-4475506982,Team Lead Media,Tiaki Wai,posted,2026-10-05T09:55:14.197807,1837
28bf45d2d0107529,https://nz.linkedin.com/jobs/view/delivery-consultant-at-momentum-consulting-group-4474230454,Delivery Consultant,,scraped,2026-10-05T09:55:24.932809,
80c41c71a788d5bf,https://nz.linkedin.com/jobs/view/site-reliability-engineer-at-zuru-4471262847,Site Reliability Engineer,,scraped,2026-10-05T09:55:37.883182,
89def49235731d53,https://nz.linkedin.com/jobs/view/people-coordinator-at-reserve-bank-of-new-zealand-4473498495,People Coordinator,Reserve Bank of New Zealand,posted,2026-10-05T09:55:54.539608,1755
f55a7a664168d889,https://nz.linkedin.com/jobs/view/senior-advisor-at-ministry-of-justice-new-zealand-4475525666,Senior Advisor,,scraped,2026-10-05T09:56:31.204915,
8dea341426e0c7d6,https://nz.linkedin.com/jobs/view/commis-chef-burgerfuel-auckland-airport-at-delaware-north-australia-new-zealand-4473613320,"Commis Chef, BurgerFuel, Auckland Airport",,scraped,2026-10-05T09:56:46.300654,
835ada18f8acce98,https://nz.linkedin.com/jobs/view/senior-software-engineer-at-pushpay-4474243193,Senior Software Engineer,Pushpay,posted,2026-10-05T09:57:03.717765,212
534870a1b8d273ba,https://nz.linkedin.com/jobs/view/chief-engineer-lattey-group-at-populous-people-limited-4474220458,Chief Engineer - Lattey Group,,scraped,2026-10-05T09:57:20.330589,
0843e4384d3dbf56,https://nz.linkedin.com/jobs/view/centre-manager-at-busy-bees-aotearoa-4474230290,Centre Manager,,scraped,2026-10-05T09:57:31.042214,
ad0c5e225bce9404,https://nz.linkedin.com/jobs/view/new-graduate-occupational-physiotherapist-2027-at-apm-4473614432,New Graduate Occupational & Physiotherapist 2027,,scraped,2026-10-05T09:57:46.826789,
b6c4513ceac7b867,https://nz.linkedin.com/jobs/view/processing-officer-at-nz-post-4472543297,Processing Officer,,scraped,2026-10-05T09:58:02.648974,
d3501d90384bb09e,https://nz.linkedin.com/jobs/view/senior-electronics-engineer-at-gallagher-security-4472867700,Senior Electronics Engineer,,scraped,2026-10-05T09:58:11.912685,
2c7abbd02e023d55,https://nz.linkedin.com/jobs/view/performance-manager-media-at-3rdeye-recruitment-and-talent-management-agency-4474221399,Performance Manager (Media),,scraped,2026-10-05T09:58:26.068291,
edf580520f2adcaf,https://nz.linkedin.com/jobs/view/finance-business-partner-at-air-new-zealand-4475534396,Finance Business Partner,,scraped,2026-10-05T09:58:45.278427,
7a4dde04503b8ead,https://nz.linkedin.com/jobs/view/group-junior-support-engineer-at-zuru-4475556182,Group | Junior Support Engineer,,scraped,2026-10-05T09:58:58.093935,
a827df95dd590c98,https://nz.linkedin.com/jobs/view/class-4-hiab-truck-driver-at-stellar-recruitment-4471272507,Class 4 HIAB Truck Driver,,scraped,2026-10-05T09:59:07.144895,
159711f92a361c91,https://nz.linkedin.com/jobs/view/hr-business-partner-at-airways-new-zealand-4474220741,HR Business Partner,,scraped,2026-10-05T09:59:21.962227,
d2041dd15586b379,https://nz.linkedin.com/jobs/view/sales-partner-at-zaam-textiles-4473488466,Sales Partner,,scraped,2026-10-05T09:59:39.764975,
da10ebbbea43d235,https://nz.linkedin.com/jobs/view/trade-specialist-napa-sydenham-at-napa-australia-4473986140,Trade Specialist | NAPA Sydenham,,scraped,2026-10-05T09:59:54.852824,
87710d85722e8d6c,https://nz.linkedin.com/jobs/view/assistant-manager-business-advisory-services-at-acclime-4474264262,Assistant Manager - Business Advisory Services,,scraped,2026-10-05T10:00:07.521062,
62e06e5b4b89add1,https://nz.linkedin.com/jobs/view/legal-counsel-employee-relations-at-hato-hone-st-john-4475517100,Legal Counsel - Employee Relations,,scraped,2026-10-05T10:00:35.402511,
d352a826c24f2b39,https://nz.linkedin.com/jobs/view/supply-logistics-analyst-at-mcfall-fuel-4475527592,Supply & Logistics Analyst,,scraped,2026-10-05T10:00:42.947652,
3083b43d471af19b,https://nz.linkedin.com/jobs/view/assistant-accountant-accountant-at-fisher-paykel-healthcare-4474226580,Assistant Accountant/Accountant,,scraped,2026-10-05T10:00:51.932121,
0f38650c453dfdd1,https://nz.linkedin.com/jobs/view/production-scheduler-christchurch-at-davin-industries-limited-4471791351,Production Scheduler Christchurch,DAVIN INDUSTRIES LIMITED,posted,2026-10-05T10:01:13.767539,1839
9de4c78762316c91,https://nz.linkedin.com/jobs/view/senior-planning-engineer-water-treatment-at-watercare-services-limited-4474108832,Senior Planning Engineer - Water Treatment,,scraped,2026-10-05T10:01:16.466864,
f093c0c5dcc75369,https://nz.linkedin.com/jobs/view/new-graduate-occupational-physiotherapist-2027-at-apm-4473611527,New Graduate Occupational & Physiotherapist 2027,,scraped,2026-10-05T10:01:33.069481,
bb02ffa82895574d,https://nz.linkedin.com/jobs/view/principal-advisor-at-tiaki-wai-4475519263,Principal Advisor,Tiaki Wai,posted,2026-10-05T10:01:53.030509,1841
f7ccf5bcc63ddabe,https://nz.linkedin.com/jobs/view/senior-product-manager-genai-at-envato-4475862287,Senior Product Manager - GenAI,,scraped,2026-10-06T09:30:58.571572,
f85aa2f6a5dcf52f,https://nz.linkedin.com/jobs/view/people-culture-manager-at-sofitel-4472394179,People & Culture Manager,,scraped,2026-10-06T09:31:23.169378,
881352f19077370e,https://nz.linkedin.com/jobs/view/director-of-finance-at-cartoncloud-4474589023,Director of Finance,,scraped,2026-10-06T09:31:32.437590,
333282f632e45082,https://nz.linkedin.com/jobs/view/assistant-store-manager-at-early-settler-4474264331,Assistant Store Manager,,scraped,2026-10-06T09:31:38.970460,
86d41275069068fa,https://nz.linkedin.com/jobs/view/tax-partner-at-spark-new-zealand-4474650766,Tax Partner,,scraped,2026-10-06T09:31:47.938677,
12adcadbf20a4dfb,https://nz.linkedin.com/jobs/view/account-manager-at-werk-agency-4473712946,Account Manager,,scraped,2026-10-06T09:31:56.911909,
4d55598aa3eda78e,https://nz.linkedin.com/jobs/view/senior-account-manager-at-phd-aotearoa-nz-4472360230,Senior Account Manager,,scraped,2026-10-06T09:32:05.498768,
9f9de6d3ee33a307,https://nz.linkedin.com/jobs/view/kitchenhand-auckland-airport-at-delaware-north-australia-new-zealand-4473499972,"Kitchenhand, Auckland Airport",,scraped,2026-10-06T09:32:14.173773,
6bff5857033ec5fa,https://nz.linkedin.com/jobs/view/lead-product-manager-genai-at-envato-4475865117,Lead Product Manager - GenAI,,scraped,2026-10-06T09:32:23.028201,
922efd980a2dfe69,https://nz.linkedin.com/jobs/view/senior-architect-software-engineering-at-slalom-4409354751,Senior Architect - Software Engineering,Slalom,posted,2026-10-06T09:32:51.181177,1843
bdcf87c8bf43aa6b,https://nz.linkedin.com/jobs/view/people-and-culture-manager-lattey-group-at-populous-people-limited-4474233068,People and Culture Manager - Lattey Group,,scraped,2026-10-06T09:32:57.812105,
d6496b5fe978c98d,https://nz.linkedin.com/jobs/view/landscape-architect-at-jacobs-4474584892,Landscape Architect,Jacobs,posted,2026-10-06T09:33:22.667004,1845
3a03b892cf6d1014,https://nz.linkedin.com/jobs/view/bms-contract-manager-at-quasar-nz-4472392133,BMS Contract Manager,,scraped,2026-10-06T09:33:25.248150,
3c0bc8dc813f194e,https://nz.linkedin.com/jobs/view/talent-acquisition-partner-eshepherd-at-gallagher-animal-management-4474676470,Talent Acquisition Partner - eShepherd,,scraped,2026-10-06T09:33:31.529855,
8fee48c6ce1d164a,https://nz.linkedin.com/jobs/view/financial-controller-at-hunter-campbell-4474671404,Financial Controller,,scraped,2026-10-06T09:33:40.462412,
e510466ab16da464,https://nz.linkedin.com/jobs/view/security-risk-consultant-at-beca-4476138597,Security & Risk Consultant,,scraped,2026-10-06T09:33:51.584181,
157e7e4130f29816,https://nz.linkedin.com/jobs/view/class-4-driver-queenstown-at-hw-richardson-group-4474567300,Class 4 Driver Queenstown,,scraped,2026-10-06T09:34:07.145384,
e016c82aca4c84e9,https://nz.linkedin.com/jobs/view/talent-acquisition-partner-eshepherd-at-gallagher-4474651923,Talent Acquisition Partner - eShepherd,,scraped,2026-10-06T09:34:30.225001,
465b6ab3ddf6787b,https://www.linkedin.com/jobs/view/61467/,VICE PRESIDENT - REGULATORY AFFAIRS & QUALITY ASSURANCE,Excelsior Medical Corporation,posted,2026-10-06T09:34:48.789689,1847
1dcabafadb486827,https://nz.linkedin.com/jobs/view/critical-environment-technician-at-microsoft-4474729903,Critical Environment Technician,Microsoft,posted,2026-10-06T09:35:26.777308,1849
71a1b35798175be2,https://nz.linkedin.com/jobs/view/delivery-driver-sales-assistant-at-persol-4474013913,Delivery Driver / Sales Assistant,,scraped,2026-10-06T09:35:43.459218,
5b41c081837df7dd,https://nz.linkedin.com/jobs/view/communications-engagement-lead-at-tribe-group-4475892354,Communications & Engagement Lead,,scraped,2026-10-06T09:36:11.190016,
ef181cea7ec6518d,https://nz.linkedin.com/jobs/view/pricing-advisor-new-zealand-at-bp-4473668618,Pricing Advisor - New Zealand,bp,posted,2026-10-06T09:36:43.244662,1851
161a6de8b0d8cc82,https://nz.linkedin.com/jobs/view/credit-officer-at-bunnings-4474107748,Credit Officer,Bunnings,posted,2026-10-06T09:36:51.677657,937
1677c92605276940,https://nz.linkedin.com/jobs/view/secondary-teacher-mathematics-at-acg-schools-4476110943,Secondary Teacher - Mathematics,,scraped,2026-10-06T09:36:54.281945,
f7d6fe5b2e815366,https://nz.linkedin.com/jobs/view/inside-sales-representative-sme-growth-at-airwallex-4473618749,"Inside Sales Representative, SME & Growth",,scraped,2026-10-06T09:37:20.423378,
f48968602d91eb88,https://nz.linkedin.com/jobs/view/project-planner-m-f-at-heb-construction-4473718921,Project Planner M/F,,scraped,2026-10-06T09:37:35.255351,
69d37143d7f4ec7f,https://nz.linkedin.com/jobs/view/manager-standards-at-civil-aviation-authority-of-new-zealand-4474781301,"Manager, Standards",,scraped,2026-10-06T09:37:48.508824,
2d08afc6decbf197,https://nz.linkedin.com/jobs/view/business-development-manager-at-toll-group-4473139546,Business Development Manager,,scraped,2026-10-06T09:37:57.906811,
e4dd1c3287d04117,https://nz.linkedin.com/jobs/view/specialist-governance-enablement-at-iag-4474558738,"Specialist, Governance Enablement",IAG,posted,2026-10-06T09:38:37.061692,1853
432d647a5a624925,https://nz.linkedin.com/jobs/view/senior-engineering-manager-at-halter-4474686753,Senior Engineering Manager,,scraped,2026-10-06T09:39:03.673158,
7354f4680bce5f73,https://nz.linkedin.com/jobs/view/business-development-manager-at-toll-group-4473146322,Business Development Manager,,scraped,2026-10-06T09:39:32.170955,
af5070031a0153e2,https://nz.linkedin.com/jobs/view/financial-accountant-at-livestock-improvement-corporation-lic-4474605923,Financial Accountant,,scraped,2026-10-06T09:39:40.387010,
cfe9c00923d1add4,https://nz.linkedin.com/jobs/view/senior-product-designer-at-idexx-4476146268,Senior Product Designer,IDEXX,failed|wp_post_failed,2026-10-06T09:42:06.953962,
cdff81467905c088,https://nz.linkedin.com/jobs/view/payroll-partner-at-fletcher-building-4474668477,Payroll Partner,,scraped,2026-10-06T09:42:11.569699,
5822e02dfc132448,https://nz.linkedin.com/jobs/view/solutions-engineer-at-flexitime-4475869563,Solutions Engineer,,scraped,2026-10-06T09:42:19.894073,
bb1bf95eb7469b9a,https://nz.linkedin.com/jobs/view/customer-support-executive-at-nielseniq-4474675001,Customer Support Executive,NielsenIQ,failed|wp_post_failed,2026-10-06T09:43:59.957765,
0f4afb4d338bbb05,https://nz.linkedin.com/jobs/view/senior-project-manager-data-at-zephyr-it-4476125625,Senior Project Manager Data,,scraped,2026-10-06T09:44:08.594500,
12bde9fec9052616,https://nz.linkedin.com/jobs/view/assistant-curator-contemporary-art-and-collections-at-museums-aotearoa-4474250393,Assistant Curator Contemporary Art and Collections,,scraped,2026-10-06T09:44:24.826621,
436e5d797b8d17c3,https://nz.linkedin.com/jobs/view/facilities-manager-at-lt-mcguinness-ltd-4475862211,Facilities Manager,,scraped,2026-10-06T09:44:52.934698,
07f0eb8faaf4ece8,https://nz.linkedin.com/jobs/view/data-center-technician-at-microsoft-4475565840,Data Center Technician,Microsoft,failed|wp_post_failed,2026-10-06T09:47:14.092768,
4361ece5135652d7,https://nz.linkedin.com/jobs/view/service-coordinator-at-argus-fire-systems-service-limited-4476134395,Service Coordinator,,scraped,2026-10-06T09:47:18.849306,
260202840ad590f5,https://nz.linkedin.com/jobs/view/senior-integration-developer-at-auckland-council-4474659153,Senior Integration Developer,,scraped,2026-10-06T09:47:25.687183,
7a25d6338c91a3b4,https://nz.linkedin.com/jobs/view/physiotherapist-concussion-at-habit-health-4474219889,Physiotherapist (Concussion),,scraped,2026-10-06T09:48:55.794840,
02ca0a83227bcf9b,https://nz.linkedin.com/jobs/view/finance-business-partner-nz-at-acclime-4474261234,"Finance Business Partner, NZ",,scraped,2026-10-06T09:49:09.539724,
53b8b1c84e4332f6,https://nz.linkedin.com/jobs/view/team-leader-health-nursing-at-healthcare-academy-of-new-zealand-4471777797,Team Leader - Health & Nursing,Healthcare Academy of New Zealand,failed|wp_post_failed,2026-10-06T09:51:36.157831,
778c8cac28c65a42,https://nz.linkedin.com/jobs/view/bar-waiting-staff-at-metropolitan-pub-company-4474635344,Bar & Waiting Staff,,scraped,2026-10-06T09:51:54.810638,
b66a4e31113749ce,https://nz.linkedin.com/jobs/view/engagement-director-at-clearpoint-4473920498,Engagement Director,,scraped,2026-10-06T09:52:01.129161,
9317abccb7c1e9ef,https://nz.linkedin.com/jobs/view/sales-manager-at-cloudbeds-4464464221,Sales Manager,Cloudbeds,failed|wp_post_failed,2026-10-06T09:54:25.377504,
2587bb709bc093e0,https://nz.linkedin.com/jobs/view/national-health-safety-specialist-at-service-foods-4473115959,National Health & Safety Specialist,,scraped,2026-10-06T09:54:34.012908,
616af74fd034300c,https://nz.linkedin.com/jobs/view/human-resources-specialist-at-global-wave-group-4475511702,Human Resources Specialist,Global Wave Group,failed|wp_post_failed,2026-10-06T09:57:00.508354,
5ed92e08aa571fcb,https://nz.linkedin.com/jobs/view/line-mechanic-at-northpower-4475531080,Line Mechanic,,scraped,2026-10-06T09:57:05.076997,
a9099a6c5c626a60,https://nz.linkedin.com/jobs/view/trusts-estates-manager-at-carson-fox-legal-4475833997,Trusts & Estates Manager,,scraped,2026-10-06T09:57:14.157318,
bb89428c6956af79,https://nz.linkedin.com/jobs/view/senior-ai-engineer-at-k%C4%81inga-ora-homes-and-communities-4474032413,Senior AI Engineer,,scraped,2026-10-06T09:57:25.010167,
5a2edc91b1b76318,https://nz.linkedin.com/jobs/view/project-engineer-at-besix-watpac-4472874522,Project Engineer,,scraped,2026-10-06T09:57:33.315725,
29d1e64a82b44994,https://nz.linkedin.com/jobs/view/group-coordinator-at-reserve-bank-of-new-zealand-4473683647,Group Coordinator,Reserve Bank of New Zealand,failed|wp_post_failed,2026-10-06T09:59:42.216919,
65e01c6f03270c81,https://nz.linkedin.com/jobs/view/chief-advisor-to-the-chief-executive-at-stats-nz-4474038039,Chief Advisor to the Chief Executive,,scraped,2026-10-06T09:59:44.742787,
076769b400869cdb,https://nz.linkedin.com/jobs/view/technology-resilience-manager-at-acc-new-zealand-4474233313,Technology Resilience Manager,,scraped,2026-10-06T09:59:53.539368,
f7d6c67f422416cb,https://nz.linkedin.com/jobs/view/senior-quantity-surveyor-at-allrecruits-4476155338,Senior Quantity Surveyor,,scraped,2026-10-06T10:00:04.177499,
cad6a60ed9f77f46,https://nz.linkedin.com/jobs/view/senior-surveyor-at-downer-4475501919,Senior Surveyor,,scraped,2026-10-06T10:00:11.474216,
d81b7f2cc14a66a2,https://nz.linkedin.com/jobs/view/office-manager-akl-at-tsa-riley-4475889373,Office Manager | AKL,TSA Riley,failed|wp_post_failed,2026-10-06T10:02:42.469839,
f97dc00a48f9486b,https://nz.linkedin.com/jobs/view/data-intelligence-engineer-at-mbm-4474671164,Data & Intelligence Engineer,,scraped,2026-10-06T10:02:53.071762,
163d66b475d81141,https://nz.linkedin.com/jobs/view/electrical-service-manager-at-persol-4474032071,Electrical Service Manager,,scraped,2026-10-06T10:03:03.733121,
0ff300d8ea7cf0b5,https://nz.linkedin.com/jobs/view/test-lead-at-hcltech-australia-and-new-zealand-4474021493,Test Lead,,scraped,2026-10-06T10:03:11.668454,
3243873c7fa874a8,https://nz.linkedin.com/jobs/view/business-development-representative-bdr-at-centrapay-4473963853,Business Development Representative (BDR),,scraped,2026-10-06T10:03:24.608448,
62e242eb14c7e2f0,https://nz.linkedin.com/jobs/view/senior-project-controller-at-fulton-hogan-4474231309,Senior Project Controller,,scraped,2026-10-06T10:03:33.054336,
909bab7626d42960,https://nz.linkedin.com/jobs/view/department-manager-nelson-nz-at-bunnings-4476136422,Department Manager - Nelson NZ,Bunnings,failed|wp_post_failed,2026-10-06T10:05:59.064030,
1b53f1c0003bf868,https://nz.linkedin.com/jobs/view/physiotherapist-at-habit-health-4474650861,Physiotherapist,,scraped,2026-10-06T10:06:05.728028,
2457e808642d0003,https://nz.linkedin.com/jobs/view/lead-clinical-or-counseling-psychologist-at-acorn-neurodiversity-4476150470,Lead Clinical or Counseling Psychologist,,scraped,2026-10-06T10:06:15.314976,
cbe3891be80d6232,https://nz.linkedin.com/jobs/view/structural-engineer-at-babbage-consultants-limited-4474239268,Structural Engineer,,scraped,2026-10-06T10:06:28.149981,
4d7cb5197cb1a9a3,https://nz.linkedin.com/jobs/view/financial-controller-at-mitek-new-zealand-asia-pacific-region-4475896252,Financial Controller,,scraped,2026-10-06T10:06:48.656452,
fa41599d19da9650,https://nz.linkedin.com/jobs/view/business-development-manager-auckland-at-asb-bank-4461894029,Business Development Manager - Auckland,,scraped,2026-10-06T10:07:01.836416,
f0bf24d30ff7bbcf,https://nz.linkedin.com/jobs/view/associate-buyer-opportunities-apparel-at-the-warehouse-group-4475518499,Associate Buyer Opportunities - Apparel,,scraped,2026-10-06T10:07:18.829160,
64bd06d65d6d633a,https://nz.linkedin.com/jobs/view/consultant-technical-lead-full-stack-at-theta-nz-4476134067,Consultant Technical Lead - Full Stack,,scraped,2026-10-06T10:07:25.568659,
515746a3e3d391bb,https://nz.linkedin.com/jobs/view/replenishment-operations-specialist-at-woolworths-group-4475553917,Replenishment Operations Specialist,,scraped,2026-10-06T10:07:39.952737,
1641f0a69971f2cb,https://nz.linkedin.com/jobs/view/replenishment-operations-specialist-at-woolworths-group-4475888650,Replenishment Operations Specialist,,scraped,2026-10-06T10:07:56.777092,
1ced26fa33723b64,https://nz.linkedin.com/jobs/view/major-fill-operations-specialist-at-woolworths-group-4475896454,Major Fill Operations Specialist,,scraped,2026-10-06T10:08:05.330542,
ef0ea2f1741f7d5d,https://nz.linkedin.com/jobs/view/customs-manager-nz-at-toll-group-4473606502,Customs Manager NZ,,scraped,2026-10-06T10:09:00.229827,
f832cb91f2d46dea,https://nz.linkedin.com/jobs/view/health-safety-environment-manager-at-mccain-foods-4476112875,"Health, Safety & Environment Manager",,scraped,2026-10-06T10:09:06.960874,
a42136e018b5160a,https://nz.linkedin.com/jobs/view/graduate-account-executive-at-3rdeye-recruitment-and-talent-management-agency-4474638056,Graduate Account Executive,,scraped,2026-10-06T10:09:13.752757,
f56fa34f90ab50c8,https://nz.linkedin.com/jobs/view/psychology-science-teacher-at-acg-schools-4476132223,Psychology/Science Teacher,,scraped,2026-10-06T10:09:24.411078,
e56b272e778b1e2e,https://nz.linkedin.com/jobs/view/surveyor-at-beca-4476152040,Surveyor,,scraped,2026-10-06T10:09:35.156058,
4141efb2860ec8d4,https://nz.linkedin.com/jobs/view/enterprise-business-rules-specialist-at-acc-new-zealand-4474666123,Enterprise Business Rules Specialist,,scraped,2026-10-06T10:09:50.611536,
c81eeb237f15682d,https://nz.linkedin.com/jobs/view/electronics-engineer-at-gallagher-4474669594,Electronics Engineer,,scraped,2026-10-06T10:10:02.901110,
b96eaed1c0d048cf,https://nz.linkedin.com/jobs/view/front-office-manager-at-novotel-hotels-4474641982,Front Office Manager,,scraped,2026-10-06T10:10:16.046726,
a5b63f8147146b16,https://nz.linkedin.com/jobs/view/associate-principal-at-redpath-partners-4474222933,Associate Principal,,scraped,2026-10-06T10:10:25.927836,
f960b0c829fa0cfe,https://nz.linkedin.com/jobs/view/principal-pega-system-architect-at-bank-of-new-zealand-4473164971,Principal Pega System Architect,,scraped,2026-10-06T10:10:33.073472,
c35ea452597ba34f,https://nz.linkedin.com/jobs/view/kitchen-team-member-at-dome-cafe-group-4474240577,Kitchen Team Member,,scraped,2026-10-06T10:10:39.794774,
9a6db077c063b6fc,https://nz.linkedin.com/jobs/view/on-site-tech-solutions-specialist-gisborne-at-the-warehouse-group-4475898955,On Site Tech Solutions Specialist Gisborne,,scraped,2026-10-06T10:10:47.068801,
a5296ab93e03331a,https://nz.linkedin.com/jobs/view/renewable-energy-analyst-graduate-at-renewable-careers-4475842970,Renewable Energy Analyst (Graduate),,scraped,2026-10-06T10:11:13.763320,
b7e41a68749f7c66,https://nz.linkedin.com/jobs/view/food-beverage-attendant-at-realnz-4474040032,Food & Beverage Attendant,,scraped,2026-10-06T10:11:26.050071,
726e6c1bbb1c5dae,https://nz.linkedin.com/jobs/view/sales-manager-at-new-zealand-media-entertainment-nzme-4476123329,Sales Manager,,scraped,2026-10-06T10:11:43.653243,
be0d44e2705bbfb0,https://nz.linkedin.com/jobs/view/senior-advisor-assistant-manager-manager-enterprise-advisory-at-kpmg-new-zealand-4237080113,Senior Advisor / Assistant Manager / Manager - Enterprise Advisory,KPMG New Zealand,posted,2026-10-06T10:12:26.315517,1890
928701c84729061b,https://nz.linkedin.com/jobs/view/executive-private-adviser-at-westpac-new-zealand-4474025442,Executive Private Adviser,Westpac New Zealand,posted,2026-10-06T10:13:12.502645,1892
9d61654223fcf5c4,https://nz.linkedin.com/jobs/view/interior-designer-at-archway-recruitment-4473584490,Interior Designer,,scraped,2026-10-06T10:13:15.186088,
1ceee393c215b3b0,https://nz.linkedin.com/jobs/view/team-experience-leader-at-woolworths-group-4475883986,Team Experience Leader,,scraped,2026-10-06T10:13:22.699629,
a724d8e9367a8bd4,https://nz.linkedin.com/jobs/view/buying-manager-sports-leisure-and-outdoors-at-the-warehouse-group-4476111206,"Buying Manager - Sports, Leisure and Outdoors",,scraped,2026-10-06T10:13:29.648835,
fa6c468b2908bb7a,https://nz.linkedin.com/jobs/view/physiotherapist-at-habit-health-4474694211,Physiotherapist,,scraped,2026-10-06T10:13:36.030561,
81f93c3f88ecacc8,https://nz.linkedin.com/jobs/view/senior-legal-counsel-technology-at-pwc-new-zealand-4457040418,Senior Legal Counsel - Technology,PwC New Zealand,posted,2026-10-06T10:14:05.223723,1894
098a89b53d0c5f18,https://nz.linkedin.com/jobs/view/optometrist-wellington-at-opsm-4476596003,Optometrist - Wellington,,scraped,2026-10-07T09:26:11.215545,
9b6c05152c90c77d,https://nz.linkedin.com/jobs/view/retail-store-manager-gisborne-at-petstock-group-4476579535,Retail Store Manager | Gisborne,,scraped,2026-10-07T09:26:23.632649,
cc9920b9594c2fa5,https://nz.linkedin.com/jobs/view/optometrist-at-ocula-group-4475888963,Optometrist,OCULA GROUP,posted,2026-10-07T09:27:56.041233,1896
5b679b1313dc93a4,https://nz.linkedin.com/jobs/view/chef-de-partie-at-metropolitan-pub-company-4474637274,Chef De Partie,,scraped,2026-10-07T09:27:58.607199,
ebc5daf22cee13af,https://nz.linkedin.com/jobs/view/senior-hr-consultant-at-findex-4444797834,Senior HR Consultant,,scraped,2026-10-07T09:29:13.031057,
7ad8d4491a660289,https://nz.linkedin.com/jobs/view/recruitment-consultant-at-persol-4473687873,Recruitment Consultant,,scraped,2026-10-07T09:29:22.855812,
b12d70d749fed8da,https://nz.linkedin.com/jobs/view/process-cleaner-timaru-at-mccain-foods-4476124630,Process Cleaner - Timaru,,scraped,2026-10-07T09:29:39.896141,
58292c5503582808,https://nz.linkedin.com/jobs/view/optometrist-papanui-at-specsavers-4476540520,Optometrist - Papanui,,scraped,2026-10-07T09:29:52.495055,
ad2a7cecf39c966b,https://nz.linkedin.com/jobs/view/sales-manager-global-luxury-hotel-brand-at-searchparty-digital-ltd-4474331639,Sales Manager - Global luxury hotel brand,searchparty digital Ltd.,posted,2026-10-07T09:33:31.273309,1898
cb3e7f53db1e0b83,https://nz.linkedin.com/jobs/view/inbound-business-development-representative-sme-growth-at-airwallex-4473613807,"Inbound Business Development Representative, SME & Growth",,scraped,2026-10-07T09:33:44.038065,
589d34a92849b1e9,https://nz.linkedin.com/jobs/view/kitchen-hand-at-star-group-4474960360,Kitchen Hand,,scraped,2026-10-07T09:33:52.725880,
63e5a27ca2ef11b0,https://nz.linkedin.com/jobs/view/maintenance-technician-auckland-central-super-depot-at-nz-post-4472500340,Maintenance Technician - Auckland Central Super Depot,,scraped,2026-10-07T09:36:09.026704,
f475e8f9a5b34680,https://nz.linkedin.com/jobs/view/occupational-therapist-at-habit-health-4473628175,Occupational Therapist,,scraped,2026-10-07T09:36:16.203893,
1e0771712cad610d,https://nz.linkedin.com/jobs/view/marketing-manager-at-betway-global-4476158824,Marketing Manager,,scraped,2026-10-07T09:36:48.538545,
41114ab375f15130,https://nz.linkedin.com/jobs/view/national-sales-manager-new-zealand-pacific-islands-at-six-degrees-executive-4476398445,National Sales Manager - New Zealand & Pacific Islands,,scraped,2026-10-07T09:38:05.788477,
b7aeaa22fedf7f91,https://nz.linkedin.com/jobs/view/branch-manager-at-plumbing-world-4476113287,Branch Manager,,scraped,2026-10-07T09:38:16.587205,
e5e7b03195f4e090,https://nz.linkedin.com/jobs/view/intermediate-auditor-at-bdo-in-new-zealand-4474946568,Intermediate Auditor,,scraped,2026-10-07T09:39:43.893845,
9125c4a4e111747c,https://nz.linkedin.com/jobs/view/customer-service-desk-mitre-10-mega-wanaka-at-mitre-10-new-zealand-limited-4474445173,Customer Service Desk - Mitre 10 Mega Wanaka,Mitre 10 (New Zealand) Limited,posted,2026-10-07T09:40:13.718855,1900
b14ee7ff3a2c98f1,https://nz.linkedin.com/jobs/view/mobile-patrol-officer-west-auckland-at-red-badge-group-4474964193,Mobile Patrol Officer - West Auckland,,scraped,2026-10-07T09:40:20.411048,
604bbbc70392c596,https://nz.linkedin.com/jobs/view/senior-cybersecurity-architect-at-defend-4475149821,Senior Cybersecurity Architect,,scraped,2026-10-07T09:41:56.599067,
ba0b7df17f858fb3,https://nz.linkedin.com/jobs/view/skechers-sales-assistant-chartwell-at-skechers-australia-new-zealand-4475125595,Skechers Sales Assistant - Chartwell,,scraped,2026-10-07T09:42:07.235069,
9c89004a33730131,https://nz.linkedin.com/jobs/view/sales-consultant-noel-leeming-botany-downs-at-noel-leeming-4475186131,"Sales Consultant - Noel Leeming, Botany Downs",Noel Leeming,posted,2026-10-07T09:43:43.442836,1902
3fa74bdc4922013b,https://nz.linkedin.com/jobs/view/junior-design-engineer-at-tait-communications-4475517205,Junior Design Engineer,,scraped,2026-10-07T09:44:00.230237,
871b718c671152c5,https://nz.linkedin.com/jobs/view/product-manager-open-banking-at-anz-4474144624,Product Manager- Open Banking,,scraped,2026-10-07T09:44:32.904270,
c180c871a30222ba,https://nz.linkedin.com/jobs/view/availability-operations-specialist-at-woolworths-group-4476179319,Availability Operations Specialist,,scraped,2026-10-07T09:44:41.763235,
04b7aec2be5e4eed,https://nz.linkedin.com/jobs/view/senior-accountant-at-findex-4476391502,Senior Accountant,,scraped,2026-10-07T09:45:52.307206,
30ef024f6d42425e,https://nz.linkedin.com/jobs/view/group-accounting-lead-at-foodstuffs-north-island-limited-4475152217,Group Accounting Lead,,scraped,2026-10-07T09:46:02.253796,
563226818993c105,https://nz.linkedin.com/jobs/view/structural-engineer-at-archway-recruitment-4476107996,Structural Engineer,,scraped,2026-10-07T09:46:09.057674,
dd315bf5a0c02e7a,https://nz.linkedin.com/jobs/view/portfolio-manager-owned-assets-at-new-zealand-ministry-of-foreign-affairs-trade-4476396359,Portfolio Manager - Owned Assets,,scraped,2026-10-07T09:46:24.700811,
08589e69dbfc11a1,https://nz.linkedin.com/jobs/view/customer-service-support-representative-at-hamilton-city-council-4474230176,Customer Service Support Representative,Hamilton City Council,posted,2026-10-07T09:48:08.443173,1904
a6484921078d8228,https://nz.linkedin.com/jobs/view/human-resources-advisor-at-hilton-4475538182,Human Resources Advisor,Hilton,posted,2026-10-07T09:48:20.443693,1906
2cf8d07653307cb5,https://nz.linkedin.com/jobs/view/duty-manager-at-star-group-4472304276,Duty Manager,,scraped,2026-10-07T09:48:29.068299,
94656e17e602532f,https://nz.linkedin.com/jobs/view/account-manager-at-omnicom-media-4474640060,Account Manager,Omnicom Media,posted,2026-10-07T09:48:39.984370,156
3200700d06006d16,https://nz.linkedin.com/jobs/view/copy-centre-specialist-warehouse-stationery-lyall-bay-at-the-warehouse-4476154232,"Copy Centre Specialist - Warehouse Stationery, Lyall Bay",,scraped,2026-10-07T09:48:42.538763,
120bae8fdfdc08f0,https://nz.linkedin.com/jobs/view/head-of-commercial-merchandise-at-foodstuffs-south-island-4474420670,Head of Commercial - Merchandise,,scraped,2026-10-07T09:49:57.056523,
71602fc5c771449a,https://nz.linkedin.com/jobs/view/financial-analyst-at-summerset-retirement-villages-4475883984,Financial Analyst,,scraped,2026-10-07T09:50:12.124288,
3fccd4eeabc914df,https://nz.linkedin.com/jobs/view/structural-engineer-at-archway-recruitment-4475191331,Structural Engineer,,scraped,2026-10-07T09:50:36.689931,
55165840ec3a31ee,https://nz.linkedin.com/jobs/view/lead-pega-system-architect-at-sg-it-consultancy-services-pvt-ltd-4475169826,Lead Pega System Architect,SG It Consultancy & Services Pvt. Ltd.,posted,2026-10-07T09:52:03.890447,1908
888c401049f7d98e,https://nz.linkedin.com/jobs/view/cybercx-consultant-application-security-at-cybercx-4474670366,"CyberCX - Consultant, Application Security",CyberCX,posted,2026-10-07T09:52:28.831125,1910
74e61b3b2a3894ee,https://nz.linkedin.com/jobs/view/gm-brand-marketing-at-realnz-4472928520,GM Brand & Marketing,,scraped,2026-10-07T09:52:45.554206,
14c46b9d5b90e084,https://nz.linkedin.com/jobs/view/lead-experience-designer-at-mccann-new-zealand-4475118459,Lead Experience Designer,McCANN New Zealand,posted,2026-10-07T09:54:04.289329,351
6c3c919a5177a720,https://nz.linkedin.com/jobs/view/site-reliability-engineer-at-tribe-group-4475501980,Site Reliability Engineer,,scraped,2026-10-07T09:54:16.899845,
7d763da29cc4c466,https://nz.linkedin.com/jobs/view/master-data-systems-specialist-at-the-warehouse-group-4474557464,Master Data & Systems Specialist,,scraped,2026-10-07T09:54:37.448417,
1b9368ac18582620,https://nz.linkedin.com/jobs/view/flooring-installer-4476523680,Flooring Installer,Hills commercial floors,posted,2026-10-07T09:55:13.452658,1912
156ecead1ff4ff14,https://nz.linkedin.com/jobs/view/product-engineer-ai-native-at-jobgether-4476587293,Product Engineer (AI-Native),,scraped,2026-10-07T09:55:26.017044,
a0ba647202d275ee,https://nz.linkedin.com/jobs/view/commercial-account-executive-at-salesforce-4475174804,Commercial Account Executive,Salesforce,posted,2026-10-07T09:55:52.722622,1914
25f7224fb16f6180,https://nz.linkedin.com/jobs/view/senior-payroll-partner-at-fletcher-building-4474661792,Senior Payroll Partner,,scraped,2026-10-07T09:56:05.388580,
5dc53dbadeb6e212,https://nz.linkedin.com/jobs/view/service-officer-christchurch-at-aa-new-zealand-4474419834,Service Officer - Christchurch,,scraped,2026-10-07T09:56:17.838677,
9dd52e4ff72236c0,https://nz.linkedin.com/jobs/view/chief-advisor-to-the-chief-executive-at-stats-nz-4474036049,Chief Advisor to the Chief Executive,,scraped,2026-10-07T09:57:32.529082,
6d3c930cd83c06b4,https://nz.linkedin.com/jobs/view/data-product-owner-at-asb-bank-4473689900,Data Product Owner,,scraped,2026-10-07T09:57:55.455723,
20f96158ebe224f4,https://nz.linkedin.com/jobs/view/avaloq-consultant-at-innovatz-global-4475147970,Avaloq Consultant,,scraped,2026-10-07T09:58:05.339075,
0290cf9cfc402d1b,https://nz.linkedin.com/jobs/view/senior-project-manager-at-craigs-investment-partners-4476536537,Senior Project Manager,,scraped,2026-10-07T09:58:17.815004,
b922cdc880d2aed7,https://nz.linkedin.com/jobs/view/principal-planning-engineer-water-treatment-at-watercare-services-limited-4475153910,Principal Planning Engineer - Water Treatment,,scraped,2026-10-07T09:59:38.865516,
2072b445073da87d,https://nz.linkedin.com/jobs/view/tauranga-museum-learning-lead-at-tauranga-city-council-4476517794,Tauranga Museum - Learning Lead,,scraped,2026-10-07T09:59:47.431351,
579cc20004b7fc1b,https://nz.linkedin.com/jobs/view/schedule-coordinator-taranaki-at-ihc-new-zealand-4475134485,Schedule Coordinator - Taranaki,,scraped,2026-10-07T09:59:57.364563,
0b260c0151d59be5,https://nz.linkedin.com/jobs/view/surfacing-worker-at-downer-4475507983,Surfacing Worker,,scraped,2026-10-07T10:00:05.782471,
d36e6e611a99736d,https://nz.linkedin.com/jobs/view/technical-lead-at-meridian-energy-4474645554,Technical Lead,,scraped,2026-10-07T10:01:16.811150,
c2738edca9e918ad,https://nz.linkedin.com/jobs/view/erp-consultant-accounting-and-business-systems-at-absolute-it-4476539283,ERP Consultant - Accounting and Business Systems,,scraped,2026-10-07T10:02:30.610982,
0b31f7608b88be8a,https://nz.linkedin.com/jobs/view/technical-lead-platform-engineering-at-auckland-council-4474663049,Technical Lead Platform Engineering,Auckland Council,posted,2026-10-07T10:03:54.775387,1916
290895fdb9906c11,https://nz.linkedin.com/jobs/view/senior-recruitment-consultant-at-ochre-recruitment-4472880318,Senior Recruitment Consultant,Ochre Recruitment,posted,2026-10-07T10:04:13.351894,1918
c8f064e3bfa7bd75,https://nz.linkedin.com/jobs/view/laboratory-analyst-at-eurofins-4475153873,Laboratory Analyst,,scraped,2026-10-07T10:04:18.081438,
15fb5b7416721157,https://nz.linkedin.com/jobs/view/growth-and-demand-generation-manager-ai-saas-at-joyous-4476541209,Growth and Demand Generation Manager - AI SaaS,,scraped,2026-10-07T10:04:28.897002,
fd069e34d0c1423a,https://nz.linkedin.com/jobs/view/senior-clinical-psychologist-at-habit-health-4474028828,Senior Clinical Psychologist,,scraped,2026-10-07T10:04:35.361159,
e8f46ac8039bd25d,https://nz.linkedin.com/jobs/view/class-4-5-driver-plant-operator-at-hw-richardson-group-4476300289,Class 4/5 Driver/Plant Operator,,scraped,2026-10-07T10:04:55.127818,
443e6606d9d48b70,https://nz.linkedin.com/jobs/view/senior-site-reliability-engineer-at-eroad-4474032812,Senior Site Reliability Engineer,,scraped,2026-10-07T10:05:08.256381,
8d1112f3cd7e02ad,https://nz.linkedin.com/jobs/view/court-registry-support-officer-at-ministry-of-justice-new-zealand-4476378910,Court Registry Support Officer,,scraped,2026-10-07T10:05:22.508275,
b431346a1011fee1,https://nz.linkedin.com/jobs/view/banking-specialist-whakatane-at-kiwibank-4475149118,"Banking Specialist, Whakatane",Kiwibank,posted,2026-10-07T10:06:22.788975,1920
3b8f1705e591a555,https://nz.linkedin.com/jobs/view/senior-security-operations-analyst-at-xero-4476588282,Senior Security Operations Analyst,,scraped,2026-10-07T10:06:39.348074,
4ee22cd21fed8be1,https://nz.linkedin.com/jobs/view/personal-business-manager-at-anz-4476553005,Personal Business Manager,,scraped,2026-10-07T10:06:46.065880,
bb2293e9637ac4a7,https://nz.linkedin.com/jobs/view/water-services-operator-at-alliance-group-limited-4475896595,Water Services Operator,,scraped,2026-10-07T10:06:58.705231,
29579c0dee0467ce,https://nz.linkedin.com/jobs/view/team-leader-financial-accounting-at-archway-recruitment-4475544301,Team Leader - Financial Accounting,,scraped,2026-10-07T10:08:10.914183,
c562d2fabeae1e82,https://nz.linkedin.com/jobs/view/trade-orders-team-member-mitre-10-mega-hornby-at-mitre-10-new-zealand-limited-4473476586,Trade Orders Team Member - Mitre 10 MEGA Hornby,Mitre 10 (New Zealand) Limited,posted,2026-10-07T10:08:33.323356,1922
c2ef157678edb882,https://nz.linkedin.com/jobs/view/lim-and-property-file-officer-permanent-and-fixed-term-roles-available-at-tauranga-city-council-4476142178,LIM and Property File Officer - Permanent and Fixed Term roles available,,scraped,2026-10-07T10:08:41.871690,
684cb9eab151add6,https://nz.linkedin.com/jobs/view/corporate-concierge-at-canon-business-services-anz-4472695220,Corporate Concierge,Canon Business Services ANZ,posted,2026-10-07T10:09:14.159922,1924
54990512fe2c15dd,https://nz.linkedin.com/jobs/view/gis-technical-lead-at-environment-canterbury-4476559048,GIS Technical Lead,,scraped,2026-10-07T10:09:16.913529,
dc26a0e129f403de,https://nz.linkedin.com/jobs/view/technical-consultant-dynamics-365-customer-engagement-at-fusion5-4476515490,Technical Consultant - Dynamics 365 Customer Engagement,,scraped,2026-10-07T10:09:24.548475,
b1422bef45bd2f0b,https://nz.linkedin.com/jobs/view/office-manager-akl-at-tsa-riley-4475181281,Office Manager | AKL,TSA Riley,posted,2026-10-07T10:12:55.370308,1882
7faed7ed9a18be85,https://nz.linkedin.com/jobs/view/customer-service-representative-hcb-nelson-at-bapcor-limited-4475522197,Customer Service Representative - HCB Nelson,,scraped,2026-10-07T10:13:08.038021,
2e1899746453ec91,https://nz.linkedin.com/jobs/view/commercial-finance-analyst-at-gallagher-4474680346,Commercial Finance Analyst,,scraped,2026-10-07T10:13:21.217835,
7ca3fdcc514f3983,https://nz.linkedin.com/jobs/view/senior-manager-engineering-at-mb-century-ltd-4474283235,Senior Manager - Engineering,,scraped,2026-10-07T10:13:28.333529,
05377feff2402c96,https://nz.linkedin.com/jobs/view/stms-at-higgins-4475172724,STMS,,scraped,2026-10-07T10:13:34.778939,
837e929d35198a13,https://nz.linkedin.com/jobs/view/kitchen-lead-experienced-caf%C3%A9-cook-at-blind-basket-4476100702,Kitchen Lead / Experienced Café Cook,Blind Basket,posted,2026-10-07T10:16:03.252040,1926
a20d2afbec47a69a,https://nz.linkedin.com/jobs/view/senior-facade-engineer-at-mott-macdonald-4472183035,Senior Facade Engineer,,scraped,2026-10-07T10:16:21.835526,
7aff87ef9b728591,https://nz.linkedin.com/jobs/view/associate-director-director-digital-project-manager-at-kpmg-new-zealand-4466177187,Associate Director/Director - Digital Project Manager,KPMG New Zealand,posted,2026-10-07T10:16:37.958449,1928
9d4fc8c3939ff087,https://nz.linkedin.com/jobs/view/technical-consultant-dynamics-365-customer-engagement-at-fusion5-4476526055,Technical Consultant - Dynamics 365 Customer Engagement,,scraped,2026-10-07T10:16:40.589494,
51cb67a7fe587a9d,https://nz.linkedin.com/jobs/view/chef-at-summerset-retirement-villages-4476538990,Chef,,scraped,2026-10-07T10:17:53.786369,
ad05eb2849441224,https://nz.linkedin.com/jobs/view/global-product-strategy-manager-specialty-ingredients-at-fonterra-4476392406,Global Product Strategy Manager - Specialty Ingredients,,scraped,2026-10-07T10:20:09.591998,
2e6409a9127a2609,https://nz.linkedin.com/jobs/view/village-lifestyle-coordinator-at-ryman-healthcare-4474412687,Village Lifestyle Coordinator,,scraped,2026-10-07T10:21:24.212072,
8eb2d3e7c6a3ebf4,https://nz.linkedin.com/jobs/view/principal-advisor-at-ministry-of-health-new-zealand-4475134631,Principal Advisor,,scraped,2026-10-07T10:21:32.258845,
3223b58a2b2e3b6f,https://nz.linkedin.com/jobs/view/sales-and-underwriting-consultant-at-suncorp-group-4473499795,Sales and Underwriting Consultant,,scraped,2026-10-07T10:21:38.871366,
35e8755ce3174fc6,https://nz.linkedin.com/jobs/view/corporate-receptionist-at-jarden-4474647382,Corporate Receptionist,,scraped,2026-10-07T10:21:45.905997,
104e4c6043d97c09,https://nz.linkedin.com/jobs/view/development-manager-at-auckland-council-4473983847,Development Manager,,scraped,2026-10-07T10:21:52.399977,
7f074b40db38579a,https://nz.linkedin.com/jobs/view/support-specialist-platform-at-vista-group-4476150593,Support Specialist - Platform,,scraped,2026-10-07T10:22:05.002882,
2fe329e768373fc7,https://nz.linkedin.com/jobs/view/duty-manager-hamilton-pools-at-hamilton-city-council-4475104935,Duty Manager - Hamilton Pools,Hamilton City Council,posted,2026-10-07T10:22:35.436770,1930
2f96ab3c75c6e82f,https://nz.linkedin.com/jobs/view/senior-network-security-engineer-at-defend-4476157859,Senior Network Security Engineer,,scraped,2026-10-07T10:22:38.109505,
edeee5dd0518951f,https://nz.linkedin.com/jobs/view/senior-advisor-employment-relations-at-acc-new-zealand-4474238239,Senior Advisor (Employment Relations),,scraped,2026-10-07T10:22:46.674145,
335b834d35053f67,https://nz.linkedin.com/jobs/view/commercial-client-manager-at-aon-4476508370,Commercial Client Manager,,scraped,2026-10-07T10:24:03.731600,
5a2ba058a0910a02,https://nz.linkedin.com/jobs/view/crm-manager-rodd-gunn-global-at-rodd-gunn-4474563990,CRM Manager - RODD & GUNN Global,Rodd &amp; Gunn,posted,2026-10-07T10:26:28.602803,1932
03a0d4b2030206cf,https://nz.linkedin.com/jobs/view/senior-advisor-regulatory-practice-at-nz-transport-agency-waka-kotahi-4474692139,Senior Advisor Regulatory Practice,NZ Transport Agency Waka Kotahi,posted,2026-10-07T10:26:41.386670,1934
6eed1465a535d7c2,https://nz.linkedin.com/jobs/view/branch-manager-at-penske-australia-new-zealand-4474028012,Branch Manager,,scraped,2026-10-07T10:26:43.986904,
baf2955423a5d5e9,https://nz.linkedin.com/jobs/view/hand-therapist-at-tbi-health-group-new-zealand-4473102115,Hand Therapist,,scraped,2026-10-07T10:26:56.087153,
269d4d932d74c95d,https://nz.linkedin.com/jobs/view/clinical-research-associate-ii-iii-nz-at-novotech-4475161362,Clinical Research Associate II / III - NZ,,scraped,2026-10-07T10:27:06.322588,
9e5baf785e649818,https://nz.linkedin.com/jobs/view/maintenance-fitter-at-rx-plastics-ltd-4451116616,Maintenance Fitter,,scraped,2026-10-07T10:28:18.748106,
19844a830e551f60,https://nz.linkedin.com/jobs/view/expression-of-interest-stock-picker-man-up-at-persol-4472696010,Expression of Interest - Stock Picker/Man Up,,scraped,2026-10-07T10:29:30.500780,
ffeccd2799f5262d,https://nz.linkedin.com/jobs/view/banking-adviser-at-westpac-new-zealand-4473604239,Banking Adviser,Westpac New Zealand,posted,2026-10-07T10:31:16.528857,1936
8db5ddce7098bed9,https://nz.linkedin.com/jobs/view/employment-consultant-at-habit-health-4474032723,Employment Consultant,,scraped,2026-10-07T10:31:19.184465,
1acc3719457f07d4,https://nz.linkedin.com/jobs/view/court-registry-support-officer-at-public-defence-service-new-zealand-4476562222,Court Registry Support Officer,,scraped,2026-10-07T10:31:27.348625,
a2db38a7aab6a4de,https://nz.linkedin.com/jobs/view/senior-manager-director-digital-consultant-technology-procurement-at-kpmg-new-zealand-4324391762,Senior Manager - Director - Digital Consultant - Technology Procurement,KPMG New Zealand,posted,2026-10-07T10:31:56.477849,1938
17d9b0e0be050dd0,https://nz.linkedin.com/jobs/view/team-lead-asset-service-and-planning-at-tiaki-wai-4474108875,Team Lead Asset Service and Planning,Tiaki Wai,posted,2026-10-07T10:32:07.205404,1940
ea55df7749e1dc01,https://nz.linkedin.com/jobs/view/director-of-sales-at-pullman-hotels-resorts-4475433719,Director of Sales,,scraped,2026-10-08T09:36:35.579281,
259619c285a4185d,https://nz.linkedin.com/jobs/view/financial-accountant-at-xero-4474667278,Financial Accountant,,scraped,2026-10-08T09:36:50.203591,
7a0597f458ef109c,https://nz.linkedin.com/jobs/view/chef-de-partie-at-metropolitan-pub-company-4474630627,Chef De Partie,,scraped,2026-10-08T09:36:56.531270,
f96a5be9cb82a62e,https://nz.linkedin.com/jobs/view/store-leader-at-travelex-4468399660,Store Leader,,scraped,2026-10-08T09:37:02.720165,
d300636ec5bfcc95,https://nz.linkedin.com/jobs/view/traffic-management-operative-at-higgins-4475168890,Traffic Management Operative,,scraped,2026-10-08T09:37:21.816448,
17f0e2a30dc8101d,https://nz.linkedin.com/jobs/view/full-stack-software-engineer-at-xe-com-4475391376,Full Stack Software Engineer,,scraped,2026-10-08T09:37:48.625832,
e46b9f9fa3ba2ea6,https://nz.linkedin.com/jobs/view/account-executive-new-zealand-remote-at-employment-hero-4476980826,Account Executive - New Zealand   - Remote,,scraped,2026-10-08T09:37:55.367204,
9b6789bb41ac6fca,https://nz.linkedin.com/jobs/view/sous-chef-at-ibis-4476994699,Sous Chef,IBIS,posted,2026-10-08T09:38:24.320212,561
d6fe1f22584f992c,https://nz.linkedin.com/jobs/view/employment-consultant-at-habit-health-4474217883,Employment Consultant,,scraped,2026-10-08T09:38:35.028428,
f69ddbd6346119ed,https://nz.linkedin.com/jobs/view/chef-de-partie-at-star-group-4475433654,Chef de Partie,,scraped,2026-10-08T09:38:42.848441,
73b89549fd465375,https://nz.linkedin.com/jobs/view/kitchen-hand-full-time-twizel-at-distinction-hotel-group-4474004136,Kitchen Hand Full Time - Twizel,,scraped,2026-10-08T09:38:57.402832,
f20daf1605ec2707,https://nz.linkedin.com/jobs/view/sales-consultant-noel-leeming-dunedin-city-at-noel-leeming-4475171760,"Sales Consultant - Noel Leeming, Dunedin City",Noel Leeming,posted,2026-10-08T09:39:25.069535,306
c0fffc2f2a6a6895,https://nz.linkedin.com/jobs/view/commercial-dispute-resolution-practice-leader-at-legalvision-4474235448,Commercial Dispute Resolution Practice Leader,LegalVision,posted,2026-10-08T09:39:35.470262,1817
819f7a0e235a0849,https://nz.linkedin.com/jobs/view/revenue-manager-at-millennium-hotels-and-resorts-new-zealand-4476951587,Revenue Manager,,scraped,2026-10-08T09:39:38.323391,
eb8f3bf122ae465e,https://nz.linkedin.com/jobs/view/facilities-coordinator-kairuruku-whare-at-stats-nz-4473634763,Facilities Coordinator | Kairuruku Whare,,scraped,2026-10-08T09:39:45.929555,
b7b446f4c52eb18c,https://nz.linkedin.com/jobs/view/branch-manager-at-marsh-4476555139,Branch Manager,Marsh,posted,2026-10-08T09:40:01.159643,1942
bae77ee548a191f6,https://nz.linkedin.com/jobs/view/human-resources-coordinator-at-hilton-4476133651,Human Resources Coordinator,Hilton,posted,2026-10-08T09:40:05.747976,1835
c408dfaf397bef87,https://nz.linkedin.com/jobs/view/chief-sales-officer-at-decipher-group-limited-4475721028,Chief Sales Officer,,scraped,2026-10-08T09:40:08.351189,
2964da12e7b37fa7,https://nz.linkedin.com/jobs/view/service-electrician-at-npe-tech-ltd-4472828823,Service Electrician,,scraped,2026-10-08T09:40:17.854187,
6e23c88a35b469cd,https://nz.linkedin.com/jobs/view/senior-adviser-investor-information-at-financial-markets-authority-%E2%80%93-te-mana-t%C4%81tai-hokohoko-4474235382,"Senior Adviser, Investor Information",Financial Markets Authority – Te Mana Tātai Hokohoko,posted,2026-10-08T09:40:39.028855,1944
2ca211b041565086,https://nz.linkedin.com/jobs/view/credit-collector-at-avis-budget-group-4475184683,Credit Collector,Avis Budget Group,posted,2026-10-08T09:41:02.682005,1946
60d18da6f04e8bda,https://nz.linkedin.com/jobs/view/entertainment-media-coordinator-at-jb-hi-fi-4475762754,Entertainment & Media Coordinator,,scraped,2026-10-08T09:41:15.409596,
9e948b13d44c134c,https://nz.linkedin.com/jobs/view/people-culture-manager-at-pullman-hotels-resorts-4475480662,People & Culture Manager,,scraped,2026-10-08T09:41:23.799687,
fee2c665238b824d,https://nz.linkedin.com/jobs/view/chief-engineer-at-pullman-hotels-resorts-4475438421,Chief Engineer,,scraped,2026-10-08T09:41:30.084163,
ac7bce4b05bca594,https://nz.linkedin.com/jobs/view/servicing-residential-electrician-at-persol-4474408757,Servicing & Residential Electrician,,scraped,2026-10-08T09:41:38.426666,
78e6a7b8468f26cc,https://nz.linkedin.com/jobs/view/road-maintenance-labourer-at-higgins-4475748976,Road Maintenance Labourer,,scraped,2026-10-08T09:41:53.748035,
25fc423ce87602d6,https://nz.linkedin.com/jobs/view/front-of-house-team-member-at-star-group-4472558584,Front of House Team Member,,scraped,2026-10-08T09:42:12.385248,
647298c11ddea471,https://nz.linkedin.com/jobs/view/territory-manager-dunedin-at-the-arnott-s-group-4476146269,Territory Manager - Dunedin,,scraped,2026-10-08T09:42:34.936555,
5f14acf804fa598e,https://nz.linkedin.com/jobs/view/head-of-data-at-nz-post-4474248019,Head of Data,,scraped,2026-10-08T09:42:50.229522,
b6c1ba7fdc7b6b9b,https://nz.linkedin.com/jobs/view/head-chef-at-star-group-4475428762,Head Chef,,scraped,2026-10-08T09:43:07.396850,
9a7a15b3bb7fb962,https://nz.linkedin.com/jobs/view/software-engineer-at-the-access-group-4475132335,Software Engineer,,scraped,2026-10-08T09:43:14.290364,
7d5fb11e446eaf05,https://nz.linkedin.com/jobs/view/retail-assistant-replenishment-at-woolworths-group-4474717988,Retail Assistant - Replenishment,,scraped,2026-10-08T09:43:29.770996,
c3c291063a45d808,https://nz.linkedin.com/jobs/view/rvp-and-country-head-public-sector-nz-at-salesforce-4476301261,"RVP and Country Head, Public Sector - NZ",Salesforce,posted,2026-10-08T09:43:46.987067,1948
680664ac5ae9ec91,https://nz.linkedin.com/jobs/view/executive-assistant-at-ministry-of-business-innovation-and-employment-4475752049,Executive Assistant,,scraped,2026-10-08T09:43:51.658959,
a72557136283b9ff,https://nz.linkedin.com/jobs/view/senior-software-engineer-at-tait-communications-4476380547,Senior Software Engineer,,scraped,2026-10-08T09:44:01.853570,
00baba56c03fc2b8,https://nz.linkedin.com/jobs/view/health-safety-and-wellbeing-partner-at-bluecurrent-australia-new-zealand-4475491848,"Health, Safety and Wellbeing Partner",,scraped,2026-10-08T09:44:12.161427,
65d6e68bcca498e4,https://nz.linkedin.com/jobs/view/boutique-senior-coffee-specialist-at-nestl%C3%A9-nespresso-sa-4475414722,Boutique Senior Coffee Specialist,Nestlé Nespresso SA,posted,2026-10-08T09:44:43.834889,1950
13c30cecc79437c1,https://nz.linkedin.com/jobs/view/store-person-noel-leeming-lunn-ave-at-noel-leeming-4475167946,"Store Person - Noel Leeming, Lunn Ave",Noel Leeming,posted,2026-10-08T09:45:05.163140,1952
1710ad663cb4413b,https://nz.linkedin.com/jobs/view/accounts-receivable-officer-at-bgis-4475743621,Accounts Receivable Officer,,scraped,2026-10-08T09:45:07.678690,
26ca8a527f0935a1,https://nz.linkedin.com/jobs/view/sales-specialist-4473891323,Sales Specialist,Summit Homes NZ Ltd,posted,2026-10-08T09:45:30.282232,1954
aadb9fc4cc1989ea,https://nz.linkedin.com/jobs/view/relationship-property-lawyer-at-clean-break-4476386179,Relationship Property Lawyer,,scraped,2026-10-08T09:45:33.180214,
f47de20c6550d409,https://nz.linkedin.com/jobs/view/civil-worker-at-npe-tech-ltd-4475127536,Civil Worker,,scraped,2026-10-08T09:45:51.750100,
54b01686446531f8,https://nz.linkedin.com/jobs/view/lead-clinical-psychologist-at-acorn-neurodiversity-4476958296,Lead Clinical Psychologist,,scraped,2026-10-08T09:45:58.912430,
2cbd180712f97266,https://nz.linkedin.com/jobs/view/welder-fitter-at-addiction-pet-foods-4476143789,Welder/Fitter,,scraped,2026-10-08T09:46:08.033903,
941f2c4ef0eafefa,https://nz.linkedin.com/jobs/view/solution-architect-at-datacom-4476113209,Solution Architect,Datacom,posted,2026-10-08T09:46:19.943412,1083
8620305cf1aaa052,https://nz.linkedin.com/jobs/view/rvp-and-country-head-public-sector-nz-at-salesforce-4476196517,"RVP and Country Head, Public Sector - NZ",Salesforce,posted,2026-10-08T09:46:24.625147,1948
5336d25cf8eff71d,https://nz.linkedin.com/jobs/view/fleet-driver-at-lockheed-martin-4474438555,Fleet Driver,Lockheed Martin,posted,2026-10-08T09:46:35.346916,1956
85de24b9455cb396,https://nz.linkedin.com/jobs/view/principal-senior-project-manager-oracle-at-dxc-technology-4476139432,Principal | Senior Project Manager - Oracle,DXC Technology,posted,2026-10-08T09:47:01.187295,1958
9c8c5b8df5e2aeb0,https://nz.linkedin.com/jobs/view/electrical-technician-cordis-auckland-at-langham-hospitality-group-4476950044,"Electrical Technician - Cordis, Auckland",Langham Hospitality Group,posted,2026-10-08T09:47:15.775624,1960
7c05ddfc4ec1e871,https://nz.linkedin.com/jobs/view/advice-compliance-lead-at-nz-financial-services-group-4474014142,Advice Compliance Lead,NZ Financial Services Group,posted,2026-10-08T09:47:30.982458,1962
33a3efff4be6d892,https://nz.linkedin.com/jobs/view/project-manager-property-at-archway-recruitment-4475551077,Project Manager - Property,,scraped,2026-10-08T09:47:45.646477,
211c1f4064aa4394,https://nz.linkedin.com/jobs/view/caregiver-at-summerset-retirement-villages-4476145396,Caregiver,,scraped,2026-10-08T09:47:57.458010,
1b63df8317a39433,https://nz.linkedin.com/jobs/view/senior-pcb-designer-at-gallagher-security-4474672576,Senior PCB Designer,,scraped,2026-10-08T09:48:10.092626,
a45f6057736dc2d6,https://nz.linkedin.com/jobs/view/baker-at-woolworths-group-4476549468,Baker,,scraped,2026-10-08T09:48:19.350059,
15b9f30b1f800d61,https://nz.linkedin.com/jobs/view/major-fill-operations-specialist-at-woolworths-group-4476559100,Major Fill Operations Specialist,,scraped,2026-10-08T09:48:26.318555,
d784005005251122,https://nz.linkedin.com/jobs/view/digger-foreman-x2-excavator-operator-southland-at-hw-richardson-group-4476966355,Digger Foreman x2 & Excavator Operator - Southland,,scraped,2026-10-08T09:48:32.977363,
2228626971b9bbfd,https://nz.linkedin.com/jobs/view/visual-merchandiser-newmarket-at-h-m-4476969932,Visual Merchandiser - Newmarket,H&M,posted,2026-10-08T09:49:00.181508,1964
b1b6c30ac9d12552,https://nz.linkedin.com/jobs/view/customer-service-desk-mitre-10-mega-wanaka-at-mitre-10-new-zealand-limited-4474437547,Customer Service Desk - Mitre 10 Mega Wanaka,Mitre 10 (New Zealand) Limited,posted,2026-10-08T09:49:08.189556,1900
7629b0ce537ea6a6,https://nz.linkedin.com/jobs/view/head-of-analytics-enablement-at-nz-post-4475164371,Head of Analytics Enablement,,scraped,2026-10-08T09:49:10.947167,
070a6d34ae265df2,https://nz.linkedin.com/jobs/view/programme-coordinator-at-new-zealand-customs-service-4475155686,Programme Coordinator,,scraped,2026-10-08T09:49:17.958580,
8e1e14c999f0a3b1,https://nz.linkedin.com/jobs/view/head-of-digital-experience-discovery-at-mbm-4475721124,Head of Digital Experience & Discovery,,scraped,2026-10-08T09:49:29.863567,
45bbbc1e6d3991ba,https://nz.linkedin.com/jobs/view/mechanic-field-service-at-komatsu-australia-4474034623,Mechanic - Field Service,,scraped,2026-10-08T09:49:44.227489,
6def8ffe1b63292c,https://nz.linkedin.com/jobs/view/sample-receptionist-at-eurofins-4475157747,Sample Receptionist,,scraped,2026-10-08T09:49:58.973751,
c5b0f2af3afa04f4,https://nz.linkedin.com/jobs/view/senior-physiotherapist-at-habit-health-4475777436,Senior Physiotherapist,,scraped,2026-10-08T09:50:06.292587,
a70a96f47482c937,https://nz.linkedin.com/jobs/view/cybercx-senior-consultant-strategy-risk-at-cybercx-4474668442,"CyberCX - Senior Consultant, Strategy & Risk",CyberCX,posted,2026-10-08T09:50:24.223286,1966
06bcf531367d988c,https://nz.linkedin.com/jobs/view/beauty-advisor-artist-beauty-advisor-at-the-est%C3%A9e-lauder-companies-inc-4475486853,Beauty Advisor/Artist Beauty Advisor,The Estée Lauder Companies Inc.,posted,2026-10-08T09:50:33.113826,1751
79a4faeec98b3611,https://nz.linkedin.com/jobs/view/gnc-autonomy-engineer-at-syos-aerospace-4476534938,GNC / Autonomy Engineer,,scraped,2026-10-08T09:50:35.673781,
1ec6ab14b44e9438,https://nz.linkedin.com/jobs/view/senior-workforce-planning-and-optimisation-specialist-at-air-new-zealand-4476920593,Senior Workforce Planning and Optimisation Specialist,,scraped,2026-10-08T09:50:45.752970,
399e3f18f0ebf5e8,https://nz.linkedin.com/jobs/view/renewable-energy-manager-team-leader-at-wsp-4475192682,Renewable Energy Manager / Team Leader,WSP,posted,2026-10-08T09:51:04.642982,1968
bbb5f5eaae88b1e7,https://nz.linkedin.com/jobs/view/copy-communications-lead-at-zuru-4476582423,Copy & Communications Lead,,scraped,2026-10-08T09:51:07.229824,
f42ac825e1ec78c6,https://nz.linkedin.com/jobs/view/structural-and-development-engineer-at-tauranga-city-council-4476953115,Structural and Development Engineer,,scraped,2026-10-08T09:51:14.185980,
03fff7b5f1e7713d,https://nz.linkedin.com/jobs/view/manager-performance-investment-commercial-at-ministry-for-primary-industries-mpi-4474247599,"Manager Performance, Investment & Commercial",,scraped,2026-10-08T09:51:27.705223,
e1134fda64d92258,https://nz.linkedin.com/jobs/view/business-development-manager-safety-at-milwaukee-tool-australia-new-zealand-4476392709,Business Development Manager - Safety,,scraped,2026-10-08T09:51:39.709506,
888aae1382d4285a,https://nz.linkedin.com/jobs/view/restaurant-manager-4476902684,Restaurant Manager,Restaurant ode,posted,2026-10-08T09:52:05.920710,1970
937a6905ff2c2b24,https://nz.linkedin.com/jobs/view/commercial-director-pet-at-zuru-edge-4476578572,Commercial Director - Pet,ZURU Edge,posted,2026-10-08T09:52:18.212905,1972
0deaf77ce0cd16ec,https://nz.linkedin.com/jobs/view/release-and-deployment-analyst-at-k%C4%81inga-ora-homes-and-communities-4473113389,Release and Deployment Analyst,,scraped,2026-10-08T09:52:24.905366,
a2df90fea90d6685,https://nz.linkedin.com/jobs/view/commercial-insights-and-optimisation-manager-at-foodstuffs-north-island-limited-4474658340,Commercial Insights and Optimisation Manager,,scraped,2026-10-08T09:52:45.221827,
89e5f4fd8005c707,https://nz.linkedin.com/jobs/view/new-graduate-physiotherapist-2027-at-apm-4473609580,New Graduate Physiotherapist 2027,,scraped,2026-10-08T09:52:51.729116,
c7c1f9140a423548,https://nz.linkedin.com/jobs/view/caregiver-full-time-at-heritage-lifecare-4476919257,Caregiver - Full time,,scraped,2026-10-08T09:53:03.634430,
3de9642850ea4897,https://nz.linkedin.com/jobs/view/manager-organisations-at-civil-aviation-authority-of-new-zealand-4476947277,"Manager, Organisations",,scraped,2026-10-08T09:53:12.360027,
e5ef9970fbe11554,https://nz.linkedin.com/jobs/view/general-manager-system-stewardship-and-partnership-at-ministry-of-business-innovation-and-employment-4475734766,General Manager System Stewardship and Partnership,,scraped,2026-10-08T09:53:27.925020,
fb5044f8b0debfc7,https://nz.linkedin.com/jobs/view/traffic-management-coordinator-4476900646,Traffic management coordinator,council,posted,2026-10-08T09:53:46.418142,1974
5cdf3f12f464684a,https://nz.linkedin.com/jobs/view/business-development-coordinator-at-cactus-outdoor-4476972693,Business Development Coordinator,,scraped,2026-10-08T09:53:51.091456,
0d5b9dd35a73617c,https://nz.linkedin.com/jobs/view/iot-engineer-at-gallagher-4475149627,IoT Engineer,,scraped,2026-10-08T09:54:06.044083,
e3dcb596345aa886,https://nz.linkedin.com/jobs/view/senior-associate-property-finance-at-asap-finance-4476945886,Senior Associate - Property Finance,,scraped,2026-10-08T09:54:14.873266,
5b752afd4c028c52,https://nz.linkedin.com/jobs/view/replenishment-leader-at-woolworths-group-4475570094,Replenishment Leader,,scraped,2026-10-08T09:54:23.287814,
a69585991ead6881,https://nz.linkedin.com/jobs/view/graduate-occupational-therapist-new-plymouth-at-habit-health-4475716894,Graduate Occupational Therapist - New Plymouth,,scraped,2026-10-08T09:54:37.897280,
421e2da3ce4030ab,https://nz.linkedin.com/jobs/view/supply-planning-specialist-at-woolworths-group-4477110154,Supply Planning Specialist,,scraped,2026-10-08T09:54:47.624463,
5a50e084b76cf35c,https://nz.linkedin.com/jobs/view/iot-engineer-at-gallagher-animal-management-4476554536,IoT Engineer,,scraped,2026-10-08T09:54:58.861459,
9c786dff501d30a8,https://nz.linkedin.com/jobs/view/senior-clinical-psychologist-at-habit-health-4474659383,Senior Clinical Psychologist,,scraped,2026-10-08T09:55:11.906636,
2e76e494c6e95f6b,https://nz.linkedin.com/jobs/view/senior-analyst-research-and-data-at-civil-aviation-authority-of-new-zealand-4475873845,"Senior Analyst, Research and Data",,scraped,2026-10-08T09:55:55.218284,
cfffae1104499d7b,https://nz.linkedin.com/jobs/view/subsurface-design-engineer-at-syos-aerospace-4441920719,Subsurface Design Engineer,,scraped,2026-10-08T09:56:05.638575,
4cfbcfe673a690be,https://nz.linkedin.com/jobs/view/service-center-team-manager-at-alfa-laval-4476768088,Service Center Team Manager,,scraped,2026-10-08T09:56:21.335453,
cc4532e5b10c50ce,https://nz.linkedin.com/jobs/view/medical-director-%E2%80%93-medical-and-injury-centre-hardygroup-at-hardygroup-4474664597,Medical Director – Medical and Injury Centre | HardyGroup,,scraped,2026-10-08T09:56:40.000702,
54d800d2ff0d30a8,https://nz.linkedin.com/jobs/view/maintenance-engineer-at-fulton-hogan-4475474956,Maintenance Engineer,,scraped,2026-10-08T09:56:59.518034,
340c6b2ea799ca01,https://nz.linkedin.com/jobs/view/inside-sales-representative-at-avnet-4476366622,Inside Sales Representative,Avnet,posted,2026-10-08T09:57:18.098875,1976
fbc203e8ab0fd6f9,https://nz.linkedin.com/jobs/view/key-account-manager-strategic-accounts-anz-at-vertiv-4476530613,Key Account Manager - Strategic Accounts - ANZ,Vertiv,posted,2026-10-08T09:57:27.677160,1978
c42d1ff8754f863a,https://nz.linkedin.com/jobs/view/trade-counter-assistant-papanui-at-reece-group-4476566213,Trade Counter Assistant - Papanui,,scraped,2026-10-08T09:57:30.385003,
78bd05de78205178,https://nz.linkedin.com/jobs/view/duty-manager-hamilton-pools-at-hamilton-city-council-4475703065,Duty Manager - Hamilton Pools,Hamilton City Council,posted,2026-10-08T09:57:52.414762,1930
c3c857d092b8c545,https://nz.linkedin.com/jobs/view/renewable-energy-analyst-graduate-at-renewable-careers-4476583482,Renewable Energy Analyst (Graduate),,scraped,2026-10-08T09:57:54.984810,
295ca8d2242cf4a4,https://nz.linkedin.com/jobs/view/customer-specialist-matamata-advice-centre-at-asb-bank-4474806008,Customer Specialist - Matamata Advice Centre,,scraped,2026-10-08T09:58:01.130236,
656eb7b6188694ff,https://nz.linkedin.com/jobs/view/manager-credit-risk-governance-compliance-at-asb-bank-4474494418,Manager Credit Risk Governance & Compliance,,scraped,2026-10-08T09:58:11.871472,
47daa117d1699e31,https://nz.linkedin.com/jobs/view/department-manager-newmarket-at-h-m-4476972752,Department Manager - Newmarket,H&M,posted,2026-10-08T09:58:37.020966,1980
6805608c942572ea,https://nz.linkedin.com/jobs/view/graduate-and-early-careers-specialist-at-chapman-tripp-4476942004,Graduate and Early Careers Specialist,,scraped,2026-10-08T09:58:43.731134,
3868bf01efe4b3d3,https://nz.linkedin.com/jobs/view/senior-project-manager-at-higgins-4472984537,Senior Project Manager,,scraped,2026-10-08T09:58:51.573379,
e9f4b0250c874e63,https://nz.linkedin.com/jobs/view/sme-client-executive-at-aon-4476947624,SME Client Executive,,scraped,2026-10-08T09:59:00.010963,
67d5021c15a58444,https://nz.linkedin.com/jobs/view/banking-consultant-at-anz-4477106092,Banking Consultant,,scraped,2026-10-08T09:59:06.624148,
f3ba9165952b4add,https://nz.linkedin.com/jobs/view/management-accountant-farming-portfolio-ng%C4%81i-tahu-holdings-corporation-at-te-r%C5%ABnanga-o-ng%C4%81i-tahu-4474800011,Management Accountant - Farming Portfolio | Ngāi Tahu Holdings Corporation,,scraped,2026-10-08T09:59:13.067840,
9ce90fc676df2328,https://nz.linkedin.com/jobs/view/small-commercial-team-leader-at-mercury-nz-4473602858,Small Commercial - Team Leader,,scraped,2026-10-08T10:00:28.924853,
52ab9c02fcc51830,https://nz.linkedin.com/jobs/view/recruitment-coordinator-qube-logistics-at-qube-4476583465,Recruitment Coordinator | Qube Logistics,,scraped,2026-10-08T10:00:42.444833,
9cd820438a385997,https://nz.linkedin.com/jobs/view/market-research-manager-at-university-of-auckland-4476978097,Market Research Manager,University of Auckland,posted,2026-10-08T10:01:01.420680,1982
083f1558a7d6bd12,https://nz.linkedin.com/jobs/view/data-operations-manager-at-genesis-4464409108,Data Operations Manager,Genesis,posted,2026-10-08T10:01:48.764860,1984
88d0f3b22440ef4a,https://nz.linkedin.com/jobs/view/manager-purchasing-at-rocket-lab-4410438792,Manager - Purchasing,Rocket Lab,posted,2026-10-08T10:01:59.981059,1986
69a7cf9529e1143d,https://nz.linkedin.com/jobs/view/electrician-at-morson-talent-4475712364,Electrician,Morson Talent,posted,2026-10-08T10:02:06.838208,42
439d969a5ec27b1f,https://nz.linkedin.com/jobs/view/principal-solicitor-at-public-defence-service-new-zealand-4476544847,Principal Solicitor,,scraped,2026-10-08T10:02:09.484420,
d6859f8768b721af,https://nz.linkedin.com/jobs/view/consulting-nurse-at-dispensed-global-4476161042,Consulting Nurse,,scraped,2026-10-08T10:03:20.447465,
f7403dae44a88c0a,https://nz.linkedin.com/jobs/view/senior-associate-transmission-lines-engineer-at-jacobs-4458166099,Senior Associate Transmission Lines Engineer,Jacobs,posted,2026-10-08T10:03:35.685458,1988
84382e88801c87a7,https://nz.linkedin.com/jobs/view/psychologist-at-apm-new-zealand-4340294452,Psychologist,,scraped,2026-10-08T10:03:38.355114,
2d94ba94f36e4780,https://nz.linkedin.com/jobs/view/digital-workplace-engineer-at-hcltech-australia-and-new-zealand-4476710189,Digital Workplace Engineer,,scraped,2026-10-08T10:03:45.544208,
f71beeb84fc526ce,https://nz.linkedin.com/jobs/view/m365-information-management-specialists-at-tenzing-limited-4475733346,M365 Information Management Specialists,,scraped,2026-10-08T10:03:52.452796,
6dad2a96f614420e,https://nz.linkedin.com/jobs/view/architectural-technicians-archicad-4476531238,Architectural Technicians  - ArchiCAD,Kraftworx Architecture,posted,2026-10-08T10:04:05.729646,1990
aa04fa84130f8c81,https://nz.linkedin.com/jobs/view/divisional-manager-at-consultanz-civil-engineering-construction-surveying-recruitment-4475727278,Divisional Manager,,scraped,2026-10-08T10:04:08.267604,
0154de08c7c0c926,https://nz.linkedin.com/jobs/view/adviser-at-ministry-for-primary-industries-mpi-4475144697,Adviser,,scraped,2026-10-08T10:04:15.759552,
d361ce025771a684,https://nz.linkedin.com/jobs/view/baker-tournant-at-celebrity-cruises-4474234171,Baker Tournant,Celebrity Cruises,posted,2026-10-08T10:04:30.174375,1992
4f877112fd6d736a,https://nz.linkedin.com/jobs/view/senior-software-engineer-at-beca-4475539217,Senior Software Engineer,,scraped,2026-10-08T10:04:32.688074,
83723e1060971e36,https://nz.linkedin.com/jobs/view/technical-operations-manager-at-epl-bio-analytical-services-4476188080,Technical Operations Manager,EPL Bio Analytical Services,posted,2026-10-08T10:04:47.418532,1994
0d1c2ef596867dba,https://nz.linkedin.com/jobs/view/service-technician-at-gallagher-animal-management-4474242424,Service Technician,,scraped,2026-10-08T10:04:50.201504,
8fd3278f8fab72fd,https://nz.linkedin.com/jobs/view/cyber-security-engineer-at-smartfox-4474633772,Cyber Security Engineer,SMARTFOX,posted,2026-10-08T10:05:05.942913,1996
fc3e1603c7b83c8d,https://nz.linkedin.com/jobs/view/territory-manager-kellogs-northshore-northshore-at-mars-4474028467,Territory Manager - Kellogs (Northshore/Northshore),Mars,posted,2026-10-08T10:05:15.833467,1998
c54a3381249a1481,https://nz.linkedin.com/jobs/view/lead-engineer-%E2%80%93-water-infrastructure-strategic-planning-at-ghd-4429601636,Lead Engineer – Water Infrastructure Strategic Planning,,scraped,2026-10-08T10:05:24.592391,
04123fb6c48ab570,https://nz.linkedin.com/jobs/view/team-coordinator-at-kpmg-new-zealand-4475490804,Team Coordinator,KPMG New Zealand,posted,2026-10-08T10:05:41.551963,2000
d13a49e566b36c8c,https://nz.linkedin.com/jobs/view/retail-consultant-papanui-at-reece-group-4476554712,Retail Consultant - Papanui,,scraped,2026-10-08T10:05:44.232108,
05541c63d716cbe4,https://nz.linkedin.com/jobs/view/strategy-manager-personal-banking-at-asb-bank-4473622087,"Strategy Manager, Personal Banking",,scraped,2026-10-08T10:05:51.252385,
13c1902920a1a814,https://nz.linkedin.com/jobs/view/occupational-therapist-palmerston-north-at-habit-health-4475139892,Occupational Therapist - Palmerston North,,scraped,2026-10-08T10:05:59.082267,
f8e3aa2c9c276591,https://nz.linkedin.com/jobs/view/compliance-manager-conduct-risk-risk-culture-at-asb-bank-4477114304,Compliance Manager - Conduct Risk & Risk Culture,,scraped,2026-10-08T10:06:06.602391,
150a0905e68c914a,https://nz.linkedin.com/jobs/view/technical-consultant-dynamics-365-customer-engagement-at-fusion5-4476513579,Technical Consultant - Dynamics 365 Customer Engagement,,scraped,2026-10-08T10:06:12.757556,
8577dda7b87bd723,https://nz.linkedin.com/jobs/view/kitchen-hand-at-star-group-4475943885,Kitchen Hand,,scraped,2026-10-09T09:43:46.619970,
f5edb8d7cb031ca6,https://nz.linkedin.com/jobs/view/engineering-assistant-at-foodstuffs-north-island-limited-4476276124,Engineering Assistant,,scraped,2026-10-09T09:44:07.437877,
19d6a5394d960ede,https://nz.linkedin.com/jobs/view/business-development-representative-at-fitness-passport-4476534477,Business Development Representative,,scraped,2026-10-09T09:44:20.196283,
13dcf664dbfba341,https://nz.linkedin.com/jobs/view/staff-software-engineer-at-kami-4474873961,Staff Software Engineer,Kami,posted,2026-10-09T09:44:41.349495,2002
bd73f13f2e57cb85,https://nz.linkedin.com/jobs/view/store-manager-noel-leeming-thames-at-noel-leeming-4477632805,"Store Manager - Noel Leeming, Thames",Noel Leeming,posted,2026-10-09T09:44:59.435030,2004
f5165dbd3de98b64,https://nz.linkedin.com/jobs/view/microbiologist-at-watercare-services-limited-4477640231,Microbiologist,,scraped,2026-10-09T09:45:14.032846,
1fc1225f50751785,https://nz.linkedin.com/jobs/view/software-engineer-typescript-react-fullstack-at-objective-corporation-4477639428,Software Engineer - Typescript/React Fullstack,,scraped,2026-10-09T09:45:23.009628,
49eb3d3cbcd9f48e,https://nz.linkedin.com/jobs/view/customer-service-manager-at-regus-4477106594,Customer Service Manager,,scraped,2026-10-09T09:45:33.526561,
b394edb5c6372466,https://nz.linkedin.com/jobs/view/store-person-at-early-settler-4475706139,Store Person,,scraped,2026-10-09T09:45:44.725288,
de7691a445375745,https://nz.linkedin.com/jobs/view/insurance-consultant-new-plymouth-full-time-at-aa-new-zealand-4474862749,Insurance Consultant New Plymouth (Full Time),,scraped,2026-10-09T09:45:55.480807,
711c01dc0005ee27,https://nz.linkedin.com/jobs/view/cellarhand-at-db-breweries-4476136312,Cellarhand,,scraped,2026-10-09T09:46:04.283243,
fc1351c25c6601a4,https://nz.linkedin.com/jobs/view/marketing-executive-at-jade-software-corporation-4474861469,Marketing Executive,,scraped,2026-10-09T09:46:13.304488,
2fe52a77dd7d4e84,https://nz.linkedin.com/jobs/view/recruitment-coordinator-wellington-at-spectrum-care-4474869084,Recruitment Coordinator - Wellington,,scraped,2026-10-09T09:46:19.805095,
85d0b8374874fda6,https://nz.linkedin.com/jobs/view/account-director-at-circana-4475777994,Account Director,Circana,posted,2026-10-09T09:46:45.750495,2006
6d07baf8e1d1b5bc,https://nz.linkedin.com/jobs/view/senior-quantity-surveyor-at-roblawmax-recruitment-4475724193,Senior Quantity Surveyor,,scraped,2026-10-09T09:46:52.323118,
4407e47aade86d43,https://nz.linkedin.com/jobs/view/manufacturing-accountant-at-gallagher-4476233540,Manufacturing Accountant,,scraped,2026-10-09T09:46:58.976141,
4c3fab5f86116148,https://nz.linkedin.com/jobs/view/head-of-finance-at-timescapes-4476250571,Head of Finance,,scraped,2026-10-09T09:47:11.897786,
f48fa1bd4590aa2f,https://nz.linkedin.com/jobs/view/director-of-engineering-apac-at-gentrack-ltd-global-4477632890,Director of Engineering APAC,,scraped,2026-10-09T09:47:28.365710,
f7027a6d2d37afc6,https://nz.linkedin.com/jobs/view/bid-manager-at-datacom-4477606883,Bid Manager,Datacom,posted,2026-10-09T09:47:44.759508,869
43d78fe9170d9f26,https://nz.linkedin.com/jobs/view/senior-cybersecurity-consultant-penetration-tester-at-datacom-4477621332,Senior Cybersecurity Consultant - Penetration Tester,Datacom,posted,2026-10-09T09:47:56.757861,1272
0f169b4a19e7721d,https://nz.linkedin.com/jobs/view/senior-cybersecurity-engineer-at-datacom-4477615719,Senior Cybersecurity Engineer,Datacom,posted,2026-10-09T09:48:06.689056,54
a822483c8c03b168,https://nz.linkedin.com/jobs/view/microbiologist-at-watercare-services-limited-4477642089,Microbiologist,,scraped,2026-10-09T09:48:09.330435,
4a7afcc23084b693,https://nz.linkedin.com/jobs/view/microbiologist-at-watercare-services-limited-4477630573,Microbiologist,,scraped,2026-10-09T09:48:15.747701,
45690604ae1454a8,https://nz.linkedin.com/jobs/view/microbiologist-at-watercare-services-limited-4477626665,Microbiologist,,scraped,2026-10-09T09:48:21.993063,
e44a8af00e9c7b91,https://nz.linkedin.com/jobs/view/microbiologist-at-watercare-services-limited-4477635437,Microbiologist,,scraped,2026-10-09T09:48:28.410864,
b51de2c3480ad72b,https://nz.linkedin.com/jobs/view/microbiologist-at-watercare-services-limited-4477627650,Microbiologist,,scraped,2026-10-09T09:48:34.811238,
db706255abf6256b,https://nz.linkedin.com/jobs/view/microbiologist-at-watercare-services-limited-4477639252,Microbiologist,,scraped,2026-10-09T09:48:41.374876,
da8cd860ae1bb183,https://nz.linkedin.com/jobs/view/senior-cybersecurity-consultant-penetration-tester-at-datacom-4477619431,Senior Cybersecurity Consultant - Penetration Tester,Datacom,posted,2026-10-09T09:48:54.939520,1272
27faa18aadb007c4,https://nz.linkedin.com/jobs/view/senior-cybersecurity-consultant-penetration-tester-at-datacom-4477606886,Senior Cybersecurity Consultant - Penetration Tester,Datacom,posted,2026-10-09T09:49:03.019660,1272
f97efaaaad880f8e,https://nz.linkedin.com/jobs/view/senior-m365-specialist-at-datacom-4477603970,Senior M365 Specialist,Datacom,posted,2026-10-09T09:49:12.984538,1488
5880ad63482980e1,https://nz.linkedin.com/jobs/view/skechers-sales-assistant-ormiston-at-skechers-australia-new-zealand-4476244943,Skechers Sales Assistant - Ormiston,,scraped,2026-10-09T09:49:15.519037,
8cb94857a8dfc831,https://nz.linkedin.com/jobs/view/senior-cybersecurity-consultant-penetration-tester-at-datacom-4477603978,Senior Cybersecurity Consultant - Penetration Tester,Datacom,posted,2026-10-09T09:49:27.095059,1272
ade3191e9329eca8,https://nz.linkedin.com/jobs/view/senior-cybersecurity-consultant-at-datacom-4477605996,Senior Cybersecurity Consultant,Datacom,posted,2026-10-09T09:49:39.656447,2008
9473345eb7aedc1a,https://nz.linkedin.com/jobs/view/microbiologist-at-watercare-services-limited-4477633426,Microbiologist,,scraped,2026-10-09T09:49:42.288993,
8dc3a6a719003e81,https://nz.linkedin.com/jobs/view/senior-cybersecurity-consultant-penetration-tester-at-datacom-4477611796,Senior Cybersecurity Consultant - Penetration Tester,Datacom,posted,2026-10-09T09:49:56.293728,1272
5eb5f365515980d8,https://nz.linkedin.com/jobs/view/microbiologist-at-watercare-services-limited-4477621949,Microbiologist,,scraped,2026-10-09T09:50:02.915501,
c53c409f869ff8ba,https://nz.linkedin.com/jobs/view/senior-cybersecurity-consultant-at-datacom-4477603971,Senior Cybersecurity Consultant,Datacom,posted,2026-10-09T09:50:16.635593,2008
a9f4c4053ff5507e,https://nz.linkedin.com/jobs/view/senior-cybersecurity-consultant-application-security-appsec-at-datacom-4477617511,Senior Cybersecurity Consultant - Application Security (AppSec),Datacom,posted,2026-10-09T09:50:24.935918,1290
a2d468ff5891319e,https://nz.linkedin.com/jobs/view/le-labo-auckland-international-airport-full-time-at-the-est%C3%A9e-lauder-companies-inc-4475492612,Le Labo - Auckland International Airport - Full Time,The Estée Lauder Companies Inc.,posted,2026-10-09T09:50:46.743483,2010
fcdfb5b12598d8fe,https://nz.linkedin.com/jobs/view/senior-commercial-analyst-at-tribe-group-4475862852,Senior Commercial Analyst,,scraped,2026-10-09T09:50:53.309547,
2369ac2522435b6b,https://nz.linkedin.com/jobs/view/product-designer-visual-craft-ai-at-envato-4475852881,Product Designer - Visual Craft & AI,,scraped,2026-10-09T09:50:59.558489,
00833bdb3d775547,https://nz.linkedin.com/jobs/view/manufacturing-accountant-at-gallagher-animal-management-4476225695,Manufacturing Accountant,,scraped,2026-10-09T09:51:12.636919,
044eb47598d758d0,https://nz.linkedin.com/jobs/view/landscapers-%E2%80%93-whangarei-branch-at-northscape-4477492928,Landscapers – Whangarei Branch,,scraped,2026-10-09T09:51:26.266399,
426071095cc4e39a,https://nz.linkedin.com/jobs/view/devops-lead-at-socialite-recruitment-ltd-4474223840,DevOps Lead,,scraped,2026-10-09T09:51:34.241848,
2efbf111b2a543b1,https://nz.linkedin.com/jobs/view/support-worker-%E2%80%93taranaki-full-time-permanent-contract-at-community-connections-4476281367,Support Worker –Taranaki | Full-time/Permanent Contract,,scraped,2026-10-09T09:51:41.186815,
4c93b5c21783c2ae,https://nz.linkedin.com/jobs/view/delivery-driver-sas-hastings-at-napa-australia-4476558167,Delivery Driver | SAS Hastings,,scraped,2026-10-09T09:51:54.371450,
6414a0761ba19635,https://nz.linkedin.com/jobs/view/advisor-content-and-channels-kaitohutohu-at-stats-nz-4474028307,Advisor - Content and Channels | Kaitohutohu,,scraped,2026-10-09T09:52:00.812178,
e99bc2bac6db623d,https://nz.linkedin.com/jobs/view/people-lead-eshepherd-at-gallagher-animal-management-4474254127,People Lead - eShepherd,,scraped,2026-10-09T09:52:12.900286,
42f14a72f574eba7,https://nz.linkedin.com/jobs/view/retail-assistant-replenishment-at-woolworths-group-4474592652,Retail Assistant - Replenishment,,scraped,2026-10-09T09:52:21.896424,
cb1c8891f633df35,https://nz.linkedin.com/jobs/view/court-registry-officer-at-public-defence-service-new-zealand-4476997981,Court Registry Officer,,scraped,2026-10-09T09:52:30.899579,
7f72d71967c7fcc9,https://nz.linkedin.com/jobs/view/nz-field-sales-manager-at-mccain-foods-4475772533,NZ Field Sales Manager,,scraped,2026-10-09T09:52:37.974984,
affafa25f111c676,https://nz.linkedin.com/jobs/view/business-development-manager-commercial-solar-at-platinum-energy-4477624182,Business Development Manager - Commercial Solar,,scraped,2026-10-09T09:52:44.597418,
0b0650ee01591336,https://nz.linkedin.com/jobs/view/chief-knowledge-officer-at-ministry-of-business-innovation-and-employment-4475737562,Chief Knowledge Officer,,scraped,2026-10-09T09:52:53.050717,
7d6bf39cd636da03,https://nz.linkedin.com/jobs/view/platform-manager-at-phocas-software-4473699389,Platform Manager,,scraped,2026-10-09T09:53:02.657172,
14420ee1bd468bdf,https://nz.linkedin.com/jobs/view/regional-manager-%E2%80%93-property-management-hawke%E2%80%99s-bay-at-tremains-real-estate-4475739305,Regional Manager – Property Management | Hawke’s Bay,,scraped,2026-10-09T09:53:09.221242,
3f29a9638e964818,https://nz.linkedin.com/jobs/view/senior-building-surveyor-auckland-cbd-at-auckland-council-4476254964,Senior Building Surveyor | Auckland CBD,Auckland Council,posted,2026-10-09T09:53:40.620853,2012
b6cc32df13205ae4,https://nz.linkedin.com/jobs/view/opentext-developer-at-tenzing-limited-4475721794,OpenText Developer,,scraped,2026-10-09T09:53:43.331772,
36cd0153ee33cbcf,https://nz.linkedin.com/jobs/view/principal-modeller-water-networks-at-watercare-services-limited-4477491098,Principal Modeller - Water Networks,,scraped,2026-10-09T09:53:50.579711,
24083d9338340622,https://nz.linkedin.com/jobs/view/senior-software-engineer-at-sg-fleet-au-4477622620,Senior Software Engineer,,scraped,2026-10-09T09:54:05.006139,
1779061ef5c050d6,https://nz.linkedin.com/jobs/view/infrastructure-advisory-advisor-to-director-at-connellgriffin-4475203456,Infrastructure Advisory - Advisor to Director,,scraped,2026-10-09T09:54:21.841869,
0e001638ba3c2cef,https://nz.linkedin.com/jobs/view/critical-environment-technician-manager-data-center-at-microsoft-4476192255,Critical Environment Technician Manager (Data Center),Microsoft,posted,2026-10-09T09:54:51.848304,2014
ea5a2901e2cc5f01,https://nz.linkedin.com/jobs/view/finance-business-partner-at-qube-4474423811,Finance Business Partner,Qube,posted,2026-10-09T09:54:59.899880,144
97e0e43536bc0275,https://nz.linkedin.com/jobs/view/partner-at-walker-smith-4474856533,Partner,,scraped,2026-10-09T09:55:02.556060,
ed94eab20a9cf166,https://nz.linkedin.com/jobs/view/corporate-account-manager-at-ecolab-4477626331,Corporate Account Manager,Ecolab,posted,2026-10-09T09:55:19.483534,2016
b1751cf9a4aa1990,https://nz.linkedin.com/jobs/view/senior-data-engineer-wherescape-at-synechron-4475426347,Senior Data Engineer (Wherescape),Synechron,posted,2026-10-09T09:55:28.680363,2018
6de0381df26c9d5e,https://nz.linkedin.com/jobs/view/oracle-hcm-systems-specialist-at-transpower-new-zealand-4474898622,Oracle HCM Systems Specialist,,scraped,2026-10-09T09:55:33.302870,
34f8ef070aee66a5,https://nz.linkedin.com/jobs/view/people-culture-business-analyst-at-beca-4475163745,People & Culture Business Analyst,,scraped,2026-10-09T09:55:41.204383,
c5fecafaa1397ee5,https://nz.linkedin.com/jobs/view/electricity-programme-governance-integration-at-vector-limited-4476911862,Electricity Programme Governance & Integration,,scraped,2026-10-09T09:55:51.128953,
89af05cffdfcf3d9,https://nz.linkedin.com/jobs/view/it-on-site-support-specialist-at-wsp-4474898645,IT On-Site Support Specialist,WSP,posted,2026-10-09T09:56:10.454453,2020
fdf056125431d761,https://nz.linkedin.com/jobs/view/customer-service-representative-bnt-otahuhu-at-bapcor-limited-4477496050,Customer Service Representative - BNT Otahuhu,,scraped,2026-10-09T09:56:17.058145,
bcfb75f2a9ce7e88,https://nz.linkedin.com/jobs/view/senior-cybersecurity-consultant-application-security-appsec-at-datacom-4477609802,Senior Cybersecurity Consultant - Application Security (AppSec),Datacom,posted,2026-10-09T09:56:31.445934,1290
5e126d82a0dedb56,https://nz.linkedin.com/jobs/view/senior-tech-lead-ai-engineer-at-datacom-4477609805,Senior / Tech Lead AI Engineer,Datacom,posted,2026-10-09T09:56:39.377600,589
9c1140a481d9c565,https://nz.linkedin.com/jobs/view/butchery-specialist-at-foodstuffs-north-island-limited-4475729281,Butchery Specialist,,scraped,2026-10-09T09:56:46.164867,
3e1af42cbd939146,https://nz.linkedin.com/jobs/view/registered-hand-therapist-at-habit-health-4474228568,Registered Hand Therapist,,scraped,2026-10-09T09:56:54.890744,
4ab43bfab981f6ae,https://nz.linkedin.com/jobs/view/primary-teacher-at-acg-schools-4477612715,Primary Teacher,,scraped,2026-10-09T09:57:06.314566,
1a3a27c6e360bc54,https://nz.linkedin.com/jobs/view/retail-assistant-replenishment-at-woolworths-group-4477491226,Retail Assistant - Replenishment,,scraped,2026-10-09T09:57:14.576909,
343165322acb0077,https://nz.linkedin.com/jobs/view/solution-architect-at-datacom-4477626006,Solution Architect,Datacom,posted,2026-10-09T09:57:34.614987,1083
96a37e3ce175bca6,https://nz.linkedin.com/jobs/view/senior-software-engineer-b4b-at-serko-4475539050,Senior Software Engineer - B4B,,scraped,2026-10-09T09:57:37.273073,
c524c58c722ab142,https://nz.linkedin.com/jobs/view/psychology-english-teacher-at-acg-schools-4476973639,Psychology/English Teacher,,scraped,2026-10-09T09:57:47.663545,
0ed771b368c821f0,https://nz.linkedin.com/jobs/view/solution-architect-at-datacom-4477623125,Solution Architect,Datacom,posted,2026-10-09T09:57:59.964296,1083
a253528faad56268,https://nz.linkedin.com/jobs/view/account-manager-collision-at-partly-4476219407,"Account Manager, Collision",Partly,posted,2026-10-09T09:58:10.260465,2022
1dc0d7397398fa35,https://nz.linkedin.com/jobs/view/executive-advisor-chief-executive-at-christchurch-city-council-4474894301,Executive Advisor - Chief Executive,,scraped,2026-10-09T09:58:12.895522,
3b47b48e9047e093,https://nz.linkedin.com/jobs/view/revenue-operations-manager-nz-at-halter-4475960793,Revenue Operations Manager - NZ,,scraped,2026-10-09T09:58:31.525117,
fe35c0c0deb7f8b9,https://nz.linkedin.com/jobs/view/software-asset-management-analyst-at-auckland-council-4476226890,Software Asset Management Analyst,Auckland Council,posted,2026-10-09T09:58:51.956768,2024
fb633e659de138d3,https://nz.linkedin.com/jobs/view/governance-coordinator-at-ministry-of-justice-new-zealand-4476536682,Governance Coordinator,,scraped,2026-10-09T09:58:54.519519,
083cd06512fae357,https://nz.linkedin.com/jobs/view/solution-specialists-at-microsoft-4476196161,Solution Specialists,Microsoft,posted,2026-10-09T09:59:09.471537,745
d7fe4e5984d095ae,https://nz.linkedin.com/jobs/view/project-manager-at-hamilton-city-council-4475997938,Project Manager,Hamilton City Council,posted,2026-10-09T09:59:44.143212,2026
4d758975ea1b8620,https://nz.linkedin.com/jobs/view/national-facility-manager-at-iss-facility-services-australia-and-new-zealand-4476224039,National Facility Manager,,scraped,2026-10-09T09:59:48.765981,
165ddef10c7cddb3,https://nz.linkedin.com/jobs/view/analyst-senior-analyst-at-the-treasury-new-zealand-4476288300,Analyst / Senior Analyst,,scraped,2026-10-09T09:59:56.384437,
3ebbfc4a51371039,https://nz.linkedin.com/jobs/view/drainage-excavator-operator-at-westroads-nz-4474894743,Drainage Excavator Operator,,scraped,2026-10-09T10:00:14.599065,
f4a23ca95f50e0a0,https://nz.linkedin.com/jobs/view/commercial-manager-at-fulton-hogan-4475141479,Commercial Manager,,scraped,2026-10-09T10:00:24.995862,
7ddf1c0b3cf0961b,https://nz.linkedin.com/jobs/view/mac-artist-beauty-advisor-freestanding-store-auckland-at-the-est%C3%A9e-lauder-companies-inc-4475708082,MAC Artist/Beauty Advisor - Freestanding Store - Auckland,The Estée Lauder Companies Inc.,posted,2026-10-09T10:00:41.149265,2028
d18833a44c18276c,https://nz.linkedin.com/jobs/view/kennel-team-leader-at-hamilton-city-council-4476204908,Kennel Team Leader,Hamilton City Council,posted,2026-10-09T10:01:05.612609,2030
e4e93bd898de7dff,https://nz.linkedin.com/jobs/view/service-electrician-at-aotea-group-4475729107,Service Electrician,,scraped,2026-10-09T10:01:12.303686,
679da4abcdb16257,https://nz.linkedin.com/jobs/view/account-assistant-4474863126,Account Assistant,Truck and Coach Servies Limited,posted,2026-10-09T10:01:37.757432,2032
d83c37ca97ee0adf,https://nz.linkedin.com/jobs/view/electrical-fitter-at-northpower-4476962527,Electrical Fitter,,scraped,2026-10-09T10:01:42.416520,
df8c01801356dd20,https://nz.linkedin.com/jobs/view/associate-site-reliability-engineer-sre-multicloud-platform-at-workday-4474033317,Associate Site Reliability Engineer (SRE) - Multicloud Platform,Workday,posted,2026-10-09T10:02:08.097343,2034
b77e382ef62a28da,https://nz.linkedin.com/jobs/view/finance-business-partner-at-spark-new-zealand-4475710096,Finance Business Partner,,scraped,2026-10-09T10:02:12.907187,
ec68dcf4e05370ca,https://nz.linkedin.com/jobs/view/christchurch-head-coach-retail-store-manager-at-lskd-4475200549,Christchurch Head Coach (Retail Store Manager),,scraped,2026-10-09T10:02:25.965095,
7914cf8caf03fe72,https://nz.linkedin.com/jobs/view/control-systems-architect-at-watercare-services-limited-4475753096,Control Systems Architect,,scraped,2026-10-09T10:02:36.601318,
ab2e39fd633cb680,https://nz.linkedin.com/jobs/view/executive-advisor-regulatory-at-nz-transport-agency-waka-kotahi-4476265662,Executive Advisor - Regulatory,NZ Transport Agency Waka Kotahi,posted,2026-10-09T10:02:55.446556,2036
4255af658867c2ec,https://nz.linkedin.com/jobs/view/account-executive-loyalty-at-gratifii-limited-4475714886,Account Executive - Loyalty,,scraped,2026-10-09T10:02:58.488807,
dbd7a8593c8fd3a0,https://nz.linkedin.com/jobs/view/commercial-relationship-associate-at-anz-4477631329,Commercial Relationship Associate,,scraped,2026-10-09T10:03:07.512285,
e79b8b18d36de581,https://nz.linkedin.com/jobs/view/services-consultant-sr-at-dayforce-4466233568,Services Consultant Sr,Dayforce,posted,2026-10-09T10:03:18.232139,445
b041ba6ab21b9d06,https://nz.linkedin.com/jobs/view/aoc-operator-at-fusion5-4477472170,AOC Operator,,scraped,2026-10-09T10:03:20.903736,
cbab8d4ccb3504a2,https://nz.linkedin.com/jobs/view/senior-engineer-azure-cloud-devops-at-lab3-4474668320,Senior Engineer - Azure Cloud & DevOps,,scraped,2026-10-09T10:03:28.373191,
7fc4a0ac2367ae33,https://nz.linkedin.com/jobs/view/environmental-coordinator-at-mccain-foods-4476122633,Environmental Coordinator,,scraped,2026-10-09T10:03:34.777757,
89e8e0e1f3d0340b,https://nz.linkedin.com/jobs/view/information-technology-project-manager-at-uara-digital-limited-4477109511,Information Technology Project Manager,,scraped,2026-10-09T10:03:45.322531,
c81a9a75a193e895,https://nz.linkedin.com/jobs/view/finance-manager-at-brendan-foot-supersite-4476939592,Finance Manager,,scraped,2026-10-09T10:03:51.497997,
3c9a6a5751078995,https://nz.linkedin.com/jobs/view/senior-solution-specialist-m365-at-datacom-4477610767,Senior Solution Specialist | M365,Datacom,posted,2026-10-09T10:04:05.543361,138
f14d854ea8e6ee3b,https://nz.linkedin.com/jobs/view/senior-solution-specialist-m365-at-datacom-4477626010,Senior Solution Specialist | M365,Datacom,posted,2026-10-09T10:04:18.157928,138
2405f334574ce56d,https://nz.linkedin.com/jobs/view/devops-engineer-at-zuru-4475932799,DevOps Engineer,,scraped,2026-10-09T10:04:28.800370,
39a2360cbfbc788d,https://nz.linkedin.com/jobs/view/automotive-parts-interpreter-repco-lunn-ave-at-repco-4475532674,Automotive Parts Interpreter | Repco Lunn Ave,Repco,posted,2026-10-09T10:04:53.396430,2038
9974ed6e2d3ec41e,https://nz.linkedin.com/jobs/view/vineyard-operator-at-treasury-wine-estates-4474886552,Vineyard Operator,,scraped,2026-10-09T10:04:56.026922,
2a06b0a8048ca418,https://nz.linkedin.com/jobs/view/plumber-at-stellar-recruitment-4471271527,Plumber,,scraped,2026-10-09T10:05:03.203040,
7fccfe9e807d1430,https://nz.linkedin.com/jobs/view/senior-associate-risk-compliance-governance-at-marsh-4476544535,"Senior Associate - Risk, Compliance & Governance",Marsh,posted,2026-10-09T10:05:22.157743,2040
a9628525f8994898,https://nz.linkedin.com/jobs/view/caf%C3%A9-team-leader-at-waitangi-treaty-grounds-4476926678,Café Team Leader,Waitangi Treaty Grounds,posted,2026-10-09T10:05:34.629362,2042
48ac0fd1e5c6263a,https://nz.linkedin.com/jobs/view/senior-security-operations-analyst-at-xero-4476587277,Senior Security Operations Analyst,,scraped,2026-10-09T10:05:37.343856,
0488f7f1e2f4cace,https://nz.linkedin.com/jobs/view/dso-operational-systems-engineer-at-powerco-4475204053,DSO Operational Systems Engineer,,scraped,2026-10-09T10:05:45.978087,
9f6694fdc75f9d49,https://nz.linkedin.com/jobs/view/manager-talent-acquisition-at-aia-nz-4477650492,"Manager, Talent Acquisition",,scraped,2026-10-09T10:05:54.331310,
a317bb70ac078136,https://nz.linkedin.com/jobs/view/lead-operations-software-at-rocket-lab-4474857682,"Lead, Operations Software",Rocket Lab,posted,2026-10-09T10:06:09.446487,2044
dcc7bb871cdc5eea,https://nz.linkedin.com/jobs/view/senior-data-engineer-at-dataengine-4476202528,Senior Data Engineer,,scraped,2026-10-09T10:06:20.034419,
45b8fecb4f3bbfa6,https://nz.linkedin.com/jobs/view/senior-engineer-azure-cloud-devops-at-lab3-4474680040,Senior Engineer - Azure Cloud & DevOps,,scraped,2026-10-09T10:06:26.613796,
22d14b5fc6e23a90,https://nz.linkedin.com/jobs/view/senior-manager-audit-at-bdo-in-new-zealand-4475512770,Senior Manager - Audit,,scraped,2026-10-09T10:06:36.743873,
26313faa63c17e20,https://nz.linkedin.com/jobs/view/trade-orders-team-member-mitre-10-mega-hornby-at-mitre-10-new-zealand-limited-4473482321,Trade Orders Team Member - Mitre 10 MEGA Hornby,,scraped,2026-10-09T10:06:45.359972,
57bf87849a03db5d,https://nz.linkedin.com/jobs/view/delivery-driver-dunedin-at-reece-group-4477110525,Delivery Driver - Dunedin,,scraped,2026-10-09T10:07:04.899730,
70fb24e36de22235,https://nz.linkedin.com/jobs/view/science-technician-at-acg-schools-4477193383,Science Technician,,scraped,2026-10-09T10:07:15.245513,
8206fb79790dc2ff,https://nz.linkedin.com/jobs/view/electrical-installation-at-efs-solar-new-zealand-4475510238,Electrical & Installation,,scraped,2026-10-09T10:07:21.870452,
6555bfceac067883,https://nz.linkedin.com/jobs/view/customer-experience-analyst-at-aia-nz-4476378380,Customer Experience Analyst,,scraped,2026-10-09T10:07:30.412536,
9de6c1d770a53ca9,https://nz.linkedin.com/jobs/view/cybercx-security-engineering-consultant-at-cybercx-4477111009,CyberCX - Security Engineering Consultant,CyberCX,posted,2026-10-09T10:07:46.015558,2046
e4c2031970fb3f03,https://nz.linkedin.com/jobs/view/catering-front-of-house-supervisor-transport-world-at-hw-richardson-group-4476527149,Catering & Front of House Supervisor - Transport World,,scraped,2026-10-09T10:07:48.544509,
4d16eeb14865fb09,https://nz.linkedin.com/jobs/view/graduate-structural-engineer-at-ascent-structures-4477470768,Graduate Structural Engineer,,scraped,2026-10-09T10:08:01.198327,
831730356bdce291,https://nz.linkedin.com/jobs/view/senior-analyst-monitoring-evaluation-at-tribe-group-4476378854,Senior Analyst Monitoring & Evaluation,,scraped,2026-10-09T10:08:07.656265,
2fb5ac35d8d8bf76,https://nz.linkedin.com/jobs/view/chief-of-staff-to-the-governor-at-reserve-bank-of-new-zealand-4474480601,Chief of Staff to the Governor,Reserve Bank of New Zealand,posted,2026-10-09T10:08:25.322844,2048
1ac97edb3a5a16fa,https://nz.linkedin.com/jobs/view/village-manager-at-summerset-retirement-villages-4477626761,Village Manager,,scraped,2026-10-09T10:08:29.922048,
449d53aa6608ddb3,https://nz.linkedin.com/jobs/view/digital-workspace-engineer-at-k%C4%81inga-ora-homes-and-communities-4474432047,Digital Workspace Engineer,,scraped,2026-10-09T10:08:46.676208,
3413c2bf916dcb0c,https://nz.linkedin.com/jobs/view/renewable-energy-analyst-graduate-at-renewable-careers-4477658535,Renewable Energy Analyst (Graduate),,scraped,2026-10-09T10:09:12.863021,
fb470cde300da3ef,https://nz.linkedin.com/jobs/view/calibration-laboratory-technician-at-intellihub-group-4474893368,Calibration Laboratory Technician,,scraped,2026-10-09T10:09:19.025623,
34b996dec88f194d,https://nz.linkedin.com/jobs/view/assurance-audit-manager-financial-services-at-pwc-new-zealand-4477495911,Assurance - Audit Manager - Financial Services,PwC New Zealand,posted,2026-10-09T10:09:39.672532,2050
5559925fd714782d,https://nz.linkedin.com/jobs/view/venue-technical-manager-at-central-otago-district-council-4477413540,Venue Technical Manager,Central Otago District Council,posted,2026-10-09T10:09:51.512835,2052
29c438d1dd8efb32,https://nz.linkedin.com/jobs/view/payroll-administrator-at-tranzit-group-4475411069,Payroll Administrator,,scraped,2026-10-09T10:09:56.167831,
dabe75e7416a270f,https://nz.linkedin.com/jobs/view/senior-software-test-engineer-new-zealand-at-aviat-networks-4477142798,Senior Software Test Engineer New Zealand,Aviat Networks,posted,2026-10-09T10:10:11.644906,2054
4d25a443c34c1ae0,https://nz.linkedin.com/jobs/view/senior-consultant-workday-at-datacom-4477614587,Senior Consultant - Workday,Datacom,posted,2026-10-09T10:10:31.766664,473
1b49e31d192ff9fb,https://nz.linkedin.com/jobs/view/senior-consultant-workday-at-datacom-4477626001,Senior Consultant - Workday,Datacom,posted,2026-10-09T10:10:40.110417,473
349787586214c6f7,https://nz.linkedin.com/jobs/view/salesforce-technical-consultant-at-datacom-4477625001,Salesforce Technical Consultant,Datacom,posted,2026-10-09T10:11:06.025627,571
